benchmark,instance_id,files,added_lines,deleted_lines,changed_lines
QFEA-Bench,openfermion_151_352,27,2524,396,2920
QFEA-Bench,openfermion_207_212,3,108,3,111
QFEA-Bench,openfermion_246_306,6,181,31,212
QFEA-Bench,openfermion_258_262,2,40,21,61
QFEA-Bench,openfermion_259_283,3,245,48,293
QFEA-Bench,openfermion_37_114,4,191,0,191
QFEA-Bench,openfermion_457_549,4,88,20,108
QFEA-Bench,openfermion_458_501,2,329,0,329
QFEA-Bench,openfermion_469_474,1,29,5,34
QFEA-Bench,openfermion_46_61,11,350,333,683
QFEA-Bench,openfermion_542_589,2,101,6,107
QFEA-Bench,openfermion_752_753,1,544,5,549
QFEA-Bench,pennylane_166_588,5,380,24,404
QFEA-Bench,pennylane_2492_3742,2,70,18,88
QFEA-Bench,pennylane_3982_3977,2,91,50,141
QFEA-Bench,pennylane_4881_4928,3,168,5,173
QFEA-Bench,pennylane_5759_5773,6,235,22,257
QFEA-Bench,pennylane_5895_5920,2,65,0,65
QFEA-Bench,pennylane_991_1062,3,72,26,98
QFEA-Bench,qiskit_finance_54_57,3,72,2,74
QFEA-Bench,qiskit_finance_72_112,6,56,22,78
QFEA-Bench,qiskit_machine_learning_112_151,6,73,10,83
QFEA-Bench,qiskit_machine_learning_113_115,6,45,13,58
QFEA-Bench,qiskit_machine_learning_226_219,2,154,6,160
QFEA-Bench,qiskit_machine_learning_227_244,8,975,40,1015
QFEA-Bench,qiskit_machine_learning_320_412,5,381,101,482
QFEA-Bench,qiskit_machine_learning_326_360,9,915,12,927
QFEA-Bench,qiskit_machine_learning_328_348,2,50,28,78
QFEA-Bench,qiskit_machine_learning_340_364,5,380,2,382
QFEA-Bench,qiskit_machine_learning_367_540,7,146,69,215
QFEA-Bench,qiskit_machine_learning_385_404,4,215,53,268
QFEA-Bench,qiskit_machine_learning_387_398,2,61,17,78
QFEA-Bench,qiskit_machine_learning_400_436,8,568,74,642
QFEA-Bench,qiskit_machine_learning_401_470,4,440,32,472
QFEA-Bench,qiskit_machine_learning_44_73,6,166,66,232
QFEA-Bench,qiskit_machine_learning_505_569,4,312,4,316
QFEA-Bench,qiskit_machine_learning_551_548,4,182,19,201
QFEA-Bench,qiskit_machine_learning_557_558,2,56,5,61
QFEA-Bench,qiskit_machine_learning_597_609,3,143,22,165
QFEA-Bench,qiskit_machine_learning_62_143,2,43,1,44
QFEA-Bench,qiskit_machine_learning_638_639,6,179,25,204
QFEA-Bench,qiskit_machine_learning_63_102,3,81,37,118
QFEA-Bench,qiskit_machine_learning_90_117,9,34,10,44
QFEA-Bench,qiskit_machine_learning_920_924,6,112,47,159
QFEA-Bench,qiskit_machine_learning_960_1021,4,228,4,232
QFEA-Bench,qiskit_nature_1257_1270,5,542,2,544
QFEA-Bench,qiskit_nature_129_161,2,21,1,22
QFEA-Bench,qiskit_nature_129_341,3,69,0,69
QFEA-Bench,qiskit_nature_1345_1356,5,270,3,273
QFEA-Bench,qiskit_nature_167_220,48,2162,492,2654
QFEA-Bench,qiskit_nature_174_862,8,238,14,252
QFEA-Bench,qiskit_nature_22_35,10,460,979,1439
QFEA-Bench,qiskit_nature_243_263,57,3060,1246,4306
QFEA-Bench,qiskit_nature_252_318,6,42,36,78
QFEA-Bench,qiskit_nature_271_286,2,13,0,13
QFEA-Bench,qiskit_nature_337_520,5,271,0,271
QFEA-Bench,qiskit_nature_375_380,3,83,28,111
QFEA-Bench,qiskit_nature_3_25,34,961,1393,2354
QFEA-Bench,qiskit_nature_42_49,34,595,76,671
QFEA-Bench,qiskit_nature_45_50,14,531,207,738
QFEA-Bench,qiskit_nature_460_482,4,379,1,380
QFEA-Bench,qiskit_nature_465_472,3,31,3,34
QFEA-Bench,qiskit_nature_477_481,2,16,2,18
QFEA-Bench,qiskit_nature_47_77,3,371,163,534
QFEA-Bench,qiskit_nature_493_506,3,97,84,181
QFEA-Bench,qiskit_nature_541_544,2,19,0,19
QFEA-Bench,qiskit_nature_563_620,9,366,51,417
QFEA-Bench,qiskit_nature_571_632,15,722,344,1066
QFEA-Bench,qiskit_nature_577_591,3,143,0,143
QFEA-Bench,qiskit_nature_582_1313,8,194,8,202
QFEA-Bench,qiskit_nature_665_756,3,212,0,212
QFEA-Bench,qiskit_nature_669_731,3,165,0,165
QFEA-Bench,qiskit_nature_683_684,12,409,120,529
QFEA-Bench,qiskit_nature_6_624,4,237,1,238
QFEA-Bench,qiskit_nature_715_716,2,28,2,30
QFEA-Bench,qiskit_nature_787_799,8,568,0,568
QFEA-Bench,qiskit_nature_795_1188,6,480,2,482
QFEA-Bench,qiskit_nature_828_891,3,109,33,142
QFEA-Bench,qiskit_nature_82_96,4,282,39,321
QFEA-Bench,qiskit_nature_847_1043,4,634,193,827
QFEA-Bench,qiskit_nature_848_858,5,150,0,150
QFEA-Bench,qiskit_nature_861_904,1,14,0,14
QFEA-Bench,qiskit_nature_865_890,2,98,67,165
QFEA-Bench,qiskit_nature_866_870,10,414,78,492
QFEA-Bench,qiskit_nature_881_903,3,320,48,368
QFEA-Bench,qiskit_nature_918_1046,3,146,1,147
QFEA-Bench,qiskit_nature_919_920,1,78,24,102
QFEA-Bench,qiskit_nature_91_729,4,154,44,198
QFEA-Bench,qiskit_nature_955_964,11,81,26,107
QFEA-Bench,qiskit_nature_956_1027,4,147,1,148
QFEA-Bench,qiskit_nature_957_1038,4,462,0,462
QFEA-Bench,qiskit_nature_958_1085,7,884,1,885
QFEA-Bench,qiskit_nature_973_1018,5,157,72,229
QFEA-Bench,qiskit_nature_9_232,4,619,0,619
QFEA-Bench,qiskit_optimization_133_139,2,61,34,95
QFEA-Bench,qiskit_optimization_13_163,2,207,104,311
QFEA-Bench,qiskit_optimization_40_157,5,382,1,383
QFEA-Bench,qiskit_optimization_41_114,12,153,94,247
QFEA-Bench,qiskit_optimization_425_436,13,248,110,358
QFEA-Bench,qiskit_optimization_433_467,5,101,41,142
QFEA-Bench,qiskit_optimization_473_487,17,3767,14,3781
QFEA-Bench,qiskit_optimization_628_646,2,22,5,27
QFEA-Bench,qiskit_optimization_80_122,25,826,5013,5839
QFEA-Bench,qiskit_optimization_8_18,11,677,15,692
QFEA-Bench,tangelo_384_398,10,120,29,149
QFEA-Bench,tangelo_387_390,3,27,7,34
SWE-bench Verified,astropy__astropy-12907,1,1,1,2
SWE-bench Verified,astropy__astropy-13033,1,11,3,14
SWE-bench Verified,astropy__astropy-13236,1,0,7,7
SWE-bench Verified,astropy__astropy-13398,4,202,13,215
SWE-bench Verified,astropy__astropy-13453,1,2,0,2
SWE-bench Verified,astropy__astropy-13579,1,3,1,4
SWE-bench Verified,astropy__astropy-13977,1,56,39,95
SWE-bench Verified,astropy__astropy-14096,1,2,4,6
SWE-bench Verified,astropy__astropy-14182,1,31,10,41
SWE-bench Verified,astropy__astropy-14309,1,2,3,5
SWE-bench Verified,astropy__astropy-14365,1,2,2,4
SWE-bench Verified,astropy__astropy-14369,2,32,33,65
SWE-bench Verified,astropy__astropy-14508,1,5,19,24
SWE-bench Verified,astropy__astropy-14539,1,1,1,2
SWE-bench Verified,astropy__astropy-14598,1,2,2,4
SWE-bench Verified,astropy__astropy-14995,1,2,2,4
SWE-bench Verified,astropy__astropy-7166,1,3,7,10
SWE-bench Verified,astropy__astropy-7336,1,1,1,2
SWE-bench Verified,astropy__astropy-7606,1,7,3,10
SWE-bench Verified,astropy__astropy-7671,1,9,0,9
SWE-bench Verified,astropy__astropy-8707,2,66,9,75
SWE-bench Verified,astropy__astropy-8872,1,4,7,11
SWE-bench Verified,django__django-10097,1,1,1,2
SWE-bench Verified,django__django-10554,2,10,1,11
SWE-bench Verified,django__django-10880,1,1,1,2
SWE-bench Verified,django__django-10914,1,1,1,2
SWE-bench Verified,django__django-10973,1,4,33,37
SWE-bench Verified,django__django-10999,1,4,3,7
SWE-bench Verified,django__django-11066,1,1,1,2
SWE-bench Verified,django__django-11087,1,25,5,30
SWE-bench Verified,django__django-11095,1,5,1,6
SWE-bench Verified,django__django-11099,1,2,2,4
SWE-bench Verified,django__django-11119,1,1,1,2
SWE-bench Verified,django__django-11133,1,1,1,2
SWE-bench Verified,django__django-11138,4,40,29,69
SWE-bench Verified,django__django-11141,1,4,6,10
SWE-bench Verified,django__django-11149,1,30,26,56
SWE-bench Verified,django__django-11163,1,1,1,2
SWE-bench Verified,django__django-11179,1,1,0,1
SWE-bench Verified,django__django-11206,1,8,0,8
SWE-bench Verified,django__django-11211,1,4,0,4
SWE-bench Verified,django__django-11239,1,12,0,12
SWE-bench Verified,django__django-11265,1,8,3,11
SWE-bench Verified,django__django-11276,1,5,21,26
SWE-bench Verified,django__django-11292,1,8,3,11
SWE-bench Verified,django__django-11299,1,1,1,2
SWE-bench Verified,django__django-11333,2,7,3,10
SWE-bench Verified,django__django-11400,3,19,7,26
SWE-bench Verified,django__django-11433,1,5,2,7
SWE-bench Verified,django__django-11451,1,2,0,2
SWE-bench Verified,django__django-11477,1,1,1,2
SWE-bench Verified,django__django-11490,1,1,0,1
SWE-bench Verified,django__django-11532,5,16,10,26
SWE-bench Verified,django__django-11551,1,21,21,42
SWE-bench Verified,django__django-11555,1,3,0,3
SWE-bench Verified,django__django-11603,1,2,0,2
SWE-bench Verified,django__django-11728,1,12,10,22
SWE-bench Verified,django__django-11734,3,4,6,10
SWE-bench Verified,django__django-11740,1,4,1,5
SWE-bench Verified,django__django-11749,1,9,1,10
SWE-bench Verified,django__django-11790,1,3,1,4
SWE-bench Verified,django__django-11815,1,4,3,7
SWE-bench Verified,django__django-11820,1,7,1,8
SWE-bench Verified,django__django-11848,1,7,3,10
SWE-bench Verified,django__django-11880,1,1,0,1
SWE-bench Verified,django__django-11885,2,70,60,130
SWE-bench Verified,django__django-11951,1,2,1,3
SWE-bench Verified,django__django-11964,1,7,1,8
SWE-bench Verified,django__django-11999,1,6,2,8
SWE-bench Verified,django__django-12039,1,9,3,12
SWE-bench Verified,django__django-12050,1,4,15,19
SWE-bench Verified,django__django-12125,1,1,1,2
SWE-bench Verified,django__django-12143,1,3,1,4
SWE-bench Verified,django__django-12155,2,6,17,23
SWE-bench Verified,django__django-12193,1,1,3,4
SWE-bench Verified,django__django-12209,1,1,0,1
SWE-bench Verified,django__django-12262,1,1,1,2
SWE-bench Verified,django__django-12273,1,3,0,3
SWE-bench Verified,django__django-12276,1,3,3,6
SWE-bench Verified,django__django-12304,1,1,0,1
SWE-bench Verified,django__django-12308,1,5,0,5
SWE-bench Verified,django__django-12325,2,2,6,8
SWE-bench Verified,django__django-12406,2,10,7,17
SWE-bench Verified,django__django-12419,1,1,1,2
SWE-bench Verified,django__django-12663,1,2,1,3
SWE-bench Verified,django__django-12708,1,6,1,7
SWE-bench Verified,django__django-12713,1,19,11,30
SWE-bench Verified,django__django-12741,2,6,3,9
SWE-bench Verified,django__django-12754,1,10,0,10
SWE-bench Verified,django__django-12774,1,11,1,12
SWE-bench Verified,django__django-12858,1,3,1,4
SWE-bench Verified,django__django-12965,1,2,0,2
SWE-bench Verified,django__django-13012,1,3,0,3
SWE-bench Verified,django__django-13023,1,1,1,2
SWE-bench Verified,django__django-13028,1,4,1,5
SWE-bench Verified,django__django-13033,1,6,1,7
SWE-bench Verified,django__django-13089,1,6,3,9
SWE-bench Verified,django__django-13109,1,1,1,2
SWE-bench Verified,django__django-13112,1,5,1,6
SWE-bench Verified,django__django-13121,4,25,45,70
SWE-bench Verified,django__django-13128,1,24,19,43
SWE-bench Verified,django__django-13158,1,3,0,3
SWE-bench Verified,django__django-13195,3,16,6,22
SWE-bench Verified,django__django-13212,2,19,25,44
SWE-bench Verified,django__django-13279,1,9,0,9
SWE-bench Verified,django__django-13297,1,2,3,5
SWE-bench Verified,django__django-13315,1,10,2,12
SWE-bench Verified,django__django-13343,1,3,1,4
SWE-bench Verified,django__django-13344,3,12,20,32
SWE-bench Verified,django__django-13346,1,25,0,25
SWE-bench Verified,django__django-13363,1,2,2,4
SWE-bench Verified,django__django-13401,1,23,3,26
SWE-bench Verified,django__django-13406,1,2,0,2
SWE-bench Verified,django__django-13410,1,7,4,11
SWE-bench Verified,django__django-13417,1,6,1,7
SWE-bench Verified,django__django-13449,1,11,1,12
SWE-bench Verified,django__django-13512,2,3,2,5
SWE-bench Verified,django__django-13513,1,23,21,44
SWE-bench Verified,django__django-13516,1,4,0,4
SWE-bench Verified,django__django-13551,1,6,4,10
SWE-bench Verified,django__django-13568,1,4,1,5
SWE-bench Verified,django__django-13569,1,3,0,3
SWE-bench Verified,django__django-13590,1,5,1,6
SWE-bench Verified,django__django-13658,1,6,1,7
SWE-bench Verified,django__django-13670,1,2,2,4
SWE-bench Verified,django__django-13741,1,1,14,15
SWE-bench Verified,django__django-13786,1,5,1,6
SWE-bench Verified,django__django-13794,1,6,0,6
SWE-bench Verified,django__django-13807,1,8,3,11
SWE-bench Verified,django__django-13809,1,7,2,9
SWE-bench Verified,django__django-13810,1,4,2,6
SWE-bench Verified,django__django-13820,1,9,5,14
SWE-bench Verified,django__django-13821,1,4,2,6
SWE-bench Verified,django__django-13837,1,5,5,10
SWE-bench Verified,django__django-13925,1,5,0,5
SWE-bench Verified,django__django-13933,1,5,1,6
SWE-bench Verified,django__django-13964,1,1,1,2
SWE-bench Verified,django__django-14007,1,15,6,21
SWE-bench Verified,django__django-14011,2,24,0,24
SWE-bench Verified,django__django-14017,1,1,1,2
SWE-bench Verified,django__django-14034,1,12,2,14
SWE-bench Verified,django__django-14053,1,15,4,19
SWE-bench Verified,django__django-14089,1,3,0,3
SWE-bench Verified,django__django-14122,1,6,5,11
SWE-bench Verified,django__django-14140,1,4,8,12
SWE-bench Verified,django__django-14155,1,10,3,13
SWE-bench Verified,django__django-14170,2,30,8,38
SWE-bench Verified,django__django-14238,1,1,1,2
SWE-bench Verified,django__django-14311,1,7,2,9
SWE-bench Verified,django__django-14315,2,2,3,5
SWE-bench Verified,django__django-14349,1,3,0,3
SWE-bench Verified,django__django-14351,1,9,0,9
SWE-bench Verified,django__django-14373,1,2,2,4
SWE-bench Verified,django__django-14376,2,8,5,13
SWE-bench Verified,django__django-14404,1,2,3,5
SWE-bench Verified,django__django-14434,1,4,4,8
SWE-bench Verified,django__django-14493,1,1,0,1
SWE-bench Verified,django__django-14500,1,2,3,5
SWE-bench Verified,django__django-14534,1,1,1,2
SWE-bench Verified,django__django-14539,1,3,2,5
SWE-bench Verified,django__django-14559,1,4,2,6
SWE-bench Verified,django__django-14580,1,1,1,2
SWE-bench Verified,django__django-14608,1,5,2,7
SWE-bench Verified,django__django-14631,2,31,34,65
SWE-bench Verified,django__django-14672,1,1,1,2
SWE-bench Verified,django__django-14725,1,10,3,13
SWE-bench Verified,django__django-14752,1,10,2,12
SWE-bench Verified,django__django-14765,1,4,3,7
SWE-bench Verified,django__django-14771,1,5,0,5
SWE-bench Verified,django__django-14787,1,1,1,2
SWE-bench Verified,django__django-14792,1,5,2,7
SWE-bench Verified,django__django-14855,1,5,1,6
SWE-bench Verified,django__django-14915,1,3,0,3
SWE-bench Verified,django__django-14999,1,6,5,11
SWE-bench Verified,django__django-15022,1,3,1,4
SWE-bench Verified,django__django-15037,1,6,2,8
SWE-bench Verified,django__django-15098,1,1,1,2
SWE-bench Verified,django__django-15103,2,10,7,17
SWE-bench Verified,django__django-15104,1,1,1,2
SWE-bench Verified,django__django-15127,1,11,0,11
SWE-bench Verified,django__django-15128,1,20,8,28
SWE-bench Verified,django__django-15161,1,6,0,6
SWE-bench Verified,django__django-15252,1,6,2,8
SWE-bench Verified,django__django-15268,1,12,1,13
SWE-bench Verified,django__django-15277,1,2,1,3
SWE-bench Verified,django__django-15278,1,9,4,13
SWE-bench Verified,django__django-15280,1,3,2,5
SWE-bench Verified,django__django-15315,1,1,5,6
SWE-bench Verified,django__django-15368,1,2,2,4
SWE-bench Verified,django__django-15375,1,3,1,4
SWE-bench Verified,django__django-15380,1,1,1,2
SWE-bench Verified,django__django-15382,1,12,7,19
SWE-bench Verified,django__django-15467,1,3,1,4
SWE-bench Verified,django__django-15499,1,13,0,13
SWE-bench Verified,django__django-15503,1,16,10,26
SWE-bench Verified,django__django-15525,1,3,1,4
SWE-bench Verified,django__django-15554,1,38,9,47
SWE-bench Verified,django__django-15561,2,20,15,35
SWE-bench Verified,django__django-15563,2,22,3,25
SWE-bench Verified,django__django-15569,1,1,0,1
SWE-bench Verified,django__django-15572,1,2,2,4
SWE-bench Verified,django__django-15629,4,34,8,42
SWE-bench Verified,django__django-15695,1,3,0,3
SWE-bench Verified,django__django-15731,1,2,2,4
SWE-bench Verified,django__django-15732,1,27,5,32
SWE-bench Verified,django__django-15741,1,1,0,1
SWE-bench Verified,django__django-15814,1,1,0,1
SWE-bench Verified,django__django-15851,1,1,1,2
SWE-bench Verified,django__django-15863,1,1,1,2
SWE-bench Verified,django__django-15916,1,3,10,13
SWE-bench Verified,django__django-15930,1,5,0,5
SWE-bench Verified,django__django-15957,1,26,7,33
SWE-bench Verified,django__django-15973,1,1,1,2
SWE-bench Verified,django__django-15987,1,1,1,2
SWE-bench Verified,django__django-16032,2,3,8,11
SWE-bench Verified,django__django-16082,1,1,0,1
SWE-bench Verified,django__django-16100,1,11,9,20
SWE-bench Verified,django__django-16116,1,6,3,9
SWE-bench Verified,django__django-16136,1,10,1,11
SWE-bench Verified,django__django-16139,1,3,1,4
SWE-bench Verified,django__django-16145,1,8,1,9
SWE-bench Verified,django__django-16255,1,1,1,2
SWE-bench Verified,django__django-16256,2,55,0,55
SWE-bench Verified,django__django-16263,4,70,23,93
SWE-bench Verified,django__django-16315,2,6,7,13
SWE-bench Verified,django__django-16333,1,2,0,2
SWE-bench Verified,django__django-16429,1,1,0,1
SWE-bench Verified,django__django-16454,1,10,0,10
SWE-bench Verified,django__django-16485,1,1,1,2
SWE-bench Verified,django__django-16493,1,3,2,5
SWE-bench Verified,django__django-16502,1,26,1,27
SWE-bench Verified,django__django-16527,1,1,1,2
SWE-bench Verified,django__django-16560,2,70,15,85
SWE-bench Verified,django__django-16569,1,3,1,4
SWE-bench Verified,django__django-16595,1,3,3,6
SWE-bench Verified,django__django-16612,1,3,1,4
SWE-bench Verified,django__django-16631,2,28,5,33
SWE-bench Verified,django__django-16642,1,2,0,2
SWE-bench Verified,django__django-16661,1,6,4,10
SWE-bench Verified,django__django-16662,1,4,1,5
SWE-bench Verified,django__django-16667,1,2,0,2
SWE-bench Verified,django__django-16801,1,4,5,9
SWE-bench Verified,django__django-16819,1,5,0,5
SWE-bench Verified,django__django-16877,1,10,0,10
SWE-bench Verified,django__django-16899,1,3,2,5
SWE-bench Verified,django__django-16901,1,6,1,7
SWE-bench Verified,django__django-16938,2,6,2,8
SWE-bench Verified,django__django-16950,1,7,1,8
SWE-bench Verified,django__django-17029,1,1,0,1
SWE-bench Verified,django__django-17084,1,6,0,6
SWE-bench Verified,django__django-17087,1,1,1,2
SWE-bench Verified,django__django-7530,1,1,1,2
SWE-bench Verified,django__django-9296,1,4,0,4
SWE-bench Verified,matplotlib__matplotlib-13989,1,1,1,2
SWE-bench Verified,matplotlib__matplotlib-14623,3,17,2,19
SWE-bench Verified,matplotlib__matplotlib-20488,1,3,3,6
SWE-bench Verified,matplotlib__matplotlib-20676,1,6,1,7
SWE-bench Verified,matplotlib__matplotlib-20826,1,7,2,9
SWE-bench Verified,matplotlib__matplotlib-20859,1,5,3,8
SWE-bench Verified,matplotlib__matplotlib-21568,1,5,2,7
SWE-bench Verified,matplotlib__matplotlib-22719,1,2,2,4
SWE-bench Verified,matplotlib__matplotlib-22865,1,6,2,8
SWE-bench Verified,matplotlib__matplotlib-22871,1,4,2,6
SWE-bench Verified,matplotlib__matplotlib-23299,1,4,1,5
SWE-bench Verified,matplotlib__matplotlib-23314,1,2,0,2
SWE-bench Verified,matplotlib__matplotlib-23412,1,2,3,5
SWE-bench Verified,matplotlib__matplotlib-23476,1,3,0,3
SWE-bench Verified,matplotlib__matplotlib-24026,1,8,5,13
SWE-bench Verified,matplotlib__matplotlib-24149,1,8,0,8
SWE-bench Verified,matplotlib__matplotlib-24177,1,1,1,2
SWE-bench Verified,matplotlib__matplotlib-24570,1,2,2,4
SWE-bench Verified,matplotlib__matplotlib-24627,1,3,1,4
SWE-bench Verified,matplotlib__matplotlib-24637,1,2,0,2
SWE-bench Verified,matplotlib__matplotlib-24870,2,19,14,33
SWE-bench Verified,matplotlib__matplotlib-24970,1,11,10,21
SWE-bench Verified,matplotlib__matplotlib-25122,1,4,4,8
SWE-bench Verified,matplotlib__matplotlib-25287,1,13,2,15
SWE-bench Verified,matplotlib__matplotlib-25311,1,3,1,4
SWE-bench Verified,matplotlib__matplotlib-25332,1,13,0,13
SWE-bench Verified,matplotlib__matplotlib-25479,2,6,1,7
SWE-bench Verified,matplotlib__matplotlib-25775,3,34,5,39
SWE-bench Verified,matplotlib__matplotlib-25960,1,15,3,18
SWE-bench Verified,matplotlib__matplotlib-26113,1,1,1,2
SWE-bench Verified,matplotlib__matplotlib-26208,1,2,0,2
SWE-bench Verified,matplotlib__matplotlib-26291,1,2,0,2
SWE-bench Verified,matplotlib__matplotlib-26342,1,2,5,7
SWE-bench Verified,matplotlib__matplotlib-26466,1,6,14,20
SWE-bench Verified,mwaskom__seaborn-3069,1,13,2,15
SWE-bench Verified,mwaskom__seaborn-3187,2,12,0,12
SWE-bench Verified,pallets__flask-5014,1,3,0,3
SWE-bench Verified,psf__requests-1142,1,2,1,3
SWE-bench Verified,psf__requests-1724,1,4,1,5
SWE-bench Verified,psf__requests-1766,1,2,2,4
SWE-bench Verified,psf__requests-1921,1,2,0,2
SWE-bench Verified,psf__requests-2317,1,2,2,4
SWE-bench Verified,psf__requests-2931,1,4,1,5
SWE-bench Verified,psf__requests-5414,1,1,1,2
SWE-bench Verified,psf__requests-6028,1,4,0,4
SWE-bench Verified,pydata__xarray-2905,1,2,1,3
SWE-bench Verified,pydata__xarray-3095,2,32,17,49
SWE-bench Verified,pydata__xarray-3151,1,7,8,15
SWE-bench Verified,pydata__xarray-3305,2,17,5,22
SWE-bench Verified,pydata__xarray-3677,1,1,0,1
SWE-bench Verified,pydata__xarray-3993,2,36,13,49
SWE-bench Verified,pydata__xarray-4075,1,8,1,9
SWE-bench Verified,pydata__xarray-4094,1,1,1,2
SWE-bench Verified,pydata__xarray-4356,1,1,5,6
SWE-bench Verified,pydata__xarray-4629,1,1,1,2
SWE-bench Verified,pydata__xarray-4687,1,12,1,13
SWE-bench Verified,pydata__xarray-4695,1,1,1,2
SWE-bench Verified,pydata__xarray-4966,1,8,0,8
SWE-bench Verified,pydata__xarray-6461,1,1,2,3
SWE-bench Verified,pydata__xarray-6599,1,5,1,6
SWE-bench Verified,pydata__xarray-6721,1,1,1,2
SWE-bench Verified,pydata__xarray-6744,1,11,6,17
SWE-bench Verified,pydata__xarray-6938,2,13,11,24
SWE-bench Verified,pydata__xarray-6992,2,85,38,123
SWE-bench Verified,pydata__xarray-7229,1,24,5,29
SWE-bench Verified,pydata__xarray-7233,1,4,1,5
SWE-bench Verified,pydata__xarray-7393,1,5,1,6
SWE-bench Verified,pylint-dev__pylint-4551,4,99,27,126
SWE-bench Verified,pylint-dev__pylint-4604,2,6,0,6
SWE-bench Verified,pylint-dev__pylint-4661,2,16,2,18
SWE-bench Verified,pylint-dev__pylint-4970,1,2,0,2
SWE-bench Verified,pylint-dev__pylint-6386,4,14,1,15
SWE-bench Verified,pylint-dev__pylint-6528,2,28,7,35
SWE-bench Verified,pylint-dev__pylint-6903,1,7,0,7
SWE-bench Verified,pylint-dev__pylint-7080,1,1,0,1
SWE-bench Verified,pylint-dev__pylint-7277,1,3,2,5
SWE-bench Verified,pylint-dev__pylint-8898,3,30,2,32
SWE-bench Verified,pytest-dev__pytest-10051,1,5,2,7
SWE-bench Verified,pytest-dev__pytest-10081,1,4,1,5
SWE-bench Verified,pytest-dev__pytest-10356,1,30,7,37
SWE-bench Verified,pytest-dev__pytest-5262,1,4,0,4
SWE-bench Verified,pytest-dev__pytest-5631,1,12,7,19
SWE-bench Verified,pytest-dev__pytest-5787,1,143,89,232
SWE-bench Verified,pytest-dev__pytest-5809,1,1,5,6
SWE-bench Verified,pytest-dev__pytest-5840,2,8,19,27
SWE-bench Verified,pytest-dev__pytest-6197,1,6,18,24
SWE-bench Verified,pytest-dev__pytest-6202,1,1,2,3
SWE-bench Verified,pytest-dev__pytest-7205,1,2,1,3
SWE-bench Verified,pytest-dev__pytest-7236,1,8,3,11
SWE-bench Verified,pytest-dev__pytest-7324,1,8,2,10
SWE-bench Verified,pytest-dev__pytest-7432,1,2,1,3
SWE-bench Verified,pytest-dev__pytest-7490,1,11,10,21
SWE-bench Verified,pytest-dev__pytest-7521,1,1,0,1
SWE-bench Verified,pytest-dev__pytest-7571,1,4,0,4
SWE-bench Verified,pytest-dev__pytest-7982,1,1,1,2
SWE-bench Verified,pytest-dev__pytest-8399,2,5,5,10
SWE-bench Verified,scikit-learn__scikit-learn-10297,1,20,14,34
SWE-bench Verified,scikit-learn__scikit-learn-10844,1,3,2,5
SWE-bench Verified,scikit-learn__scikit-learn-10908,1,3,0,3
SWE-bench Verified,scikit-learn__scikit-learn-11310,1,14,0,14
SWE-bench Verified,scikit-learn__scikit-learn-11578,1,1,1,2
SWE-bench Verified,scikit-learn__scikit-learn-12585,1,1,1,2
SWE-bench Verified,scikit-learn__scikit-learn-12682,2,66,24,90
SWE-bench Verified,scikit-learn__scikit-learn-12973,1,7,3,10
SWE-bench Verified,scikit-learn__scikit-learn-13124,1,2,3,5
SWE-bench Verified,scikit-learn__scikit-learn-13135,1,2,0,2
SWE-bench Verified,scikit-learn__scikit-learn-13142,1,5,5,10
SWE-bench Verified,scikit-learn__scikit-learn-13328,1,2,1,3
SWE-bench Verified,scikit-learn__scikit-learn-13439,1,6,0,6
SWE-bench Verified,scikit-learn__scikit-learn-13496,1,9,1,10
SWE-bench Verified,scikit-learn__scikit-learn-13779,1,2,0,2
SWE-bench Verified,scikit-learn__scikit-learn-14053,1,2,1,3
SWE-bench Verified,scikit-learn__scikit-learn-14087,1,6,3,9
SWE-bench Verified,scikit-learn__scikit-learn-14141,1,1,0,1
SWE-bench Verified,scikit-learn__scikit-learn-14496,1,9,13,22
SWE-bench Verified,scikit-learn__scikit-learn-14629,1,23,1,24
SWE-bench Verified,scikit-learn__scikit-learn-14710,1,4,0,4
SWE-bench Verified,scikit-learn__scikit-learn-14894,1,8,5,13
SWE-bench Verified,scikit-learn__scikit-learn-14983,1,5,0,5
SWE-bench Verified,scikit-learn__scikit-learn-15100,1,6,3,9
SWE-bench Verified,scikit-learn__scikit-learn-25102,2,22,7,29
SWE-bench Verified,scikit-learn__scikit-learn-25232,1,13,0,13
SWE-bench Verified,scikit-learn__scikit-learn-25747,1,1,3,4
SWE-bench Verified,scikit-learn__scikit-learn-25931,1,16,8,24
SWE-bench Verified,scikit-learn__scikit-learn-25973,1,7,5,12
SWE-bench Verified,scikit-learn__scikit-learn-26194,1,9,4,13
SWE-bench Verified,scikit-learn__scikit-learn-26323,1,4,0,4
SWE-bench Verified,scikit-learn__scikit-learn-9288,1,4,3,7
SWE-bench Verified,sphinx-doc__sphinx-10323,1,2,2,4
SWE-bench Verified,sphinx-doc__sphinx-10435,1,3,3,6
SWE-bench Verified,sphinx-doc__sphinx-10449,1,10,2,12
SWE-bench Verified,sphinx-doc__sphinx-10466,1,2,1,3
SWE-bench Verified,sphinx-doc__sphinx-10614,1,7,4,11
SWE-bench Verified,sphinx-doc__sphinx-10673,3,23,3,26
SWE-bench Verified,sphinx-doc__sphinx-11445,1,5,9,14
SWE-bench Verified,sphinx-doc__sphinx-11510,1,36,0,36
SWE-bench Verified,sphinx-doc__sphinx-7440,1,2,2,4
SWE-bench Verified,sphinx-doc__sphinx-7454,1,6,1,7
SWE-bench Verified,sphinx-doc__sphinx-7462,2,14,6,20
SWE-bench Verified,sphinx-doc__sphinx-7590,3,89,18,107
SWE-bench Verified,sphinx-doc__sphinx-7748,1,63,27,90
SWE-bench Verified,sphinx-doc__sphinx-7757,1,20,5,25
SWE-bench Verified,sphinx-doc__sphinx-7889,1,2,2,4
SWE-bench Verified,sphinx-doc__sphinx-7910,1,2,1,3
SWE-bench Verified,sphinx-doc__sphinx-7985,1,15,2,17
SWE-bench Verified,sphinx-doc__sphinx-8035,1,37,9,46
SWE-bench Verified,sphinx-doc__sphinx-8056,1,9,4,13
SWE-bench Verified,sphinx-doc__sphinx-8120,2,6,3,9
SWE-bench Verified,sphinx-doc__sphinx-8265,1,16,2,18
SWE-bench Verified,sphinx-doc__sphinx-8269,1,1,0,1
SWE-bench Verified,sphinx-doc__sphinx-8459,1,1,1,2
SWE-bench Verified,sphinx-doc__sphinx-8475,1,2,2,4
SWE-bench Verified,sphinx-doc__sphinx-8548,2,29,21,50
SWE-bench Verified,sphinx-doc__sphinx-8551,2,3,0,3
SWE-bench Verified,sphinx-doc__sphinx-8593,2,44,16,60
SWE-bench Verified,sphinx-doc__sphinx-8595,1,1,1,2
SWE-bench Verified,sphinx-doc__sphinx-8621,1,1,1,2
SWE-bench Verified,sphinx-doc__sphinx-8638,1,1,1,2
SWE-bench Verified,sphinx-doc__sphinx-8721,1,4,0,4
SWE-bench Verified,sphinx-doc__sphinx-9229,1,15,2,17
SWE-bench Verified,sphinx-doc__sphinx-9230,1,1,1,2
SWE-bench Verified,sphinx-doc__sphinx-9258,1,1,1,2
SWE-bench Verified,sphinx-doc__sphinx-9281,1,5,2,7
SWE-bench Verified,sphinx-doc__sphinx-9320,1,7,1,8
SWE-bench Verified,sphinx-doc__sphinx-9367,1,5,3,8
SWE-bench Verified,sphinx-doc__sphinx-9461,3,47,5,52
SWE-bench Verified,sphinx-doc__sphinx-9591,1,2,1,3
SWE-bench Verified,sphinx-doc__sphinx-9602,1,10,2,12
SWE-bench Verified,sphinx-doc__sphinx-9658,1,3,1,4
SWE-bench Verified,sphinx-doc__sphinx-9673,1,2,2,4
SWE-bench Verified,sphinx-doc__sphinx-9698,1,1,1,2
SWE-bench Verified,sphinx-doc__sphinx-9711,1,14,1,15
SWE-bench Verified,sympy__sympy-11618,1,14,0,14
SWE-bench Verified,sympy__sympy-12096,1,1,1,2
SWE-bench Verified,sympy__sympy-12419,1,6,4,10
SWE-bench Verified,sympy__sympy-12481,1,2,6,8
SWE-bench Verified,sympy__sympy-12489,1,42,42,84
SWE-bench Verified,sympy__sympy-13031,1,8,4,12
SWE-bench Verified,sympy__sympy-13091,21,56,56,112
SWE-bench Verified,sympy__sympy-13372,1,4,0,4
SWE-bench Verified,sympy__sympy-13480,1,1,1,2
SWE-bench Verified,sympy__sympy-13551,1,2,2,4
SWE-bench Verified,sympy__sympy-13615,1,11,1,12
SWE-bench Verified,sympy__sympy-13647,1,1,1,2
SWE-bench Verified,sympy__sympy-13757,1,1,0,1
SWE-bench Verified,sympy__sympy-13798,1,17,6,23
SWE-bench Verified,sympy__sympy-13852,1,25,5,30
SWE-bench Verified,sympy__sympy-13877,2,20,14,34
SWE-bench Verified,sympy__sympy-13878,1,142,14,156
SWE-bench Verified,sympy__sympy-13974,1,37,8,45
SWE-bench Verified,sympy__sympy-14248,3,56,9,65
SWE-bench Verified,sympy__sympy-14531,1,21,17,38
SWE-bench Verified,sympy__sympy-14711,1,2,0,2
SWE-bench Verified,sympy__sympy-14976,1,7,0,7
SWE-bench Verified,sympy__sympy-15017,1,1,1,2
SWE-bench Verified,sympy__sympy-15345,1,4,1,5
SWE-bench Verified,sympy__sympy-15349,1,1,1,2
SWE-bench Verified,sympy__sympy-15599,1,15,3,18
SWE-bench Verified,sympy__sympy-15809,1,0,2,2
SWE-bench Verified,sympy__sympy-15875,1,1,1,2
SWE-bench Verified,sympy__sympy-15976,1,14,19,33
SWE-bench Verified,sympy__sympy-16450,1,1,1,2
SWE-bench Verified,sympy__sympy-16597,6,44,26,70
SWE-bench Verified,sympy__sympy-16766,1,5,0,5
SWE-bench Verified,sympy__sympy-16792,1,11,5,16
SWE-bench Verified,sympy__sympy-16886,1,1,1,2
SWE-bench Verified,sympy__sympy-17139,1,2,0,2
SWE-bench Verified,sympy__sympy-17318,2,5,4,9
SWE-bench Verified,sympy__sympy-17630,1,2,0,2
SWE-bench Verified,sympy__sympy-17655,1,4,0,4
SWE-bench Verified,sympy__sympy-18189,1,1,1,2
SWE-bench Verified,sympy__sympy-18199,1,47,3,50
SWE-bench Verified,sympy__sympy-18211,1,8,1,9
SWE-bench Verified,sympy__sympy-18698,1,6,5,11
SWE-bench Verified,sympy__sympy-18763,1,1,1,2
SWE-bench Verified,sympy__sympy-19040,1,1,1,2
SWE-bench Verified,sympy__sympy-19346,1,10,0,10
SWE-bench Verified,sympy__sympy-19495,1,10,9,19
SWE-bench Verified,sympy__sympy-19637,1,3,1,4
SWE-bench Verified,sympy__sympy-19783,2,9,4,13
SWE-bench Verified,sympy__sympy-19954,1,5,4,9
SWE-bench Verified,sympy__sympy-20154,1,4,19,23
SWE-bench Verified,sympy__sympy-20428,1,1,1,2
SWE-bench Verified,sympy__sympy-20438,3,12,8,20
SWE-bench Verified,sympy__sympy-20590,1,5,0,5
SWE-bench Verified,sympy__sympy-20801,1,2,2,4
SWE-bench Verified,sympy__sympy-20916,1,2,2,4
SWE-bench Verified,sympy__sympy-21379,1,8,4,12
SWE-bench Verified,sympy__sympy-21596,1,21,16,37
SWE-bench Verified,sympy__sympy-21612,1,1,1,2
SWE-bench Verified,sympy__sympy-21847,1,2,2,4
SWE-bench Verified,sympy__sympy-21930,1,3,3,6
SWE-bench Verified,sympy__sympy-22080,2,10,2,12
SWE-bench Verified,sympy__sympy-22456,1,9,3,12
SWE-bench Verified,sympy__sympy-22714,1,1,1,2
SWE-bench Verified,sympy__sympy-22914,1,2,0,2
SWE-bench Verified,sympy__sympy-23262,1,2,2,4
SWE-bench Verified,sympy__sympy-23413,1,7,4,11
SWE-bench Verified,sympy__sympy-23534,1,1,1,2
SWE-bench Verified,sympy__sympy-23824,1,1,2,3
SWE-bench Verified,sympy__sympy-23950,1,1,1,2
SWE-bench Verified,sympy__sympy-24066,1,3,4,7
SWE-bench Verified,sympy__sympy-24213,1,1,1,2
SWE-bench Verified,sympy__sympy-24443,1,22,33,55
SWE-bench Verified,sympy__sympy-24539,1,6,3,9
SWE-bench Verified,sympy__sympy-24562,1,5,3,8
SWE-bench Verified,sympy__sympy-24661,1,23,0,23
SWE-bench Pro v1,instance_NodeBB__NodeBB-04998908ba6721d64eba79ae3b65a351dcfbc5b5-vnan,11,129,22,151
SWE-bench Pro v1,instance_qutebrowser__qutebrowser-f91ace96223cac8161c16dd061907e138fe85111-v059c6fdc75567943479b23ebca7c07b5e9a7f34c,3,32,32,64
SWE-bench Pro v1,instance_NodeBB__NodeBB-51d8f3b195bddb13a13ddc0de110722774d9bb1b-vf2cf3cbd463b7ad942381f1c6d077626485a1e9e,5,60,3,63
SWE-bench Pro v1,instance_qutebrowser__qutebrowser-c580ebf0801e5a3ecabc54f327498bb753c6d5f2-v2ef375ac784985212b1805e1d0431dc8f1b3c171,3,27,17,44
SWE-bench Pro v1,instance_ansible__ansible-f327e65d11bb905ed9f15996024f857a95592629-vba6da65a0f3baefda7a058ebbd0a8dcafb8512f5,2,30,31,61
SWE-bench Pro v1,instance_ansible__ansible-a26c325bd8f6e2822d9d7e62f77a424c1db4fbf6-v0f01c69f1e2528b935359cfe578530722bca2c59,5,56,14,70
SWE-bench Pro v1,instance_internetarchive__openlibrary-4a5d2a7d24c9e4c11d3069220c0685b736d5ecde-v13642507b4fc1f8d234172bf8129942da2c2ca26,3,81,11,92
SWE-bench Pro v1,instance_qutebrowser__qutebrowser-f631cd4422744160d9dcf7a0455da532ce973315-v35616345bb8052ea303186706cec663146f0f184,5,107,31,138
SWE-bench Pro v1,instance_gravitational__teleport-3fa6904377c006497169945428e8197158667910-v626ec2a48416b10a88641359a169d99e935ff037,4,224,210,434
SWE-bench Pro v1,instance_navidrome__navidrome-7073d18b54da7e53274d11c9e2baef1242e8769e,9,55,54,109
SWE-bench Pro v1,instance_internetarchive__openlibrary-dbbd9d539c6d4fd45d5be9662aa19b6d664b5137-v08d8e8889ec945ab821fb156c04c7d2e2810debb,2,23,15,38
SWE-bench Pro v1,instance_ansible__ansible-395e5e20fab9cad517243372fa3c3c5d9e09ab2a-v7eee2454f617569fd6889f2211f75bc02a35f9f8,4,164,131,295
SWE-bench Pro v1,instance_gravitational__teleport-c782838c3a174fdff80cafd8cd3b1aa4dae8beb2,6,142,67,209
SWE-bench Pro v1,instance_qutebrowser__qutebrowser-96b997802e942937e81d2b8a32d08f00d3f4bc4e-v5fc38aaf22415ab0b70567368332beee7955b367,2,21,3,24
SWE-bench Pro v1,instance_element-hq__element-web-33e8edb3d508d6eefb354819ca693b7accc695e7,9,951,285,1236
SWE-bench Pro v1,instance_future-architect__vuls-407407d306e9431d6aa0ab566baa6e44e5ba2904,1,25,3,28
SWE-bench Pro v1,instance_internetarchive__openlibrary-111347e9583372e8ef91c82e0612ea437ae3a9c9-v2d9a6c849c60ed19fd0858ce9e40b7cc8e097e59,5,73,70,143
SWE-bench Pro v1,instance_future-architect__vuls-e6c0da61324a0c04026ffd1c031436ee2be9503a,3,161,30,191
SWE-bench Pro v1,instance_gravitational__teleport-6eaaf3a27e64f4ef4ef855bd35d7ec338cf17460-v626ec2a48416b10a88641359a169d99e935ff037,6,462,276,738
SWE-bench Pro v1,instance_qutebrowser__qutebrowser-fd6790fe8c02b144ab2464f1fc8ab3d02ce3c476-v2ef375ac784985212b1805e1d0431dc8f1b3c171,6,45,44,89
SWE-bench Pro v1,instance_gravitational__teleport-e6d86299a855687b21970504fbf06f52a8f80c74-vce94f93ad1030e3136852817f2423c1b3ac37bc4,4,28,12,40
SWE-bench Pro v1,instance_internetarchive__openlibrary-8a5a63af6e0be406aa6c8c9b6d5f28b2f1b6af5a-v0f5aece3601a5b4419f7ccec1dbda2071be28ee4,5,230,21,251
SWE-bench Pro v1,instance_navidrome__navidrome-b65e76293a917ee2dfc5d4b373b1c62e054d0dca,10,123,51,174
SWE-bench Pro v1,instance_internetarchive__openlibrary-25858f9f0c165df25742acf8309ce909773f0cdd-v13642507b4fc1f8d234172bf8129942da2c2ca26,4,219,200,419
SWE-bench Pro v1,instance_element-hq__element-web-5dfde12c1c1c0b6e48f17e3405468593e39d9492-vnan,6,81,28,109
SWE-bench Pro v1,instance_protonmail__webclients-2c3559cad02d1090985dba7e8eb5a129144d9811,5,31,54,85
SWE-bench Pro v1,instance_NodeBB__NodeBB-397835a05a8e2897324e566b41c5e616e172b4af-v89631a1cdb318276acb48860c5d78077211397c6,3,25,4,29
SWE-bench Pro v1,instance_flipt-io__flipt-e42da21a07a5ae35835ec54f74004ebd58713874,7,143,127,270
SWE-bench Pro v1,instance_flipt-io__flipt-3b2c25ee8a3ac247c3fad13ad8d64ace34ec8ee7,5,44,9,53
SWE-bench Pro v1,instance_NodeBB__NodeBB-a5afad27e52fd336163063ba40dcadc80233ae10-vd59a5728dfc977f44533186ace531248c2917516,12,175,13,188
SWE-bench Pro v1,instance_gravitational__teleport-eefac60a350930e5f295f94a2d55b94c1988c04e-vee9b09fb20c43af7e520f57e9239bbcf46b7113d,3,169,0,169
SWE-bench Pro v1,instance_NodeBB__NodeBB-f9ce92df988db7c1ae55d9ef96d247d27478bc70-vf2cf3cbd463b7ad942381f1c6d077626485a1e9e,1,78,4,82
SWE-bench Pro v1,instance_navidrome__navidrome-8e640bb8580affb7e0ea6225c0bbe240186b6b08,6,80,141,221
SWE-bench Pro v1,instance_future-architect__vuls-2c84be80b65d022c262956cd26fc79d8bb2f7010,1,32,18,50
SWE-bench Pro v1,instance_flipt-io__flipt-c12967bc73fdf02054cf3ef8498c05e25f0a18c0,3,23,6,29
SWE-bench Pro v1,instance_qutebrowser__qutebrowser-0fc6d1109d041c69a68a896db87cf1b8c194cef7-v2ef375ac784985212b1805e1d0431dc8f1b3c171,4,112,3,115
SWE-bench Pro v1,instance_ansible__ansible-b748edea457a4576847a10275678127895d2f02f-v1055803c3a812189a1133297f7f5468579283f86,5,224,45,269
SWE-bench Pro v1,instance_gravitational__teleport-0ac7334939981cf85b9591ac295c3816954e287e,4,80,34,114
SWE-bench Pro v1,instance_gravitational__teleport-b5d8169fc0a5e43fee2616c905c6d32164654dc6,5,36,25,61
SWE-bench Pro v1,instance_future-architect__vuls-86b60e1478e44d28b1aff6b9ac7e95ceb05bc5fc,7,117,28,145
SWE-bench Pro v1,instance_qutebrowser__qutebrowser-70248f256f93ed9b1984494d0a1a919ddd774892-v2ef375ac784985212b1805e1d0431dc8f1b3c171,2,33,4,37
SWE-bench Pro v1,instance_protonmail__webclients-6dcf0d0b0f7965ad94be3f84971afeb437f25b02,6,305,212,517
SWE-bench Pro v1,instance_ansible__ansible-e40889e7112ae00a21a2c74312b330e67a766cc0-v1055803c3a812189a1133297f7f5468579283f86,10,516,131,647
SWE-bench Pro v1,instance_navidrome__navidrome-27875ba2dd1673ddf8affca526b0664c12c3b98b,4,100,66,166
SWE-bench Pro v1,instance_internetarchive__openlibrary-11838fad1028672eb975c79d8984f03348500173-v0f5aece3601a5b4419f7ccec1dbda2071be28ee4,1,42,91,133
SWE-bench Pro v1,instance_ansible__ansible-5e369604e1930b1a2e071fecd7ec5276ebd12cb1-v0f01c69f1e2528b935359cfe578530722bca2c59,5,76,18,94
SWE-bench Pro v1,instance_element-hq__element-web-72a8f8f03b1a01bb70ef8a5bb61759416991b32c-vnan,3,56,1,57
SWE-bench Pro v1,instance_internetarchive__openlibrary-b4f7c185ae5f1824ac7f3a18e8adf6a4b468459c-v08d8e8889ec945ab821fb156c04c7d2e2810debb,2,22,19,41
SWE-bench Pro v1,instance_gravitational__teleport-3ff75e29fb2153a2637fe7f83e49dc04b1c99c9f,1,37,1,38
SWE-bench Pro v1,instance_flipt-io__flipt-f808b4dd6e36b9dc8b011eb26b196f4e2cc64c41,8,173,30,203
SWE-bench Pro v1,instance_future-architect__vuls-5af1a227339e46c7abf3f2815e4c636a0c01098e,4,199,49,248
SWE-bench Pro v1,instance_element-hq__element-web-5e8488c2838ff4268f39db4a8cca7d74eecf5a7e-vnan,1,27,16,43
SWE-bench Pro v1,instance_ansible__ansible-be59caa59bf47ca78a4760eb7ff38568372a8260-v1055803c3a812189a1133297f7f5468579283f86,2,35,0,35
SWE-bench Pro v1,instance_protonmail__webclients-08bb09914d0d37b0cd6376d4cab5b77728a43e7b,4,291,30,321
SWE-bench Pro v1,instance_ansible__ansible-b5e0293645570f3f404ad1dbbe5f006956ada0df-v0f01c69f1e2528b935359cfe578530722bca2c59,2,46,8,54
SWE-bench Pro v1,instance_internetarchive__openlibrary-00bec1e7c8f3272c469a58e1377df03f955ed478-v13642507b4fc1f8d234172bf8129942da2c2ca26,2,59,10,69
SWE-bench Pro v1,instance_flipt-io__flipt-756f00f79ba8abf9fe53f3c6c818123b42eb7355,8,95,60,155
SWE-bench Pro v1,instance_internetarchive__openlibrary-5069b09e5f64428dce59b33455c8bb17fe577070-v8717e18970bcdc4e0d2cea3b1527752b21e74866,6,39,15,54
SWE-bench Pro v1,instance_element-hq__element-web-41dfec20bfe9b62cddbbbf621bef2e9aa9685157-vnan,2,22,0,22
SWE-bench Pro v1,instance_flipt-io__flipt-b3cd920bbb25e01fdb2dab66a5a913363bc62f6c,10,852,2,854
SWE-bench Pro v1,instance_navidrome__navidrome-8d56ec898e776e7e53e352cb9b25677975787ffc,3,45,35,80
SWE-bench Pro v1,instance_internetarchive__openlibrary-5c6c22f3d2edf2f1b10f5dc335e32cb6a5f40341-v76304ecdb3a5954fcf13feb710e8c40fcf24b73c,2,78,4,82
SWE-bench Pro v1,instance_ansible__ansible-1b70260d5aa2f6c9782fd2b848e8d16566e50d85-vba6da65a0f3baefda7a058ebbd0a8dcafb8512f5,6,35,20,55
SWE-bench Pro v1,instance_element-hq__element-web-404c412bcb694f04ba0c4d5479541203d701bca0-vnan,2,28,0,28
SWE-bench Pro v1,instance_flipt-io__flipt-6fe76d024ee0c50ddb09c86f4ae0bd4c208fd65f,1,82,11,93
SWE-bench Pro v1,instance_qutebrowser__qutebrowser-473a15f7908f2bb6d670b0e908ab34a28d8cf7e2-v363c8a7e5ccdf6968fc7ab84a2053ac78036691d,4,102,0,102
SWE-bench Pro v1,instance_element-hq__element-web-a692fe21811f88d92e8f7047fc615e4f1f986b0f-vnan,5,106,6,112
SWE-bench Pro v1,instance_flipt-io__flipt-84806a178447e766380cc66b14dee9c6eeb534f4,9,132,56,188
SWE-bench Pro v1,instance_gravitational__teleport-b8fbb2d1e90ffcde88ed5fe9920015c1be075788-vee9b09fb20c43af7e520f57e9239bbcf46b7113d,6,178,29,207
SWE-bench Pro v1,instance_element-hq__element-web-75c2c1a572fa45d1ea1d1a96e9e36e303332ecaa-vnan,2,34,6,40
SWE-bench Pro v1,instance_future-architect__vuls-0ec945d0510cdebf92cdd8999f94610772689f14,1,26,7,33
SWE-bench Pro v1,instance_ansible__ansible-f86c58e2d235d8b96029d102c71ee2dfafd57997-v0f01c69f1e2528b935359cfe578530722bca2c59,3,82,6,88
SWE-bench Pro v1,instance_NodeBB__NodeBB-f48ed3658aab7be0f1165d4c1f89af48d7865189-v0495b863a912fbff5749c67e860612b91825407c,7,26,24,50
SWE-bench Pro v1,instance_qutebrowser__qutebrowser-f7753550f2c1dcb2348e4779fd5287166754827e-v059c6fdc75567943479b23ebca7c07b5e9a7f34c,3,29,23,52
SWE-bench Pro v1,instance_future-architect__vuls-8d5ea98e50cf616847f4e5a2df300395d1f719e9,5,45,7,52
SWE-bench Pro v1,instance_flipt-io__flipt-e50808c03e4b9d25a6a78af9c61a3b1616ea356b,12,567,21,588
SWE-bench Pro v1,instance_gravitational__teleport-2be514d3c33b0ae9188e11ac9975485c853d98bb-vce94f93ad1030e3136852817f2423c1b3ac37bc4,4,26,18,44
SWE-bench Pro v1,instance_future-architect__vuls-be7b9114cc9545e68fb0ee7bc63d7ec53d1a00ad,3,30,4,34
SWE-bench Pro v1,instance_internetarchive__openlibrary-f8cc11d9c1575fdba5ac66aee0befca970da8d64-v13642507b4fc1f8d234172bf8129942da2c2ca26,1,146,0,146
SWE-bench Pro v1,instance_future-architect__vuls-e52fa8d6ed1d23e36f2a86e5d3efe9aa057a1b0d,1,24,6,30
SWE-bench Pro v1,instance_ansible__ansible-e64c6c1ca50d7d26a8e7747d8eb87642e767cd74-v0f01c69f1e2528b935359cfe578530722bca2c59,2,25,3,28
SWE-bench Pro v1,instance_internetarchive__openlibrary-1351c59fd43689753de1fca32c78d539a116ffc1-v29f82c9cf21d57b242f8d8b0e541525d259e2d63,3,31,42,73
SWE-bench Pro v1,instance_element-hq__element-web-2760bfc8369f1bee640d6d7a7e910783143d4c5f-vnan,1,84,48,132
SWE-bench Pro v1,instance_tutao__tutanota-da4edb7375c10f47f4ed3860a591c5e6557f7b5c-vbc0d9ba8f0071fbe982809910959a6ff8884dbbf,5,22,22,44
SWE-bench Pro v1,instance_element-hq__element-web-1077729a19c0ce902e713cf6fab42c91fb7907f1-vnan,2,32,4,36
SWE-bench Pro v1,instance_element-hq__element-web-71fe08ea0f159ccb707904d87f0a4aef205a167c-vnan,8,30,22,52
SWE-bench Pro v1,instance_tutao__tutanota-09c2776c0fce3db5c6e18da92b5a45dce9f013aa-vbc0d9ba8f0071fbe982809910959a6ff8884dbbf,7,134,103,237
SWE-bench Pro v1,instance_navidrome__navidrome-97434c1789a6444b30aae5ff5aa124a96a88f504,11,108,29,137
SWE-bench Pro v1,instance_qutebrowser__qutebrowser-85b867fe8d4378c8e371f055c70452f546055854-v2ef375ac784985212b1805e1d0431dc8f1b3c171,3,88,18,106
SWE-bench Pro v1,instance_gravitational__teleport-1a77b7945a022ab86858029d30ac7ad0d5239d00-vee9b09fb20c43af7e520f57e9239bbcf46b7113d,1,24,7,31
SWE-bench Pro v1,instance_qutebrowser__qutebrowser-e64622cd2df5b521342cf4a62e0d4cb8f8c9ae5a-v363c8a7e5ccdf6968fc7ab84a2053ac78036691d,1,38,3,41
SWE-bench Pro v1,instance_flipt-io__flipt-b22f5f02e40b225b6b93fff472914973422e97c6,8,252,10,262
SWE-bench Pro v1,instance_element-hq__element-web-f0359a5c180b8fec4329c77adcf967c8d3b7b787-vnan,5,26,6,32
SWE-bench Pro v1,instance_protonmail__webclients-09fcf0dbdb87fa4f4a27700800ee4a3caed8b413,11,34,20,54
SWE-bench Pro v1,instance_navidrome__navidrome-5001518260732e36d9a42fb8d4c054b28afab310,9,179,45,224
SWE-bench Pro v1,instance_ansible__ansible-12734fa21c08a0ce8c84e533abdc560db2eb1955-v7eee2454f617569fd6889f2211f75bc02a35f9f8,3,24,2,26
SWE-bench Pro v1,instance_navidrome__navidrome-fa85e2a7816a6fe3829a4c0d8e893e982b0985da,5,90,19,109
SWE-bench Pro v1,instance_NodeBB__NodeBB-2657804c1fb6b84dc76ad3b18ecf061aaab5f29f-vf2cf3cbd463b7ad942381f1c6d077626485a1e9e,3,28,25,53
SWE-bench Pro v1,instance_ansible__ansible-0fd88717c953b92ed8a50495d55e630eb5d59166-vba6da65a0f3baefda7a058ebbd0a8dcafb8512f5,2,67,41,108
SWE-bench Pro v1,instance_future-architect__vuls-6eff6a9329a65cc412e79b8f82444dfa3d0f0b5a,8,296,82,378
SWE-bench Pro v1,instance_qutebrowser__qutebrowser-c09e1439f145c66ee3af574386e277dd2388d094-v2ef375ac784985212b1805e1d0431dc8f1b3c171,4,37,8,45
SWE-bench Pro v1,instance_element-hq__element-web-4c6b0d35add7ae8d58f71ea1711587e31081444b-vnan,1,40,20,60
SWE-bench Pro v1,instance_internetarchive__openlibrary-798055d1a19b8fa0983153b709f460be97e33064-v13642507b4fc1f8d234172bf8129942da2c2ca26,1,20,16,36
SWE-bench Pro v1,instance_gravitational__teleport-32bcd71591c234f0d8b091ec01f1f5cbfdc0f13c-vee9b09fb20c43af7e520f57e9239bbcf46b7113d,4,41,22,63
SWE-bench Pro v1,instance_ansible__ansible-5f4e332e3762999d94af27746db29ff1729252c1-v0f01c69f1e2528b935359cfe578530722bca2c59,2,32,20,52
SWE-bench Pro v1,instance_gravitational__teleport-8302d467d160f869b77184e262adbe2fbc95d9ba-vce94f93ad1030e3136852817f2423c1b3ac37bc4,10,245,34,279
SWE-bench Pro v1,instance_gravitational__teleport-1b08e7d0dbe68fe530a0f08ad408ec198b7c53fc-vee9b09fb20c43af7e520f57e9239bbcf46b7113d,1,21,3,24
SWE-bench Pro v1,instance_ansible__ansible-935528e22e5283ee3f63a8772830d3d01f55ed8c-vba6da65a0f3baefda7a058ebbd0a8dcafb8512f5,8,113,146,259
SWE-bench Pro v1,instance_NodeBB__NodeBB-22368b996ee0e5f11a5189b400b33af3cc8d925a-v4fbcfae8b15e4ce5d132c408bca69ebb9cf146ed,1,33,18,51
SWE-bench Pro v1,instance_flipt-io__flipt-3d5a345f94c2adc8a0eaa102c189c08ad4c0f8e8,16,177,22,199
SWE-bench Pro v1,instance_future-architect__vuls-ad2edbb8448e2c41a097f1c0b52696c0f6c5924d,8,432,772,1204
SWE-bench Pro v1,instance_navidrome__navidrome-29bc17acd71596ae92131aca728716baf5af9906,3,72,17,89
SWE-bench Pro v1,instance_internetarchive__openlibrary-ba3abfb6af6e722185d3715929ab0f3e5a134eed-v76304ecdb3a5954fcf13feb710e8c40fcf24b73c,3,35,13,48
SWE-bench Pro v1,instance_tutao__tutanota-1e516e989b3c0221f4af6b297d9c0e4c43e4adc3-vbc0d9ba8f0071fbe982809910959a6ff8884dbbf,6,24,32,56
SWE-bench Pro v1,instance_tutao__tutanota-f3ffe17af6e8ab007e8d461355057ad237846d9d-vbc0d9ba8f0071fbe982809910959a6ff8884dbbf,9,132,131,263
SWE-bench Pro v1,instance_protonmail__webclients-944adbfe06644be0789f59b78395bdd8567d8547,2,20,0,20
SWE-bench Pro v1,instance_gravitational__teleport-b1bcd8b90c474a35bb11cc3ef4cc8941e1f8eab2-vee9b09fb20c43af7e520f57e9239bbcf46b7113d,1,53,3,56
SWE-bench Pro v1,instance_gravitational__teleport-769b4b5eec7286b7b14e179f2cc52e6b15d2d9f3-v626ec2a48416b10a88641359a169d99e935ff037,6,102,37,139
SWE-bench Pro v1,instance_internetarchive__openlibrary-5de7de19211e71b29b2f2ba3b1dff2fe065d660f-v08d8e8889ec945ab821fb156c04c7d2e2810debb,3,46,42,88
SWE-bench Pro v1,instance_ansible__ansible-0ea40e09d1b35bcb69ff4d9cecf3d0defa4b36e8-v30a923fb5c164d6cd18280c02422f75e611e8fb2,3,27,5,32
SWE-bench Pro v1,instance_ansible__ansible-5e88cd9972f10b66dd97e1ee684c910c6a2dd25e-v906c969b551b346ef54a2c0b41e04f632b7b73c2,1,200,0,200
SWE-bench Pro v1,instance_internetarchive__openlibrary-c506c1b0b678892af5cb22c1c1dbc35d96787a0a-v0f5aece3601a5b4419f7ccec1dbda2071be28ee4,14,278,10,288
SWE-bench Pro v1,instance_NodeBB__NodeBB-eb49a64974ca844bca061744fb3383f5d13b02ad-vnan,14,124,41,165
SWE-bench Pro v1,instance_internetarchive__openlibrary-fad4a40acf5ff5f06cd7441a5c7baf41a7d81fe4-vfa6ff903cb27f336e17654595dd900fa943dcd91,2,22,21,43
SWE-bench Pro v1,instance_ansible__ansible-9142be2f6cabbe6597c9254c5bb9186d17036d55-v0f01c69f1e2528b935359cfe578530722bca2c59,2,46,35,81
SWE-bench Pro v1,instance_gravitational__teleport-6a14edcf1ff010172fdbac622d0a474ed6af46de,5,62,6,68
SWE-bench Pro v1,instance_flipt-io__flipt-5ffba3406a7993d97ced4cc13658bee66150fcca,4,55,7,62
SWE-bench Pro v1,instance_ansible__ansible-6cc97447aac5816745278f3735af128afb255c81-v0f01c69f1e2528b935359cfe578530722bca2c59,7,47,36,83
SWE-bench Pro v1,instance_protonmail__webclients-da91f084c0f532d9cc8ca385a701274d598057b8,4,45,11,56
SWE-bench Pro v1,instance_qutebrowser__qutebrowser-ff1c025ad3210506fc76e1f604d8c8c27637d88e-v363c8a7e5ccdf6968fc7ab84a2053ac78036691d,4,67,28,95
SWE-bench Pro v1,instance_flipt-io__flipt-b2393f07d893024ab1e47ea2081e0289e1f9d56f,9,111,41,152
SWE-bench Pro v1,instance_future-architect__vuls-8659668177f1feb65963db7a967347a79c5f9c40,4,69,35,104
SWE-bench Pro v1,instance_ansible__ansible-a20a52701402a12f91396549df04ac55809f68e9-v1055803c3a812189a1133297f7f5468579283f86,2,33,17,50
SWE-bench Pro v1,instance_ansible__ansible-de01db08d00c8d2438e1ba5989c313ba16a145b0-vba6da65a0f3baefda7a058ebbd0a8dcafb8512f5,3,46,5,51
SWE-bench Pro v1,instance_qutebrowser__qutebrowser-de4a1c1a2839b5b49c3d4ce21d39de48d24e2091-v2ef375ac784985212b1805e1d0431dc8f1b3c171,4,286,256,542
SWE-bench Pro v1,instance_internetarchive__openlibrary-f343c08f89c772f7ba6c0246f384b9e6c3dc0add-v08d8e8889ec945ab821fb156c04c7d2e2810debb,2,31,23,54
SWE-bench Pro v1,instance_qutebrowser__qutebrowser-3d01c201b8aa54dd71d4f801b1dd12feb4c0a08a-v5fc38aaf22415ab0b70567368332beee7955b367,3,25,38,63
SWE-bench Pro v1,instance_qutebrowser__qutebrowser-01d1d1494411380d97cac14614a829d3a69cecaf-v2ef375ac784985212b1805e1d0431dc8f1b3c171,2,54,41,95
SWE-bench Pro v1,instance_element-hq__element-web-dae13ac8522fc6d41e64d1ac6e3174486fdcce0c-vnan,1,23,22,45
SWE-bench Pro v1,instance_future-architect__vuls-b8db2e0b74f60cb7d45f710f255e061f054b6afc,9,174,69,243
SWE-bench Pro v1,instance_NodeBB__NodeBB-76c6e30282906ac664f2c9278fc90999b27b1f48-vd59a5728dfc977f44533186ace531248c2917516,106,518,102,620
SWE-bench Pro v1,instance_protonmail__webclients-d494a66038112b239a381f49b3914caf8d2ef3b4,6,38,36,74
SWE-bench Pro v1,instance_internetarchive__openlibrary-43f9e7e0d56a4f1d487533543c17040a029ac501-v0f5aece3601a5b4419f7ccec1dbda2071be28ee4,1,29,0,29
SWE-bench Pro v1,instance_qutebrowser__qutebrowser-e34dfc68647d087ca3175d9ad3f023c30d8c9746-v363c8a7e5ccdf6968fc7ab84a2053ac78036691d,1,29,29,58
SWE-bench Pro v1,instance_flipt-io__flipt-05d7234fa582df632f70a7cd10194d61bd7043b9,10,78,32,110
SWE-bench Pro v1,instance_internetarchive__openlibrary-6fdbbeee4c0a7e976ff3e46fb1d36f4eb110c428-v08d8e8889ec945ab821fb156c04c7d2e2810debb,6,135,134,269
SWE-bench Pro v1,instance_future-architect__vuls-999529a05b202b0fd29c6fca5039a4c47a3766bb,1,163,81,244
SWE-bench Pro v1,instance_NodeBB__NodeBB-9c576a0758690f45a6ca03b5884c601e473bf2c1-vd59a5728dfc977f44533186ace531248c2917516,8,77,58,135
SWE-bench Pro v1,instance_flipt-io__flipt-dbe263961b187e1c5d7fe34c65b000985a2da5a0,9,253,16,269
SWE-bench Pro v1,instance_navidrome__navidrome-d613b1930688422122796b43acb3caf2538c8fd1,5,23,25,48
SWE-bench Pro v1,instance_future-architect__vuls-f6509a537660ea2bce0e57958db762edd3a36702,6,179,2,181
SWE-bench Pro v1,instance_future-architect__vuls-e3c27e1817d68248043bd09d63cc31f3344a6f2c,3,70,75,145
SWE-bench Pro v1,instance_navidrome__navidrome-89b12b34bea5687c70e4de2109fd1e7330bb2ba2,3,52,25,77
SWE-bench Pro v1,instance_qutebrowser__qutebrowser-a84ecfb80a00f8ab7e341372560458e3f9cfffa2-v2ef375ac784985212b1805e1d0431dc8f1b3c171,4,43,8,51
SWE-bench Pro v1,instance_internetarchive__openlibrary-7f7e53aa4cf74a4f8549a5bcd4810c527e2f6d7e-v13642507b4fc1f8d234172bf8129942da2c2ca26,1,40,9,49
SWE-bench Pro v1,instance_flipt-io__flipt-b6cef5cdc0daff3ee99e5974ed60a1dc6b4b0d67,2,44,16,60
SWE-bench Pro v1,instance_flipt-io__flipt-0b119520afca1cf25c470ff4288c464d4510b944,3,85,34,119
SWE-bench Pro v1,instance_protonmail__webclients-6e1873b06df6529a469599aa1d69d3b18f7d9d37,15,619,194,813
SWE-bench Pro v1,instance_ansible__ansible-3b823d908e8a5d17674f8c26d337d3114b7493b1-v0f01c69f1e2528b935359cfe578530722bca2c59,7,30,15,45
SWE-bench Pro v1,instance_qutebrowser__qutebrowser-44e64199ed38003253f0296badd4a447645067b6-v2ef375ac784985212b1805e1d0431dc8f1b3c171,1,32,17,49
SWE-bench Pro v1,instance_flipt-io__flipt-690672523398c2b6f6e4562f0bf9868664ab894f,2,115,86,201
SWE-bench Pro v1,instance_navidrome__navidrome-28389fb05e1523564dfc61fa43ed8eb8a10f938c,10,132,48,180
SWE-bench Pro v1,instance_NodeBB__NodeBB-70b4a0e2aebebe8f2f559de6680093d96a697b2f-vnan,4,57,22,79
SWE-bench Pro v1,instance_ansible__ansible-3db08adbb1cc6aa9941be5e0fc810132c6e1fa4b-vba6da65a0f3baefda7a058ebbd0a8dcafb8512f5,3,40,6,46
SWE-bench Pro v1,instance_ansible__ansible-1c06c46cc14324df35ac4f39a45fb3ccd602195d-v0f01c69f1e2528b935359cfe578530722bca2c59,4,46,25,71
SWE-bench Pro v1,instance_element-hq__element-web-ca8b1b04effb4fec0e1dd3de8e3198eeb364d50e-vnan,1,26,9,35
SWE-bench Pro v1,instance_flipt-io__flipt-29d3f9db40c83434d0e3cc082af8baec64c391a9,2,47,5,52
SWE-bench Pro v1,instance_navidrome__navidrome-d0dceae0943b8df16e579c2d9437e11760a0626a,14,172,47,219
SWE-bench Pro v1,instance_gravitational__teleport-7744f72c6eb631791434b648ba41083b5f6d2278-vce94f93ad1030e3136852817f2423c1b3ac37bc4,11,561,11,572
SWE-bench Pro v1,instance_navidrome__navidrome-bf2bcb12799b21069f137749e0c331f761d1f693,10,669,84,753
SWE-bench Pro v1,instance_future-architect__vuls-aaea15e516ece43978cf98e09e52080478b1d39f,6,56,151,207
SWE-bench Pro v1,instance_protonmail__webclients-cb8cc309c6968b0a2a5fe4288d0ae0a969ff31e1,4,28,4,32
SWE-bench Pro v1,instance_gravitational__teleport-e6895d8934f6e484341034869901145fbc025e72-vce94f93ad1030e3136852817f2423c1b3ac37bc4,2,60,1,61
SWE-bench Pro v1,instance_NodeBB__NodeBB-be43cd25974681c9743d424238b7536c357dc8d3-vf2cf3cbd463b7ad942381f1c6d077626485a1e9e,9,72,1,73
SWE-bench Pro v1,instance_future-architect__vuls-6682232b5c8a9d08c0e9f15bd90d41bff3875adc,4,115,30,145
SWE-bench Pro v1,instance_tutao__tutanota-f373ac3808deefce8183dad8d16729839cc330c1-v2939aa9f4356f0dc9f523ee5ce19d09e08ab979b,9,127,77,204
SWE-bench Pro v1,instance_qutebrowser__qutebrowser-46e6839e21d9ff72abb6c5d49d5abaa5a8da8a81-v2ef375ac784985212b1805e1d0431dc8f1b3c171,5,27,23,50
SWE-bench Pro v1,instance_future-architect__vuls-78b52d6a7f480bd610b692de9bf0c86f57332f23,8,173,97,270
SWE-bench Pro v1,instance_navidrome__navidrome-69e0a266f48bae24a11312e9efbe495a337e4c84,7,84,63,147
SWE-bench Pro v1,instance_future-architect__vuls-e1df74cbc1a1d1889428b3333a3b2405c4651993,4,51,5,56
SWE-bench Pro v1,instance_protonmail__webclients-0200ce0fc1d4dbd35178c10d440a284c82ecc858,1,52,34,86
SWE-bench Pro v1,instance_gravitational__teleport-4e1c39639edf1ab494dd7562844c8b277b5cfa18-vee9b09fb20c43af7e520f57e9239bbcf46b7113d,7,563,0,563
SWE-bench Pro v1,instance_ansible__ansible-a02e22e902a69aeb465f16bf03f7f5a91b2cb828-vba6da65a0f3baefda7a058ebbd0a8dcafb8512f5,5,32,3,35
SWE-bench Pro v1,instance_flipt-io__flipt-a42d38a1bb1df267c53d9d4a706cf34825ae3da9,8,92,16,108
SWE-bench Pro v1,instance_ansible__ansible-11c1777d56664b1acb56b387a1ad6aeadef1391d-v0f01c69f1e2528b935359cfe578530722bca2c59,1,38,0,38
SWE-bench Pro v1,instance_protonmail__webclients-708ed4a299711f0fa79a907cc5847cfd39c0fc71,4,32,7,39
SWE-bench Pro v1,instance_navidrome__navidrome-d8e794317f788198227e10fb667e10496b3eb99a,10,43,67,110
SWE-bench Pro v1,instance_navidrome__navidrome-e12a14a87d392ac70ee4cc8079e3c3e0103dbcb2,11,77,12,89
SWE-bench Pro v1,instance_qutebrowser__qutebrowser-bf045f7ec7c27709ea3ef61cf41a24e8fdd2e7da-v059c6fdc75567943479b23ebca7c07b5e9a7f34c,1,47,27,74
SWE-bench Pro v1,instance_flipt-io__flipt-967855b429f749c28c112b8cb1b15bc79157f973,5,802,680,1482
SWE-bench Pro v1,instance_NodeBB__NodeBB-82562bec444940608052f3e4149e0c61ec80bf3f-vd59a5728dfc977f44533186ace531248c2917516,2,38,11,49
SWE-bench Pro v1,instance_internetarchive__openlibrary-6a117fab6c963b74dc1ba907d838e74f76d34a4b-v13642507b4fc1f8d234172bf8129942da2c2ca26,7,119,1,120
SWE-bench Pro v1,instance_ansible__ansible-d58e69c82d7edd0583dd8e78d76b075c33c3151e-v173091e2e36d38c978002990795f66cfc0af30ad,3,120,16,136
SWE-bench Pro v1,instance_qutebrowser__qutebrowser-8f46ba3f6dc7b18375f7aa63c48a1fe461190430-v2ef375ac784985212b1805e1d0431dc8f1b3c171,3,27,2,29
SWE-bench Pro v1,instance_protonmail__webclients-df60460f163fd5c34e844ab9015e3176f1ab1ac0,6,95,39,134
SWE-bench Pro v1,instance_ansible__ansible-949c503f2ef4b2c5d668af0492a5c0db1ab86140-v0f01c69f1e2528b935359cfe578530722bca2c59,4,156,74,230
SWE-bench Pro v1,instance_flipt-io__flipt-524f277313606f8cd29b299617d6565c01642e15,11,203,56,259
SWE-bench Pro v1,instance_qutebrowser__qutebrowser-ed19d7f58b2664bb310c7cb6b52c5b9a06ea60b2-v059c6fdc75567943479b23ebca7c07b5e9a7f34c,4,26,8,34
SWE-bench Pro v1,instance_internetarchive__openlibrary-fdbc0d8f418333c7e575c40b661b582c301ef7ac-v13642507b4fc1f8d234172bf8129942da2c2ca26,4,41,54,95
SWE-bench Pro v1,instance_ansible__ansible-42355d181a11b51ebfc56f6f4b3d9c74e01cb13b-v1055803c3a812189a1133297f7f5468579283f86,6,78,11,89
SWE-bench Pro v1,instance_navidrome__navidrome-5e549255201e622c911621a7b770477b1f5a89be,10,97,52,149
SWE-bench Pro v1,instance_element-hq__element-web-ce554276db97b9969073369fefa4950ca8e54f84-vnan,1,27,6,33
SWE-bench Pro v1,instance_NodeBB__NodeBB-4327a09d76f10a79109da9d91c22120428d3bdb9-vnan,8,24,18,42
SWE-bench Pro v1,instance_element-hq__element-web-27139ca68eb075a4438c18fca184887002a4ffbc-vnan,2,31,9,40
SWE-bench Pro v1,instance_ansible__ansible-ed6581e4db2f1bec5a772213c3e186081adc162d-v0f01c69f1e2528b935359cfe578530722bca2c59,1,29,15,44
SWE-bench Pro v1,instance_NodeBB__NodeBB-6489e9fd9ed16ea743cc5627f4d86c72fbdb3a8a-v2c59007b1005cd5cd14cbb523ca5229db1fd2dd8,5,82,15,97
SWE-bench Pro v1,instance_internetarchive__openlibrary-427f1f4eddfc54735ca451779d4f95bf683d1b0e-v0f5aece3601a5b4419f7ccec1dbda2071be28ee4,2,28,18,46
SWE-bench Pro v1,instance_future-architect__vuls-a76302c11174ca081f656c63a000ffa746e350af,4,31,21,52
SWE-bench Pro v1,instance_flipt-io__flipt-e88e93990e3ec1e7697754b423decc510d5dd5fe,4,111,78,189
SWE-bench Pro v1,instance_flipt-io__flipt-65581fef4aa807540cb933753d085feb0d7e736f,12,308,41,349
SWE-bench Pro v1,instance_gravitational__teleport-87a593518b6ce94624f6c28516ce38cc30cbea5a,2,80,0,80
SWE-bench Pro v1,instance_element-hq__element-web-f14374a51c153f64f313243f2df6ea4971db4e15,17,324,175,499
SWE-bench Pro v1,instance_ansible__ansible-29aea9ff3466e4cd2ed00524b9e56738d568ce8b-vba6da65a0f3baefda7a058ebbd0a8dcafb8512f5,3,55,6,61
SWE-bench Pro v1,instance_protonmail__webclients-bf2e89c0c488ae1a87d503e5b09fe9dd2f2a635f,8,66,62,128
SWE-bench Pro v1,instance_future-architect__vuls-ca3f6b1dbf2cd24d1537bfda43e788443ce03a0c,5,180,62,242
SWE-bench Pro v1,instance_gravitational__teleport-37c3724d0d6637e959e39408ee351565d73afe71-vee9b09fb20c43af7e520f57e9239bbcf46b7113d,1,72,65,137
SWE-bench Pro v1,instance_protonmail__webclients-8142704f447df6e108d53cab25451c8a94976b92,17,53,65,118
SWE-bench Pro v1,instance_future-architect__vuls-4c04acbd9ea5b073efe999e33381fa9f399d6f27,10,155,54,209
SWE-bench Pro v1,instance_internetarchive__openlibrary-03095f2680f7516fca35a58e665bf2a41f006273-v8717e18970bcdc4e0d2cea3b1527752b21e74866,1,45,8,53
SWE-bench Pro v1,instance_protonmail__webclients-2f66db85455f4b22a47ffd853738f679b439593c,1,23,10,33
SWE-bench Pro v1,instance_gravitational__teleport-ad41b3c15414b28a6cec8c25424a19bfa7abd0e9-vee9b09fb20c43af7e520f57e9239bbcf46b7113d,4,84,70,154
SWE-bench Pro v1,instance_ansible__ansible-bf98f031f3f5af31a2d78dc2f0a58fe92ebae0bb-v1055803c3a812189a1133297f7f5468579283f86,4,104,4,108
SWE-bench Pro v1,instance_protonmail__webclients-d8ff92b414775565f496b830c9eb6cc5fa9620e6,4,212,99,311
SWE-bench Pro v1,instance_internetarchive__openlibrary-3f580a5f244c299d936d73d9e327ba873b6401d9-v0f5aece3601a5b4419f7ccec1dbda2071be28ee4,3,46,29,75
SWE-bench Pro v1,instance_internetarchive__openlibrary-7bf3238533070f2d24bafbb26eedf675d51941f6-v08d8e8889ec945ab821fb156c04c7d2e2810debb,9,103,18,121
SWE-bench Pro v1,instance_tutao__tutanota-de49d486feef842101506adf040a0f00ded59519-v10a26bfb45a064b93f4fc044a0254925037b88f1,2,21,3,24
SWE-bench Pro v1,instance_ansible__ansible-5d253a13807e884b7ce0b6b57a963a45e2f0322c-v1055803c3a812189a1133297f7f5468579283f86,1,60,62,122
SWE-bench Pro v1,instance_flipt-io__flipt-b2170346dc37cf42fda1386cd630f24821ad2ac5,4,23,7,30
SWE-bench Pro v1,instance_flipt-io__flipt-7161f7b876773a911afdd804b281e52681cb7321,3,28,19,47
SWE-bench Pro v1,instance_ansible__ansible-ecea15c508f0e081525be036cf76bbb56dbcdd9d-vba6da65a0f3baefda7a058ebbd0a8dcafb8512f5,3,118,64,182
SWE-bench Pro v1,instance_internetarchive__openlibrary-0a90f9f0256e4f933523e9842799e39f95ae29ce-v76304ecdb3a5954fcf13feb710e8c40fcf24b73c,3,117,53,170
SWE-bench Pro v1,instance_protonmail__webclients-6e165e106d258a442ae849cdf08260329cb92d39,9,180,147,327
SWE-bench Pro v1,instance_internetarchive__openlibrary-3c48b4bb782189e0858e6c3fc7956046cf3e1cfb-v2d9a6c849c60ed19fd0858ce9e40b7cc8e097e59,1,24,3,27
SWE-bench Pro v1,instance_ansible__ansible-d62496fe416623e88b90139dc7917080cb04ce70-v0f01c69f1e2528b935359cfe578530722bca2c59,3,31,4,35
SWE-bench Pro v1,instance_ansible__ansible-489156378c8e97374a75a544c7c9c2c0dd8146d1-v390e508d27db7a51eece36bb6d9698b63a5b638a,3,85,5,90
SWE-bench Pro v1,instance_qutebrowser__qutebrowser-0833b5f6f140d04200ec91605f88704dd18e2970-v059c6fdc75567943479b23ebca7c07b5e9a7f34c,3,25,5,30
SWE-bench Pro v1,instance_tutao__tutanota-fbdb72a2bd39b05131ff905780d9d4a2a074de26-vbc0d9ba8f0071fbe982809910959a6ff8884dbbf,8,139,124,263
SWE-bench Pro v1,instance_element-hq__element-web-459df4583e01e4744a52d45446e34183385442d6-vnan,5,22,5,27
SWE-bench Pro v1,instance_NodeBB__NodeBB-97c8569a798075c50e93e585ac741ab55cb7c28b-vf2cf3cbd463b7ad942381f1c6d077626485a1e9e,2,24,1,25
SWE-bench Pro v1,instance_ansible__ansible-5640093f1ca63fd6af231cc8a7fb7d40e1907b8c-vba6da65a0f3baefda7a058ebbd0a8dcafb8512f5,5,24,7,31
SWE-bench Pro v1,instance_internetarchive__openlibrary-7f6b722a10f822171501d027cad60afe53337732-ve8c8d62a2b60610a3c4631f5f23ed866bada9818,13,858,805,1663
SWE-bench Pro v1,instance_internetarchive__openlibrary-c05ccf2cd8baa81609434e0e35c4a63bc0da5a25-v0f5aece3601a5b4419f7ccec1dbda2071be28ee4,1,40,9,49
SWE-bench Pro v1,instance_NodeBB__NodeBB-6ea3b51f128dd270281db576a1b59270d5e45db0-vnan,3,37,0,37
SWE-bench Pro v1,instance_qutebrowser__qutebrowser-9ed748effa8f3bcd804612d9291da017b514e12f-v363c8a7e5ccdf6968fc7ab84a2053ac78036691d,1,24,14,38
SWE-bench Pro v1,instance_protonmail__webclients-863d524b5717b9d33ce08a0f0535e3fd8e8d1ed8,6,100,29,129
SWE-bench Pro v1,instance_navidrome__navidrome-0130c6dc13438b48cf0fdfab08a89e357b5517c9,6,71,16,87
SWE-bench Pro v1,instance_flipt-io__flipt-ebb3f84c74d61eee4d8c6875140b990eee62e146,11,112,9,121
SWE-bench Pro v1,instance_future-architect__vuls-1832b4ee3a20177ad313d806983127cb6e53f5cf,9,444,29,473
SWE-bench Pro v1,instance_protonmail__webclients-f080ffc38e2ad7bddf2e93e5193e82c20c7a11e7,15,52,54,106
SWE-bench Pro v1,instance_gravitational__teleport-d873ea4fa67d3132eccba39213c1ca2f52064dcc-vce94f93ad1030e3136852817f2423c1b3ac37bc4,7,384,82,466
SWE-bench Pro v1,instance_element-hq__element-web-4fec436883b601a3cac2d4a58067e597f737b817-vnan,10,265,12,277
SWE-bench Pro v1,instance_future-architect__vuls-dc496468b9e9fb73371f9606cdcdb0f8e12e70ca,7,63,372,435
SWE-bench Pro v1,instance_qutebrowser__qutebrowser-cf06f4e3708f886032d4d2a30108c2fddb042d81-v2ef375ac784985212b1805e1d0431dc8f1b3c171,1,43,21,64
SWE-bench Pro v1,instance_ansible__ansible-40ade1f84b8bb10a63576b0ac320c13f57c87d34-v6382ea168a93d80a64aab1fbd8c4f02dc5ada5bf,2,653,0,653
SWE-bench Pro v1,instance_future-architect__vuls-73f0adad95c4d227e2ccfa876c85cc95dd065e13,4,39,37,76
SWE-bench Pro v1,instance_ansible__ansible-d2f80991180337e2be23d6883064a67dcbaeb662-vba6da65a0f3baefda7a058ebbd0a8dcafb8512f5,4,276,34,310
SWE-bench Pro v1,instance_gravitational__teleport-59d39dee5a8a66e5b8a18a9085a199d369b1fba8-v626ec2a48416b10a88641359a169d99e935ff037,4,230,145,375
SWE-bench Pro v1,instance_tutao__tutanota-fb32e5f9d9fc152a00144d56dd0af01760a2d4dc-vc4e41fd0029957297843cb9dec4a25c7c756f029,3,64,76,140
SWE-bench Pro v1,instance_flipt-io__flipt-cd18e54a0371fa222304742c6312e9ac37ea86c1,6,197,42,239
SWE-bench Pro v1,instance_gravitational__teleport-65438e6e44b6ce51458d09b7bb028a2797cfb0ea-vce94f93ad1030e3136852817f2423c1b3ac37bc4,8,155,16,171
SWE-bench Pro v1,instance_qutebrowser__qutebrowser-305e7c96d5e2fdb3b248b27dfb21042fb2b7e0b8-v2ef375ac784985212b1805e1d0431dc8f1b3c171,3,23,5,28
SWE-bench Pro v1,instance_qutebrowser__qutebrowser-233cb1cc48635130e5602549856a6fa4ab4c087f-v35616345bb8052ea303186706cec663146f0f184,7,44,10,54
SWE-bench Pro v1,instance_ansible__ansible-77658704217d5f166404fc67997203c25381cb6e-v390e508d27db7a51eece36bb6d9698b63a5b638a,1,135,13,148
SWE-bench Pro v1,instance_protonmail__webclients-fc9d535e9beb3ae30a52a7146398cadfd6e30606,7,61,41,102
SWE-bench Pro v1,instance_gravitational__teleport-baeb2697c4e4870c9850ff0cd5c7a2d08e1401c9-vee9b09fb20c43af7e520f57e9239bbcf46b7113d,3,130,14,144
SWE-bench Pro v1,instance_qutebrowser__qutebrowser-f8e7fea0becae25ae20606f1422068137189fe9e,4,77,5,82
SWE-bench Pro v1,instance_internetarchive__openlibrary-7edd1ef09d91fe0b435707633c5cc9af41dedddf-v76304ecdb3a5954fcf13feb710e8c40fcf24b73c,2,109,103,212
SWE-bench Pro v1,instance_ansible__ansible-ea04e0048dbb3b63f876aad7020e1de8eee9f362-v1055803c3a812189a1133297f7f5468579283f86,6,70,13,83
SWE-bench Pro v1,instance_element-hq__element-web-cf3c899dd1f221aa1a1f4c5a80dffc05b9c21c85-vnan,11,100,34,134
SWE-bench Pro v1,instance_gravitational__teleport-47530e1fd8bfb84ec096ebcbbc29990f30829655-vee9b09fb20c43af7e520f57e9239bbcf46b7113d,1,50,12,62
SWE-bench Pro v1,instance_gravitational__teleport-02d1efb8560a1aa1c72cfb1c08edd8b84a9511b4-vce94f93ad1030e3136852817f2423c1b3ac37bc4,2,27,51,78
SWE-bench Pro v1,instance_gravitational__teleport-eda668c30d9d3b56d9c69197b120b01013611186,1,96,91,187
SWE-bench Pro v1,instance_flipt-io__flipt-292fdaca9be39e6a921aaa8874c011d0fdd3e874,8,40,10,50
SWE-bench Pro v1,instance_flipt-io__flipt-56a620b8fc9ef7a0819b47709aa541cdfdbba00b,11,254,98,352
SWE-bench Pro v1,instance_internetarchive__openlibrary-08ac40d050a64e1d2646ece4959af0c42bf6b7b5-v0f5aece3601a5b4419f7ccec1dbda2071be28ee4,2,35,6,41
SWE-bench Pro v1,instance_flipt-io__flipt-dae029cba7cdb98dfb1a6b416c00d324241e6063,4,220,3,223
SWE-bench Pro v1,instance_qutebrowser__qutebrowser-ef5ba1a0360b39f9eff027fbdc57f363597c3c3b-v363c8a7e5ccdf6968fc7ab84a2053ac78036691d,4,102,0,102
SWE-bench Pro v1,instance_ansible__ansible-83fb24b923064d3576d473747ebbe62e4535c9e3-vba6da65a0f3baefda7a058ebbd0a8dcafb8512f5,2,22,0,22
SWE-bench Pro v1,instance_gravitational__teleport-0cb341c926713bdfcbb490c69659a9b101df99eb,1,25,16,41
SWE-bench Pro v1,instance_element-hq__element-web-ad26925bb6628260cfe0fcf90ec0a8cba381f4a4-vnan,5,242,274,516
SWE-bench Pro v1,instance_gravitational__teleport-4d0117b50dc8cdb91c94b537a4844776b224cd3d,3,162,84,246
SWE-bench Pro v1,instance_gravitational__teleport-b4e7cd3a5e246736d3fe8d6886af55030b232277,6,38,24,62
SWE-bench Pro v1,instance_protonmail__webclients-ac23d1efa1a6ab7e62724779317ba44c28d78cfd,5,42,20,62
SWE-bench Pro v1,instance_navidrome__navidrome-c90468b895f6171e33e937ff20dc915c995274f0,5,107,5,112
SWE-bench Pro v1,instance_internetarchive__openlibrary-a7b7dc5735a1b3a9824376b1b469b556dd413981-va4315b5dc369c1ef66ae22f9ae4267aa3114e1b3,2,36,13,49
SWE-bench Pro v1,instance_navidrome__navidrome-1e96b858a91c640fe64e84c5e5ad8cc0954ea38d,1,50,33,83
SWE-bench Pro v1,instance_gravitational__teleport-fd2959260ef56463ad8afa4c973f47a50306edd4,4,54,23,77
SWE-bench Pro v1,instance_protonmail__webclients-3a6790f480309130b5d6332dce6c9d5ccca13ee3,10,182,25,207
SWE-bench Pro v1,instance_ansible__ansible-c1f2df47538b884a43320f53e787197793b105e8-v906c969b551b346ef54a2c0b41e04f632b7b73c2,1,553,0,553
SWE-bench Pro v1,instance_future-architect__vuls-f0b3a8b1db98eb1bd32685f1c36c41a99c3452ed,6,30,34,64
SWE-bench Pro v1,instance_gravitational__teleport-f432a71a13e698b6e1c4672a2e9e9c1f32d35c12,2,167,0,167
SWE-bench Pro v1,instance_NodeBB__NodeBB-767973717be700f46f06f3e7f4fc550c63509046-vnan,9,228,96,324
SWE-bench Pro v1,instance_ansible__ansible-83909bfa22573777e3db5688773bda59721962ad-vba6da65a0f3baefda7a058ebbd0a8dcafb8512f5,7,30,171,201
SWE-bench Pro v1,instance_NodeBB__NodeBB-0e07f3c9bace416cbab078a30eae972868c0a8a3-vf2cf3cbd463b7ad942381f1c6d077626485a1e9e,9,37,7,44
SWE-bench Pro v1,instance_gravitational__teleport-0ecf31de0e98b272a6a2610abe1bbedd379a38a3-vce94f93ad1030e3136852817f2423c1b3ac37bc4,3,68,11,79
SWE-bench Pro v1,instance_protonmail__webclients-5e815cfa518b223a088fa9bb232a5fc90ab15691,7,166,14,180
SWE-bench Pro v1,instance_gravitational__teleport-1330415d33a27594c948a36d9d7701f496229e9f,1,165,20,185
SWE-bench Pro v1,instance_flipt-io__flipt-5aef5a14890aa145c22d864a834694bae3a6f112,5,75,14,89
SWE-bench Pro v1,instance_protonmail__webclients-0ec14e36ceb01ba45602a563e12352af8171ed39,2,27,3,30
SWE-bench Pro v1,instance_ansible__ansible-9a21e247786ebd294dafafca1105fcd770ff46c6-v67cdaa49f89b34e42b69d5b7830b3c3ad3d8803f,2,34,29,63
SWE-bench Pro v1,instance_internetarchive__openlibrary-910b08570210509f3bcfebf35c093a48243fe754-v0f5aece3601a5b4419f7ccec1dbda2071be28ee4,9,291,39,330
SWE-bench Pro v1,instance_element-hq__element-web-66d0b318bc6fee0d17b54c1781d6ab5d5d323135-vnan,6,201,58,259
SWE-bench Pro v1,instance_navidrome__navidrome-29b7b740ce469201af0a0510f3024adc93ef4c8e,2,28,23,51
SWE-bench Pro v1,instance_internetarchive__openlibrary-de6ae10512f1b5ef585c8341b451bc49c9fd4996-vfa6ff903cb27f336e17654595dd900fa943dcd91,1,71,19,90
SWE-bench Pro v1,instance_ansible__ansible-1bd7dcf339dd8b6c50bc16670be2448a206f4fdb-vba6da65a0f3baefda7a058ebbd0a8dcafb8512f5,5,93,44,137
SWE-bench Pro v1,instance_internetarchive__openlibrary-308a35d6999427c02b1dbf5211c033ad3b352556-ve8c8d62a2b60610a3c4631f5f23ed866bada9818,6,119,125,244
SWE-bench Pro v1,instance_element-hq__element-web-33299af5c9b7a7ec5a9c31d578d4ec5b18088fb7-vnan,3,59,34,93
SWE-bench Pro v1,instance_protonmail__webclients-369fd37de29c14c690cb3b1c09a949189734026f,33,647,364,1011
SWE-bench Pro v1,instance_navidrome__navidrome-6bd4c0f6bfa653e9b8b27cfdc2955762d371d6e9,6,127,3,130
SWE-bench Pro v1,instance_flipt-io__flipt-af7a0be46d15f0b63f16a868d13f3b48a838e7ce,11,143,29,172
SWE-bench Pro v1,instance_protonmail__webclients-4feccbc9990980aee26ea29035f8f931d6089895,3,61,42,103
SWE-bench Pro v1,instance_qutebrowser__qutebrowser-8cd06741bb56cdca49f5cdc0542da97681154315-v5149fcda2a9a6fe1d35dfed1bade1444a11ef271,4,44,15,59
SWE-bench Pro v1,instance_protonmail__webclients-a6e6f617026794e7b505d649d2a7a9cdf17658c8,2,27,0,27
SWE-bench Pro v1,instance_ansible__ansible-e9e6001263f51103e96e58ad382660df0f3d0e39-v30a923fb5c164d6cd18280c02422f75e611e8fb2,2,26,70,96
SWE-bench Pro v1,instance_flipt-io__flipt-1dceb5edf3fa8f39495b939ef9cc0c3dd38fa17d,2,51,10,61
SWE-bench Pro v1,instance_ansible__ansible-deb54e4c5b32a346f1f0b0a14f1c713d2cc2e961-vba6da65a0f3baefda7a058ebbd0a8dcafb8512f5,5,30,19,49
SWE-bench Pro v1,instance_NodeBB__NodeBB-bd80d36e0dcf78cd4360791a82966078b3a07712-v4fbcfae8b15e4ce5d132c408bca69ebb9cf146ed,4,218,23,241
SWE-bench Pro v1,instance_NodeBB__NodeBB-da0211b1a001d45d73b4c84c6417a4f1b0312575-vf2cf3cbd463b7ad942381f1c6d077626485a1e9e,2,25,10,35
SWE-bench Pro v1,instance_internetarchive__openlibrary-62d2243131a9c7e6aee00d1e9c5660fd5b594e89-v0f5aece3601a5b4419f7ccec1dbda2071be28ee4,2,75,25,100
SWE-bench Pro v1,instance_protonmail__webclients-dfe5604193d63bfcb91ce60d62db2f805c43bf11,2,223,183,406
SWE-bench Pro v1,instance_tutao__tutanota-b4934a0f3c34d9d7649e944b183137e8fad3e859-vbc0d9ba8f0071fbe982809910959a6ff8884dbbf,3,27,1,28
SWE-bench Pro v1,instance_internetarchive__openlibrary-77c16d530b4d5c0f33d68bead2c6b329aee9b996-ve8c8d62a2b60610a3c4631f5f23ed866bada9818,7,126,78,204
SWE-bench Pro v1,instance_flipt-io__flipt-c1728053367c753688f114ec26e703c8fdeda125,8,366,0,366
SWE-bench Pro v1,instance_qutebrowser__qutebrowser-99029144b5109bb1b2a53964a7c129e009980cd9-va0fd88aac89cde702ec1ba84877234da33adce8a,5,52,25,77
SWE-bench Pro v1,instance_gravitational__teleport-645afa051b65d137654fd0d2d878a700152b305a-vee9b09fb20c43af7e520f57e9239bbcf46b7113d,1,35,24,59
SWE-bench Pro v1,instance_gravitational__teleport-46a13210519461c7cec8d643bfbe750265775b41,2,31,7,38
SWE-bench Pro v1,instance_future-architect__vuls-54e73c2f5466ef5daec3fb30922b9ac654e4ed25,5,94,99,193
SWE-bench Pro v1,instance_future-architect__vuls-f6cc8c263dc00329786fa516049c60d4779c4a07,3,286,157,443
SWE-bench Pro v1,instance_qutebrowser__qutebrowser-cc360cd4a34a126274c7b51f3b63afbaf3e05a02-v5fc38aaf22415ab0b70567368332beee7955b367,2,28,16,44
SWE-bench Pro v1,instance_ansible__ansible-a1569ea4ca6af5480cf0b7b3135f5e12add28a44-v0f01c69f1e2528b935359cfe578530722bca2c59,2,33,26,59
SWE-bench Pro v1,instance_gravitational__teleport-bb562408da4adeae16e025be65e170959d1ec492-vee9b09fb20c43af7e520f57e9239bbcf46b7113d,1,423,0,423
SWE-bench Pro v1,instance_NodeBB__NodeBB-3c85b944e30a0ba8b3ec9e1f441c74f383625a15-v4fbcfae8b15e4ce5d132c408bca69ebb9cf146ed,7,34,3,37
SWE-bench Pro v1,instance_ansible__ansible-709484969c8a4ffd74b839a673431a8c5caa6457-vba6da65a0f3baefda7a058ebbd0a8dcafb8512f5,3,58,30,88
SWE-bench Pro v1,instance_internetarchive__openlibrary-6e889f4a733c9f8ce9a9bd2ec6a934413adcedb9-ve8c8d62a2b60610a3c4631f5f23ed866bada9818,2,99,5,104
SWE-bench Pro v1,instance_NodeBB__NodeBB-18c45b44613aecd53e9f60457b9812049ab2998d-v0495b863a912fbff5749c67e860612b91825407c,8,205,51,256
SWE-bench Pro v1,instance_protonmail__webclients-f161c10cf7d31abf82e8d64d7a99c9fac5acfa18,2,25,7,32
SWE-bench Pro v1,instance_NodeBB__NodeBB-cfc237c2b79d8c731bbfc6cadf977ed530bfd57a-v0495b863a912fbff5749c67e860612b91825407c,7,71,16,87
SWE-bench Pro v1,instance_internetarchive__openlibrary-5fb312632097be7e9ac6ab657964af115224d15d-v0f5aece3601a5b4419f7ccec1dbda2071be28ee4,8,139,7,146
SWE-bench Pro v1,instance_ansible__ansible-415e08c2970757472314e515cb63a51ad825c45e-v7eee2454f617569fd6889f2211f75bc02a35f9f8,3,65,7,72
SWE-bench Pro v1,instance_ansible__ansible-b6290e1d156af608bd79118d209a64a051c55001-v390e508d27db7a51eece36bb6d9698b63a5b638a,1,582,0,582
SWE-bench Pro v1,instance_navidrome__navidrome-0a650de357babdcc8ce910fe37fee84acf4ed2fe,9,139,8,147
SWE-bench Pro v1,instance_flipt-io__flipt-c154dd1a3590954dfd3b901555fc6267f646a289,14,122,21,143
SWE-bench Pro v1,instance_ansible__ansible-3889ddeb4b780ab4bac9ca2e75f8c1991bcabe83-v0f01c69f1e2528b935359cfe578530722bca2c59,2,59,2,61
SWE-bench Pro v1,instance_protonmail__webclients-32ff10999a06455cb2147f6873d627456924ae13,12,183,89,272
SWE-bench Pro v1,instance_ansible__ansible-984216f52e76b904e5b0fa0fb956ab4f1e0a7751-v1055803c3a812189a1133297f7f5468579283f86,8,172,114,286
SWE-bench Pro v1,instance_qutebrowser__qutebrowser-ec2dcfce9eee9f808efc17a1b99e227fc4421dea-v5149fcda2a9a6fe1d35dfed1bade1444a11ef271,4,84,12,96
SWE-bench Pro v1,instance_flipt-io__flipt-5af0757e96dec4962a076376d1bedc79de0d4249,4,48,5,53
SWE-bench Pro v1,instance_ansible__ansible-e0c91af45fa9af575d10fd3e724ebc59d2b2d6ac-v30a923fb5c164d6cd18280c02422f75e611e8fb2,4,22,56,78
SWE-bench Pro v1,instance_internetarchive__openlibrary-e1e502986a3b003899a8347ac8a7ff7b08cbfc39-v08d8e8889ec945ab821fb156c04c7d2e2810debb,6,114,9,123
SWE-bench Pro v1,instance_ansible__ansible-5c225dc0f5bfa677addeac100a8018df3f3a9db1-v173091e2e36d38c978002990795f66cfc0af30ad,3,28,10,38
SWE-bench Pro v1,instance_ansible__ansible-811093f0225caa4dd33890933150a81c6a6d5226-v1055803c3a812189a1133297f7f5468579283f86,10,319,400,719
SWE-bench Pro v1,instance_NodeBB__NodeBB-b398321a5eb913666f903a794219833926881a8f-vd59a5728dfc977f44533186ace531248c2917516,11,47,29,76
SWE-bench Pro v1,instance_internetarchive__openlibrary-3f7db6bbbcc7c418b3db72d157c6aed1d45b2ccf-v430f20c722405e462d9ef44dee7d34c41e76fe7a,2,208,0,208
SWE-bench Pro v1,instance_qutebrowser__qutebrowser-deeb15d6f009b3ca0c3bd503a7cef07462bd16b4-v363c8a7e5ccdf6968fc7ab84a2053ac78036691d,1,37,16,53
SWE-bench Pro v1,instance_navidrome__navidrome-10108c63c9b5bdf2966ffb3239bbfd89683e37b7,6,39,14,53
SWE-bench Pro v1,instance_gravitational__teleport-3587cca7840f636489449113969a5066025dd5bf,15,1338,14,1352
SWE-bench Pro v1,instance_flipt-io__flipt-e5fe37c379e1eec2dd3492c5737c0be761050b26,6,135,15,150
SWE-bench Pro v1,instance_protonmail__webclients-c5a2089ca2bfe9aa1d85a664b8ad87ef843a1c9c,1,33,0,33
SWE-bench Pro v1,instance_ansible__ansible-379058e10f3dbc0fdcaf80394bd09b18927e7d33-v1055803c3a812189a1133297f7f5468579283f86,11,35,46,81
SWE-bench Pro v1,instance_internetarchive__openlibrary-acdddc590d0b3688f8f6386f43709049622a6e19-vfa6ff903cb27f336e17654595dd900fa943dcd91,2,45,13,58
SWE-bench Pro v1,instance_flipt-io__flipt-c6a7b1fd933e763b1675281b30077e161fa115a1,10,104,33,137
SWE-bench Pro v1,instance_internetarchive__openlibrary-1be7de788a444f6255e89c10ef6aa608550604a8-v29f82c9cf21d57b242f8d8b0e541525d259e2d63,4,71,77,148
SWE-bench Pro v1,instance_internetarchive__openlibrary-f3b26c2c0721f8713353fe4b341230332e30008d-v0f5aece3601a5b4419f7ccec1dbda2071be28ee4,2,43,8,51
SWE-bench Pro v1,instance_future-architect__vuls-d576b6c6c15e56c47cc3e26f5878867677d4a9ea,8,167,103,270
SWE-bench Pro v1,instance_gravitational__teleport-af5e2517de7d18406b614e413aca61c319312171-vee9b09fb20c43af7e520f57e9239bbcf46b7113d,4,62,8,70
SWE-bench Pro v1,instance_navidrome__navidrome-eebfbc5381a1e506ff17b5f1371d1ad83d5fd642,2,31,31,62
SWE-bench Pro v1,instance_future-architect__vuls-fe8d252c51114e922e6836055ef86a15f79ad042,4,51,25,76
SWE-bench Pro v1,instance_ansible__ansible-fb144c44144f8bd3542e71f5db62b6d322c7bd85-vba6da65a0f3baefda7a058ebbd0a8dcafb8512f5,4,45,23,68
SWE-bench Pro v1,instance_protonmail__webclients-428cd033fede5fd6ae9dbc7ab634e010b10e4209,6,33,19,52
SWE-bench Pro v1,instance_qutebrowser__qutebrowser-77c3557995704a683cdb67e2a3055f7547fa22c3-v363c8a7e5ccdf6968fc7ab84a2053ac78036691d,2,28,17,45
SWE-bench Pro v1,instance_protonmail__webclients-caf10ba9ab2677761c88522d1ba8ad025779c492,84,273,268,541
SWE-bench Pro v1,instance_navidrome__navidrome-6c6223f2f9db2c8c253e0d40a192e3519c9037d1,1,43,52,95
SWE-bench Pro v1,instance_qutebrowser__qutebrowser-c0be28ebee3e1837aaf3f30ec534ccd6d038f129-v9f8e9d96c85c85a605e382f1510bd08563afc566,1,31,1,32
SWE-bench Pro v1,instance_qutebrowser__qutebrowser-6dd402c0d0f7665d32a74c43c5b4cf5dc8aff28d-v5fc38aaf22415ab0b70567368332beee7955b367,1,38,6,44
SWE-bench Pro v1,instance_NodeBB__NodeBB-8168c6c40707478f71b8af60300830fe554c778c-vf2cf3cbd463b7ad942381f1c6d077626485a1e9e,5,58,26,84
SWE-bench Pro v1,instance_qutebrowser__qutebrowser-5cef49ff3074f9eab1da6937a141a39a20828502-v02ad04386d5238fe2d1a1be450df257370de4b6a,2,39,4,43
SWE-bench Pro v1,instance_future-architect__vuls-01441351c3407abfc21c48a38e28828e1b504e0c,1,274,3,277
SWE-bench Pro v1,instance_internetarchive__openlibrary-9bdfd29fac883e77dcbc4208cab28c06fd963ab2-v76304ecdb3a5954fcf13feb710e8c40fcf24b73c,2,111,30,141
SWE-bench Pro v1,instance_element-hq__element-web-d405160080bbe804f7e9294067d004a7d4dad9d6-vnan,2,58,22,80
SWE-bench Pro v1,instance_protonmail__webclients-5f0745dd6993bb1430a951c62a49807c6635cd77,13,351,71,422
SWE-bench Pro v1,instance_NodeBB__NodeBB-bad15643013ca15affe408b75eba9e47cc604bb2-vd59a5728dfc977f44533186ace531248c2917516,2,21,7,28
SWE-bench Pro v1,instance_internetarchive__openlibrary-322d7a46cdc965bfabbf9500e98fde098c9d95b2-v13642507b4fc1f8d234172bf8129942da2c2ca26,2,219,264,483
SWE-bench Pro v1,instance_tutao__tutanota-fe240cbf7f0fdd6744ef7bef8cb61676bcdbb621-vc4e41fd0029957297843cb9dec4a25c7c756f029,9,118,32,150
SWE-bench Pro v1,instance_ansible__ansible-9759e0ca494de1fd5fc2df2c5d11c57adbe6007c-v1055803c3a812189a1133297f7f5468579283f86,6,56,46,102
SWE-bench Pro v1,instance_future-architect__vuls-50580f6e98eeb36f53f27222f7f4fdfea0b21e8d,1,92,27,119
SWE-bench Pro v1,instance_future-architect__vuls-36456cb151894964ba1683ce7da5c35ada789970,2,49,19,68
SWE-bench Pro v1,instance_flipt-io__flipt-e91615cf07966da41756017a7d571f9fc0fdbe80,13,499,279,778
SWE-bench Pro v1,instance_gravitational__teleport-3a5c1e26394df2cb4fb3f01147fb9979662972c5-vee9b09fb20c43af7e520f57e9239bbcf46b7113d,5,191,22,213
SWE-bench Pro v1,instance_NodeBB__NodeBB-84e065752f6d7fbe5c08cbf50cb173ffb866b8fa-vf2cf3cbd463b7ad942381f1c6d077626485a1e9e,4,23,4,27
SWE-bench Pro v1,instance_future-architect__vuls-abd80417728b16c6502067914d27989ee575f0ee,3,137,211,348
SWE-bench Pro v1,instance_flipt-io__flipt-8bd3604dc54b681f1f0f7dd52cbc70b3024184b6,4,57,12,69
SWE-bench Pro v1,instance_flipt-io__flipt-2ce8a0331e8a8f63f2c1b555db8277ffe5aa2e63,4,85,5,90
SWE-bench Pro v1,instance_future-architect__vuls-17ae386d1e185ba742eea4668ca77642e22b54c4,1,26,12,38
SWE-bench Pro v1,instance_element-hq__element-web-ee13e23b156fbad9369d6a656c827b6444343d4f-vnan,1,22,18,40
SWE-bench Pro v1,instance_element-hq__element-web-f63160f38459fb552d00fcc60d4064977a9095a6-vnan,3,62,176,238
SWE-bench Pro v1,instance_gravitational__teleport-96019ce0be7a2c8e36363f359eb7c943b41dde70,2,61,7,68
SWE-bench Pro v1,instance_qutebrowser__qutebrowser-35168ade46184d7e5b91dfa04ca42fe2abd82717-v363c8a7e5ccdf6968fc7ab84a2053ac78036691d,2,64,12,76
SWE-bench Pro v1,instance_flipt-io__flipt-f36bd61fb1cee4669de1f00e59da462bfeae8765,3,93,129,222
SWE-bench Pro v1,instance_qutebrowser__qutebrowser-e70f5b03187bdd40e8bf70f5f3ead840f52d1f42-v02ad04386d5238fe2d1a1be450df257370de4b6a,2,42,4,46
SWE-bench Pro v1,instance_gravitational__teleport-46aa81b1ce96ebb4ebed2ae53fd78cd44a05da6c-vee9b09fb20c43af7e520f57e9239bbcf46b7113d,2,162,54,216
SWE-bench Pro v1,instance_flipt-io__flipt-e2bd19dafa7166c96b082fb2a59eb54b4be0d778,10,124,100,224
SWE-bench Pro v1,instance_qutebrowser__qutebrowser-a25e8a09873838ca9efefd36ea8a45170bbeb95c-vc2f56a753b62a190ddb23cd330c257b9cf560d12,1,39,13,52
SWE-bench Pro v1,instance_navidrome__navidrome-677d9947f302c9f7bba8c08c788c3dc99f235f39,8,49,58,107
SWE-bench Pro v1,instance_qutebrowser__qutebrowser-36ade4bba504eb96f05d32ceab9972df7eb17bcc-v2ef375ac784985212b1805e1d0431dc8f1b3c171,1,32,15,47
SWE-bench Pro v1,instance_flipt-io__flipt-db1c3b100e231c62f0c90c2ab037614f20a2a63b,3,62,46,108
SWE-bench Pro v1,instance_flipt-io__flipt-96820c3ad10b0b2305e8877b6b303f7fafdf815f,9,252,108,360
SWE-bench Pro v1,instance_NodeBB__NodeBB-a917210c5b2c20637094545401f85783905c074c-vf2cf3cbd463b7ad942381f1c6d077626485a1e9e,3,65,26,91
SWE-bench Pro v1,instance_ansible__ansible-d9f1866249756efc264b00ff7497e92c11a9885f-v0f01c69f1e2528b935359cfe578530722bca2c59,3,22,6,28
SWE-bench Pro v1,instance_flipt-io__flipt-6fd0f9e2587f14ac1fdd1c229f0bcae0468c8daa,8,320,19,339
SWE-bench Pro v1,instance_qutebrowser__qutebrowser-1af602b258b97aaba69d2585ed499d95e2303ac2-v2ef375ac784985212b1805e1d0431dc8f1b3c171,2,47,0,47
SWE-bench Pro v1,instance_navidrome__navidrome-8383527aaba1ae8fa9765e995a71a86c129ef626,4,61,25,86
SWE-bench Pro v1,instance_NodeBB__NodeBB-087e6020e490b4a1759f38c1ad03869511928263-vf2cf3cbd463b7ad942381f1c6d077626485a1e9e,4,28,8,36
SWE-bench Pro v1,instance_internetarchive__openlibrary-1894cb48d6e7fb498295a5d3ed0596f6f603b784-v0f5aece3601a5b4419f7ccec1dbda2071be28ee4,3,20,86,106
SWE-bench Pro v1,instance_protonmail__webclients-e65cc5f33719e02e1c378146fb981d27bc24bdf4,11,97,17,114
SWE-bench Pro v1,instance_internetarchive__openlibrary-798a582540019363d14b2090755cc7b89a350788-v430f20c722405e462d9ef44dee7d34c41e76fe7a,6,121,118,239
SWE-bench Pro v1,instance_flipt-io__flipt-cd2f3b0a9d4d8b8a6d3d56afab65851ecdc408e8,7,147,13,160
SWE-bench Pro v1,instance_gravitational__teleport-005dcb16bacc6a5d5890c4cd302ccfd4298e275d-vee9b09fb20c43af7e520f57e9239bbcf46b7113d,4,303,124,427
SWE-bench Pro v1,instance_qutebrowser__qutebrowser-54bcdc1eefa86cc20790973d6997b60c3bba884c-v2ef375ac784985212b1805e1d0431dc8f1b3c171,1,31,7,38
SWE-bench Pro v1,instance_future-architect__vuls-e049df50fa1eecdccc5348e27845b5c783ed7c76-v73dc95f6b90883d8a87e01e5e9bb6d3cc32add6d,8,298,110,408
SWE-bench Pro v1,instance_NodeBB__NodeBB-0c81642997ea1d827dbd02c311db9d4976112cd4-vf2cf3cbd463b7ad942381f1c6d077626485a1e9e,3,28,4,32
SWE-bench Pro v1,instance_qutebrowser__qutebrowser-34a13afd36b5e529d553892b1cd8b9d5ce8881c4-vafb3e8e01b31319c66c4e666b8a3b1d8ba55db24,1,30,20,50
SWE-bench Pro v1,instance_navidrome__navidrome-09ae41a2da66264c60ef307882362d2e2d8d8b89,3,28,15,43
SWE-bench Pro v1,instance_flipt-io__flipt-9d25c18b79bc7829a6fb08ec9e8793d5d17e2868,12,815,66,881
SWE-bench Pro v1,instance_flipt-io__flipt-cf06f4ebfab7fa21eed3e5838592e8e44566957f,5,673,652,1325
SWE-bench Pro v1,instance_navidrome__navidrome-f7d4fcdcc1a59d1b4f835519efb402897757e371,8,77,77,154
SWE-bench Pro v1,instance_element-hq__element-web-9a31cd0fa849da810b4fac6c6c015145e850b282-vnan,3,122,90,212
SWE-bench Pro v1,instance_protonmail__webclients-51742625834d3bd0d10fe0c7e76b8739a59c6b9f,2,55,73,128
SWE-bench Pro v1,instance_future-architect__vuls-7e91f5ef7e5712b1a3d7d5066ad6607e9debc21c,2,29,19,48
SWE-bench Pro v1,instance_qutebrowser__qutebrowser-394bfaed6544c952c6b3463751abab3176ad4997-vafb3e8e01b31319c66c4e666b8a3b1d8ba55db24,6,484,76,560
SWE-bench Pro v1,instance_future-architect__vuls-4a72295de7b91faa59d90a5bee91535bbe76755d,7,376,120,496
SWE-bench Pro v1,instance_future-architect__vuls-83bcca6e669ba2e4102f26c4a2b52f78c7861f1a,7,187,10,197
SWE-bench Pro v1,instance_qutebrowser__qutebrowser-fea33d607fde83cf505b228238cf365936437a63-v9f8e9d96c85c85a605e382f1510bd08563afc566,2,20,2,22
SWE-bench Pro v1,instance_flipt-io__flipt-a0cbc0cb65ae601270bdbe3f5313e2dfd49c80e4,2,27,1,28
SWE-bench Pro v1,instance_flipt-io__flipt-f743945d599b178293e89e784b3b2374b1026430,5,40,23,63
SWE-bench Pro v1,instance_protonmail__webclients-7e54526774e577c0ebb58ced7ba8bef349a69fec,12,41,36,77
SWE-bench Pro v1,instance_protonmail__webclients-0d0267c4438cf378bda90bc85eed3a3615871ac4,12,448,350,798
SWE-bench Pro v1,instance_gravitational__teleport-bb69574e02bd62e5ccd3cebb25e1c992641afb2a,3,27,19,46
SWE-bench Pro v1,instance_future-architect__vuls-7eb77f5b5127c847481bcf600b4dca2b7a85cf3e,8,433,5,438
SWE-bench Pro v1,instance_internetarchive__openlibrary-d40ec88713dc95ea791b252f92d2f7b75e107440-v13642507b4fc1f8d234172bf8129942da2c2ca26,3,130,96,226
SWE-bench Pro v1,instance_ansible__ansible-a6e671db25381ed111bbad0ab3e7d97366395d05-v0f01c69f1e2528b935359cfe578530722bca2c59,2,23,7,30
SWE-bench Pro v1,instance_navidrome__navidrome-31799662706fedddf5bcc1a76b50409d1f91d327,9,105,58,163
SWE-bench Pro v1,instance_flipt-io__flipt-0fd09def402258834b9d6c0eaa6d3b4ab93b4446,5,216,152,368
SWE-bench Pro v1,instance_NodeBB__NodeBB-0f788b8eaa4bba3c142d171fd941d015c53b65fc-v0ec6d6c2baf3cb4797482ce4829bc25cd5716649,2,42,19,61
SWE-bench Pro v1,instance_qutebrowser__qutebrowser-ebfe9b7aa0c4ba9d451f993e08955004aaec4345-v059c6fdc75567943479b23ebca7c07b5e9a7f34c,2,164,150,314
SWE-bench Pro v1,instance_ansible__ansible-748f534312f2073a25a87871f5bd05882891b8c4-v0f01c69f1e2528b935359cfe578530722bca2c59,2,38,50,88
SWE-bench Pro v1,instance_element-hq__element-web-56c7fc1948923b4b3f3507799e725ac16bcf8018-vnan,4,40,6,46
SWE-bench Pro v1,instance_gravitational__teleport-0415e422f12454db0c22316cf3eaa5088d6b6322,9,52,43,95
SWE-bench Pro v1,instance_flipt-io__flipt-492cc0b158200089dceede3b1aba0ed28df3fb1d,6,85,15,100
SWE-bench Pro v1,instance_future-architect__vuls-4b680b996061044e93ef5977a081661665d3360a,3,40,3,43
SWE-bench Pro v1,instance_protonmail__webclients-c8117f446c3d1d7e117adc6e0e46b0ece9b0b90e,3,20,18,38
SWE-bench Pro v1,instance_NodeBB__NodeBB-00c70ce7b0541cfc94afe567921d7668cdc8f4ac-vnan,8,64,25,89
SWE-bench Pro v1,instance_element-hq__element-web-880428ab94c6ea98d3d18dcaeb17e8767adcb461-vnan,6,149,89,238
SWE-bench Pro v1,instance_future-architect__vuls-3f8de0268376e1f0fa6d9d61abb0d9d3d580ea7d,7,91,56,147
SWE-bench Pro v1,instance_internetarchive__openlibrary-53d376b148897466bb86d5accb51912bbbe9a8ed-v08d8e8889ec945ab821fb156c04c7d2e2810debb,4,44,15,59
SWE-bench Pro v1,instance_qutebrowser__qutebrowser-996487c43e4fcc265b541f9eca1e7930e3c5cf05-v2ef375ac784985212b1805e1d0431dc8f1b3c171,2,24,19,43
SWE-bench Pro v1,instance_future-architect__vuls-61c39637f2f3809e1b5dad05f0c57c799dce1587,4,74,72,146
SWE-bench Pro v1,instance_tutao__tutanota-40e94dee2bcec2b63f362da283123e9df1874cc1-vc4e41fd0029957297843cb9dec4a25c7c756f029,5,33,16,49
SWE-bench Pro v1,instance_flipt-io__flipt-b4bb5e13006a729bc0eed8fe6ea18cff54acdacb,8,67,4,71
SWE-bench Pro v1,instance_flipt-io__flipt-2eac0df47b5ecc8bb05002d80383ceb08ab3620a,2,28,8,36
SWE-bench Pro v1,instance_internetarchive__openlibrary-2abe28b472ffed563a87cfe83685b161b35263b0-v13642507b4fc1f8d234172bf8129942da2c2ca26,1,22,2,24
SWE-bench Pro v1,instance_ansible__ansible-8127abbc298cabf04aaa89a478fc5e5e3432a6fc-v30a923fb5c164d6cd18280c02422f75e611e8fb2,7,164,77,241
SWE-bench Pro v1,instance_flipt-io__flipt-b68b8960b8a08540d5198d78c665a7eb0bea4008,2,132,0,132
SWE-bench Pro v1,instance_element-hq__element-web-e15ef9f3de36df7f318c083e485f44e1de8aad17,6,138,25,163
SWE-bench Pro v1,instance_ansible__ansible-185d41031660a676c43fbb781cd1335902024bfe-vba6da65a0f3baefda7a058ebbd0a8dcafb8512f5,3,29,41,70
SWE-bench Pro v1,instance_tutao__tutanota-befce4b146002b9abc86aa95f4d57581771815ce-vee878bb72091875e912c52fc32bc60ec3760227b,8,228,232,460
SWE-bench Pro v1,instance_gravitational__teleport-3ff19cf7c41f396ae468797d3aeb61515517edc9-vee9b09fb20c43af7e520f57e9239bbcf46b7113d,2,101,3,104
SWE-bench Pro v1,instance_protonmail__webclients-8afd9ce04c8dde9e150e1c2b50d32e7ee2efa3e7,6,39,17,56
SWE-bench Pro v1,instance_flipt-io__flipt-381b90f718435c4694380b5fcd0d5cf8e3b5a25a,7,52,1,53
SWE-bench Pro v1,instance_tutao__tutanota-12a6cbaa4f8b43c2f85caca0787ab55501539955-vc4e41fd0029957297843cb9dec4a25c7c756f029,1,21,9,30
SWE-bench Pro v1,instance_flipt-io__flipt-2ca5dfb3513e4e786d2b037075617cccc286d5c3,14,292,44,336
SWE-bench Pro v1,instance_gravitational__teleport-629dc432eb191ca479588a8c49205debb83e80e2,1,280,0,280
SWE-bench Pro v1,instance_ansible__ansible-b2a289dcbb702003377221e25f62c8a3608f0e89-v173091e2e36d38c978002990795f66cfc0af30ad,9,35,75,110
SWE-bench Pro v1,instance_tutao__tutanota-51818218c6ae33de00cbea3a4d30daac8c34142e-vc4e41fd0029957297843cb9dec4a25c7c756f029,2,94,125,219
SWE-bench Pro v1,instance_element-hq__element-web-6205c70462e0ce2e1e77afb3a70b55d0fdfe1b31-vnan,2,30,29,59
SWE-bench Pro v1,instance_internetarchive__openlibrary-3aeec6afed9198d734b7ee1293f03ca94ff970e1-v13642507b4fc1f8d234172bf8129942da2c2ca26,2,51,53,104
SWE-bench Pro v1,instance_qutebrowser__qutebrowser-0d2afd58f3d0e34af21cee7d8a3fc9d855594e9f-vnan,4,42,8,50
SWE-bench Pro v1,instance_future-architect__vuls-457a3a9627fb9a0800d0aecf1d4713fb634a9011,1,113,0,113
SWE-bench Pro v1,instance_element-hq__element-web-d06cf09bf0b3d4a0fbe6bd32e4115caea2083168-vnan,7,111,98,209
SWE-bench Pro v1,instance_gravitational__teleport-4f771403dc4177dc26ee0370f7332f3fe54bee0f-vee9b09fb20c43af7e520f57e9239bbcf46b7113d,1,455,0,455
SWE-bench Pro v1,instance_future-architect__vuls-c11ba27509f733d7d280bdf661cbbe2e7a99df4c,7,110,112,222
SWE-bench Pro v1,instance_tutao__tutanota-db90ac26ab78addf72a8efaff3c7acc0fbd6d000-vbc0d9ba8f0071fbe982809910959a6ff8884dbbf,7,60,40,100
SWE-bench Pro v1,instance_qutebrowser__qutebrowser-e15d26630934d0b6415ed2295ac42fd570a57620-va0fd88aac89cde702ec1ba84877234da33adce8a,3,27,5,32
SWE-bench Pro v1,instance_navidrome__navidrome-874b17b8f614056df0ef021b5d4f977341084185,8,102,11,113
SWE-bench Pro v1,instance_navidrome__navidrome-d21932bd1b2379b0ebca2d19e5d8bae91040268a,4,137,77,214
SWE-bench Pro v1,instance_ansible__ansible-d30fc6c0b359f631130b0e979d9a78a7b3747d48-v1055803c3a812189a1133297f7f5468579283f86,2,96,21,117
SWE-bench Pro v1,instance_internetarchive__openlibrary-b112069e31e0553b2d374abb5f9c5e05e8f3dbbe-ve8c8d62a2b60610a3c4631f5f23ed866bada9818,5,166,67,233
SWE-bench Pro v1,instance_NodeBB__NodeBB-b1f9ad5534bb3a44dab5364f659876a4b7fe34c1-vnan,7,74,32,106
SWE-bench Pro v1,instance_element-hq__element-web-9bf77963ee5e036d54b2a3ca202fbf6378464a5e-vnan,5,58,23,81
SWE-bench Pro v1,instance_element-hq__element-web-772df3021201d9c73835a626df8dcb6334ad9a3e-vnan,9,105,32,137
SWE-bench Pro v1,instance_gravitational__teleport-ba6c4a135412c4296dd5551bd94042f0dc024504-v626ec2a48416b10a88641359a169d99e935ff037,5,131,38,169
SWE-bench Pro v1,instance_qutebrowser__qutebrowser-0aa57e4f7243024fa4bba8853306691b5dbd77b3-v5149fcda2a9a6fe1d35dfed1bade1444a11ef271,3,49,10,59
SWE-bench Pro v1,instance_ansible__ansible-502270c804c33d3bc963930dc85e0f4ca359674d-v7eee2454f617569fd6889f2211f75bc02a35f9f8,1,100,133,233
SWE-bench Pro v1,instance_tutao__tutanota-219bc8f05d7b980e038bc1524cb021bf56397a1b-vee878bb72091875e912c52fc32bc60ec3760227b,1,70,51,121
SWE-bench Pro v1,instance_flipt-io__flipt-b2cd6a6dd73ca91b519015fd5924fde8d17f3f06,3,97,67,164
SWE-bench Pro v1,instance_navidrome__navidrome-55730514ea59d5f1d0b8e3f8745569c29bdbf7b4,5,449,5,454
SWE-bench Pro v1,instance_protonmail__webclients-c6f65d205c401350a226bb005f42fac1754b0b5b,30,145,37,182
SWE-bench Pro v1,instance_gravitational__teleport-10123c046e21e1826098e485a4c2212865a49d9f,1,78,24,102
SWE-bench Pro v1,instance_internetarchive__openlibrary-6afdb09df692223c3a31df65cfa92f15e5614c01-v08d8e8889ec945ab821fb156c04c7d2e2810debb,1,23,7,30
SWE-bench Pro v1,instance_internetarchive__openlibrary-b67138b316b1e9c11df8a4a8391fe5cc8e75ff9f-ve8c8d62a2b60610a3c4631f5f23ed866bada9818,6,372,516,888
SWE-bench Pro v1,instance_qutebrowser__qutebrowser-2e961080a85d660148937ee8f0f6b3445a8f2c01-v363c8a7e5ccdf6968fc7ab84a2053ac78036691d,3,68,11,79
SWE-bench Pro v1,instance_element-hq__element-web-53a9b6447bd7e6110ee4a63e2ec0322c250f08d1-vnan,1,55,59,114
SWE-bench Pro v1,instance_NodeBB__NodeBB-05f2236193f407cf8e2072757fbd6bb170bc13f0-vf2cf3cbd463b7ad942381f1c6d077626485a1e9e,1,25,10,35
SWE-bench Pro v1,instance_future-architect__vuls-e1fab805afcfc92a2a615371d0ec1e667503c254-v264a82e2f4818e30f5a25e4da53b27ba119f62b5,5,306,241,547
SWE-bench Pro v1,instance_gravitational__teleport-fb0ab2b9b771377a689fd0d0374777c251e58bbf,5,418,77,495
SWE-bench Pro v1,instance_qutebrowser__qutebrowser-fcfa069a06ade76d91bac38127f3235c13d78eb1-v5fc38aaf22415ab0b70567368332beee7955b367,1,56,0,56
SWE-bench Pro v1,instance_tutao__tutanota-8513a9e8114a8b42e64f4348335e0f23efa054c4-vee878bb72091875e912c52fc32bc60ec3760227b,1,163,154,317
SWE-bench Pro v1,instance_flipt-io__flipt-21a935ad7886cc50c46852be21b37f363a926af0,3,26,8,34
SWE-bench Pro v1,instance_qutebrowser__qutebrowser-e57b6e0eeeb656eb2c84d6547d5a0a7333ecee85-v2ef375ac784985212b1805e1d0431dc8f1b3c171,3,22,20,42
SWE-bench Pro v1,instance_protonmail__webclients-cfd7571485186049c10c822f214d474f1edde8d1,2,38,9,47
SWE-bench Pro v1,instance_flipt-io__flipt-ea9a2663b176da329b3f574da2ce2a664fc5b4a1,7,135,23,158
SWE-bench Pro v1,instance_flipt-io__flipt-ee02b164f6728d3227c42671028c67a4afd36918,3,131,74,205
SWE-bench Pro v1,instance_ansible__ansible-eea46a0d1b99a6dadedbb6a3502d599235fa7ec3-v390e508d27db7a51eece36bb6d9698b63a5b638a,9,501,0,501
SWE-bench Pro v1,instance_qutebrowser__qutebrowser-2dd8966fdcf11972062c540b7a787e4d0de8d372-v363c8a7e5ccdf6968fc7ab84a2053ac78036691d,5,24,24,48
SWE-bench Pro v1,instance_future-architect__vuls-edb324c3d9ec3b107bf947f00e38af99d05b3e16,2,27,26,53
SWE-bench Pro v1,instance_navidrome__navidrome-ee21f3957e0de91624427e93c62b8ee390de72e3,6,28,40,68
SWE-bench Pro v1,instance_ansible__ansible-a7d2a4e03209cff1e97e59fd54bb2b05fdbdbec6-v0f01c69f1e2528b935359cfe578530722bca2c59,4,26,12,38
SWE-bench Pro v1,instance_internetarchive__openlibrary-7cbfb812ef0e1f9716e2d6e85d538a96fcb79d13-vfa6ff903cb27f336e17654595dd900fa943dcd91,5,503,50,553
SWE-bench Pro v1,instance_protonmail__webclients-815695401137dac2975400fc610149a16db8214b,12,26,23,49
SWE-bench Pro v1,instance_flipt-io__flipt-e594593dae52badf80ffd27878d2275c7f0b20e9,3,33,3,36
SWE-bench Pro v1,instance_qutebrowser__qutebrowser-1a9e74bfaf9a9db2a510dc14572d33ded6040a57-v2ef375ac784985212b1805e1d0431dc8f1b3c171,1,26,6,32
SWE-bench Pro v1,instance_gravitational__teleport-53814a2d600ccd74c1e9810a567563432b98386e-vce94f93ad1030e3136852817f2423c1b3ac37bc4,2,58,43,101
SWE-bench Pro v1,instance_future-architect__vuls-139f3a81b66c47e6d8f70ce6c4afe7a9196a6ea8,9,364,106,470
SWE-bench Pro v1,instance_protonmail__webclients-01b519cd49e6a24d9a05d2eb97f54e420740072e,3,28,13,41
SWE-bench Pro v1,instance_internetarchive__openlibrary-7c8dc180281491ccaa1b4b43518506323750d1e4-v298a7a812ceed28c4c18355a091f1b268fe56d86,4,42,120,162
SWE-bench Pro v1,instance_element-hq__element-web-b7fea97bb68c6628a644580076f840109132f074-vnan,6,33,22,55
SWE-bench Pro v1,instance_internetarchive__openlibrary-0d13e6b4bf80bced6c0946b969b9a1b6963f6bce-v76304ecdb3a5954fcf13feb710e8c40fcf24b73c,1,75,0,75
SWE-bench Pro v1,instance_internetarchive__openlibrary-757fcf46c70530739c150c57b37d6375f155dc97-ve8c8d62a2b60610a3c4631f5f23ed866bada9818,4,44,46,90
SWE-bench Pro v1,instance_flipt-io__flipt-3ef34d1fff012140ba86ab3cafec8f9934b492be,6,195,274,469
SWE-bench Pro v1,instance_flipt-io__flipt-406f9396ad65696d58865b3a6283109cd4eaf40e,14,356,155,511
SWE-bench Pro v1,instance_element-hq__element-web-7c63d52500e145d6fff6de41dd717f61ab88d02f-vnan,7,49,17,66
SWE-bench Pro v1,instance_navidrome__navidrome-f78257235ec3429ef42af6687738cd327ec77ce8,2,68,26,94
SWE-bench Pro v1,instance_navidrome__navidrome-3977ef6e0f287f598b6e4009876239d6f13b686d,5,61,21,82
SWE-bench Pro v1,instance_flipt-io__flipt-b433bd05ce405837804693bebd5f4b88d87133c8,28,237,52,289
SWE-bench Pro v1,instance_future-architect__vuls-cc63a0eccfdd318e67c0a6edeffc7bf09b6025c0,5,141,68,209
SWE-bench Pro v1,instance_protonmail__webclients-01ea5214d11e0df8b7170d91bafd34f23cb0f2b1,4,110,158,268
SWE-bench Pro v1,instance_ansible__ansible-1a4644ff15355fd696ac5b9d074a566a80fe7ca3-v30a923fb5c164d6cd18280c02422f75e611e8fb2,2,35,81,116
SWE-bench Pro v1,instance_flipt-io__flipt-9f8127f225a86245fa35dca4885c2daef824ee55,17,197,41,238
SWE-bench Pro v1,instance_gravitational__teleport-db89206db6c2969266e664c7c0fb51b70e958b64,4,206,163,369
SWE-bench Pro v1,instance_internetarchive__openlibrary-9cd47f4dc21e273320d9e30d889c864f8cb20ccf-v0f5aece3601a5b4419f7ccec1dbda2071be28ee4,1,31,4,35
SWE-bench Pro v1,instance_navidrome__navidrome-87d4db7638b37eeb754b217440ab7a372f669205,3,51,8,59
SWE-bench Pro v1,instance_ansible__ansible-7e1a347695c7987ae56ef1b6919156d9254010ad-v390e508d27db7a51eece36bb6d9698b63a5b638a,1,328,0,328
SWE-bench Pro v1,instance_navidrome__navidrome-6b3b4d83ffcf273b01985709c8bc5df12bbb8286,3,81,68,149
SWE-bench Pro v1,instance_navidrome__navidrome-55bff343cdaad1f04496f724eda4b55d422d7f17,7,135,46,181
SWE-bench Pro v1,instance_navidrome__navidrome-0488fb92cb02a82924fb1181bf1642f2e87096db,8,42,25,67
SWE-bench Pro v1,instance_qutebrowser__qutebrowser-6b320dc18662580e1313d2548fdd6231d2a97e6d-v363c8a7e5ccdf6968fc7ab84a2053ac78036691d,1,24,14,38
SWE-bench Pro v1,instance_protonmail__webclients-b530a3db50cb33e5064464addbcbef1465856ce6,2,21,9,30
SWE-bench Pro v1,instance_ansible__ansible-e22e103cdf8edc56ff7d9b848a58f94f1471a263-v1055803c3a812189a1133297f7f5468579283f86,2,23,7,30
SWE-bench Pro v1,instance_ansible__ansible-d6d2251929c84c3aa883bad7db0f19cc9ff0339e-v30a923fb5c164d6cd18280c02422f75e611e8fb2,4,23,13,36
SWE-bench Pro v1,instance_element-hq__element-web-923ad4323b2006b2b180544429455ffe7d4a6cc3-vnan,5,65,3,68
SWE-bench Pro v1,instance_protonmail__webclients-1917e37f5d9941a3459ce4b0177e201e2d94a622,11,144,18,162
SWE-bench Pro v1,instance_protonmail__webclients-6f8916fbadf1d1f4a26640f53b5cf7f55e8bedb7,2,24,2,26
SWE-bench Pro v1,instance_flipt-io__flipt-abaa5953795afb9c621605bb18cb32ac48b4508c,6,74,34,108
SWE-bench Pro v1,instance_ansible__ansible-d33bedc48fdd933b5abd65a77c081876298e2f07-v0f01c69f1e2528b935359cfe578530722bca2c59,7,159,126,285
SWE-bench Pro v1,instance_protonmail__webclients-e7f3f20c8ad86089967498632ace73c1157a9d51,2,35,2,37
SWE-bench Pro v1,instance_element-hq__element-web-18c03daa865d3c5b10e52b669cd50be34c67b2e5-vnan,1,21,1,22
SWE-bench Pro v1,instance_qutebrowser__qutebrowser-50efac08f623644a85441bbe02ab9347d2b71a9d-v9f8e9d96c85c85a605e382f1510bd08563afc566,1,37,1,38
SWE-bench Pro v1,instance_element-hq__element-web-8f3c8b35153d2227af45f32e46bd1e15bd60b71f-vnan,9,34,82,116
SWE-bench Pro v1,instance_ansible__ansible-39bd8b99ec8c6624207bf3556ac7f9626dad9173-v1055803c3a812189a1133297f7f5468579283f86,2,55,44,99
SWE-bench Pro v1,instance_internetarchive__openlibrary-d8162c226a9d576f094dc1830c4c1ffd0be2dd17-v76304ecdb3a5954fcf13feb710e8c40fcf24b73c,3,73,1,74
SWE-bench Pro v1,instance_gravitational__teleport-c335534e02de143508ebebc7341021d7f8656e8f,3,33,6,39
SWE-bench Pro v1,instance_protonmail__webclients-715dbd4e6999499cd2a576a532d8214f75189116,9,135,106,241
SWE-bench Pro v1,instance_internetarchive__openlibrary-c4eebe6677acc4629cb541a98d5e91311444f5d4-v13642507b4fc1f8d234172bf8129942da2c2ca26,2,82,37,119
SWE-bench Pro v1,instance_internetarchive__openlibrary-e390c1212055dd84a262a798e53487e771d3fb64-v8717e18970bcdc4e0d2cea3b1527752b21e74866,1,59,64,123
SWE-bench Pro v1,instance_gravitational__teleport-dd3977957a67bedaf604ad6ca255ba8c7b6704e9,4,82,36,118
SWE-bench Pro v1,instance_NodeBB__NodeBB-84dfda59e6a0e8a77240f939a7cb8757e6eaf945-v2c59007b1005cd5cd14cbb523ca5229db1fd2dd8,3,36,7,43
SWE-bench Pro v1,instance_gravitational__teleport-007235446f85b1cbaef92664c3b3867517250f21,2,25,8,33
SWE-bench Pro v1,instance_element-hq__element-web-1216285ed2e82e62f8780b6702aa0f9abdda0b34-vnan,7,74,8,82
SWE-bench Pro v1,instance_ansible__ansible-f8ef34672b961a95ec7282643679492862c688ec-vba6da65a0f3baefda7a058ebbd0a8dcafb8512f5,7,32,20,52
SWE-bench Pro v1,instance_ansible__ansible-bec27fb4c0a40c5f8bbcf26a475704227d65ee73-v30a923fb5c164d6cd18280c02422f75e611e8fb2,7,290,177,467
SWE-bench Pro v1,instance_element-hq__element-web-ca58617cee8aa91c93553449bfdf9b3465a5119b-vnan,2,99,2,101
SWE-bench Pro v1,instance_navidrome__navidrome-669c8f4c49a7ef51ac9a53c725097943f67219eb,7,52,74,126
SWE-bench Pro v1,instance_ansible__ansible-4c5ce5a1a9e79a845aff4978cfeb72a0d4ecf7d6-v1055803c3a812189a1133297f7f5468579283f86,12,429,127,556
SWE-bench Pro v1,instance_ansible__ansible-164881d871964aa64e0f911d03ae270acbad253c-v390e508d27db7a51eece36bb6d9698b63a5b638a,3,26,12,38
SWE-bench Pro v1,instance_navidrome__navidrome-812dc2090f20ac4f8ac271b6ed95be5889d1a3ca,7,44,29,73
SWE-bench Pro v1,instance_navidrome__navidrome-de90152a7173039677ac808f5bfb1e644d761336,1,26,25,51
SWE-bench Pro v1,instance_internetarchive__openlibrary-89e4b4431fe7506c365a6f6eb6f6d048d04c044c-v08d8e8889ec945ab821fb156c04c7d2e2810debb,1,23,9,32
SWE-bench Pro v1,instance_internetarchive__openlibrary-58999808a17a26b387f8237860a7a524d1e2d262-v08d8e8889ec945ab821fb156c04c7d2e2810debb,2,84,13,97
SWE-bench Pro v1,instance_ansible__ansible-cd9c4eb5a6b2bfaf4a6709f001ce3d0c92c1eed2-v0f01c69f1e2528b935359cfe578530722bca2c59,2,28,0,28
SWE-bench Pro v1,instance_ansible__ansible-be2c376ab87e3e872ca21697508f12c6909cf85a-vba6da65a0f3baefda7a058ebbd0a8dcafb8512f5,2,32,27,59
SWE-bench Pro v1,instance_gravitational__teleport-cb712e3f0b06dadc679f895daef8072cae400c26-vee9b09fb20c43af7e520f57e9239bbcf46b7113d,3,60,19,79
SWE-bench Pro v1,instance_tutao__tutanota-1ff82aa365763cee2d609c9d19360ad87fdf2ec7-vc4e41fd0029957297843cb9dec4a25c7c756f029,3,21,8,29
SWE-bench Pro v1,instance_ansible__ansible-189fcb37f973f0b1d52b555728208eeb9a6fce83-v906c969b551b346ef54a2c0b41e04f632b7b73c2,2,266,0,266
SWE-bench Pro v1,instance_navidrome__navidrome-dfa453cc4ab772928686838dc73d0130740f054e,2,52,0,52
SWE-bench Pro v1,instance_internetarchive__openlibrary-8a9d9d323dfcf2a5b4f38d70b1108b030b20ebf3-v13642507b4fc1f8d234172bf8129942da2c2ca26,3,409,12,421
SWE-bench Pro v1,instance_qutebrowser__qutebrowser-66cfa15c372fa9e613ea5a82d3b03e4609399fb6-v363c8a7e5ccdf6968fc7ab84a2053ac78036691d,5,125,1,126
SWE-bench Pro v1,instance_qutebrowser__qutebrowser-52708364b5f91e198defb022d1a5b4b3ebd9b563-v2ef375ac784985212b1805e1d0431dc8f1b3c171,4,45,10,55
SWE-bench Pro v1,instance_internetarchive__openlibrary-60725705782832a2cb22e17c49697948a42a9d03-v298a7a812ceed28c4c18355a091f1b268fe56d86,4,63,13,76
SWE-bench Pro v1,instance_qutebrowser__qutebrowser-16de05407111ddd82fa12e54389d532362489da9-v363c8a7e5ccdf6968fc7ab84a2053ac78036691d,4,102,0,102
SWE-bench Pro v1,instance_qutebrowser__qutebrowser-bedc9f7fadf93f83d8dee95feeecb9922b6f063f-v2ef375ac784985212b1805e1d0431dc8f1b3c171,4,82,82,164
SWE-bench Pro v1,instance_future-architect__vuls-2923cbc645fbc7a37d50398eb2ab8febda8c3264,6,84,45,129
SWE-bench Pro v1,instance_future-architect__vuls-d18e7a751d07260d75ce3ba0cd67c4a6aebfd967,11,430,19,449
SWE-bench Pro v1,instance_protonmail__webclients-b9387af4cdf79c2cb2a221dea33d665ef789512e,6,109,12,121
SWE-bench Pro v1,instance_flipt-io__flipt-518ec324b66a07fdd95464a5e9ca5fe7681ad8f9,2,22,2,24
SWE-bench Pro v1,instance_ansible__ansible-106909db8b730480615f4a33de0eb5b710944e78-v0f01c69f1e2528b935359cfe578530722bca2c59,3,24,2,26
SWE-bench Pro v1,instance_flipt-io__flipt-1737085488ecdcd3299c8e61af45a8976d457b7e,4,45,25,70
SWE-bench Pro v1,instance_ansible__ansible-de5858f48dc9e1ce9117034e0d7e76806f420ca8-v1055803c3a812189a1133297f7f5468579283f86,4,238,16,254
SWE-bench Pro v1,instance_flipt-io__flipt-5c7037ececb0bead0a8eb56054e224bcd7ac5922,4,72,19,91
SWE-bench Pro v1,instance_internetarchive__openlibrary-bb152d23c004f3d68986877143bb0f83531fe401-ve8c8d62a2b60610a3c4631f5f23ed866bada9818,4,468,167,635
SWE-bench Pro v1,instance_protonmail__webclients-2f2f6c311c6128fe86976950d3c0c2db07b03921,4,122,16,138
SWE-bench Pro v1,instance_gravitational__teleport-ac2fb2f9b4fd1896b554d3011df23d3d71295779,4,55,8,63
SWE-bench Pro v1,instance_protonmail__webclients-e9677f6c46d5ea7d277a4532a4bf90074f125f31,3,30,2,32
SWE-bench Pro v1,instance_qutebrowser__qutebrowser-3e21c8214a998cb1058defd15aabb24617a76402-v5fc38aaf22415ab0b70567368332beee7955b367,1,30,29,59
SWE-bench Pro v1,instance_qutebrowser__qutebrowser-e5340c449f23608803c286da0563b62f58ba25b0-v059c6fdc75567943479b23ebca7c07b5e9a7f34c,7,174,39,213
SWE-bench Pro v1,instance_protonmail__webclients-d3e513044d299d04e509bf8c0f4e73d812030246,7,111,0,111
SWE-bench Pro v1,instance_flipt-io__flipt-507170da0f7f4da330f6732bffdf11c4df7fc192,4,58,3,61
SWE-bench Pro v1,instance_qutebrowser__qutebrowser-3fd8e12949b8feda401930574facf09dd4180bba,6,124,120,244
SWE-bench Pro v1,instance_protonmail__webclients-3f22e2172cbdfd7b9abb2b1d8fd80c16d38b4bbe,4,27,111,138
SWE-bench Pro v1,instance_ansible__ansible-942424e10b2095a173dbd78e7128f52f7995849b-v30a923fb5c164d6cd18280c02422f75e611e8fb2,2,113,50,163
SWE-bench Pro v1,instance_protonmail__webclients-281a6b3f190f323ec2c0630999354fafb84b2880,17,224,104,328
SWE-bench Pro v1,instance_NodeBB__NodeBB-8ca65b0c78c67c1653487c02d1135e1b702185e1-vf2cf3cbd463b7ad942381f1c6d077626485a1e9e,3,54,55,109
SWE-bench Pro v1,instance_gravitational__teleport-c1b1c6a1541c478d7777a48fca993cc8206c73b9,9,75,37,112
SWE-bench Pro v1,instance_flipt-io__flipt-f1bc91a1b999656dbdb2495ccb57bf2105b84920,5,538,499,1037
SWE-bench Pro v1,instance_protonmail__webclients-8be4f6cb9380fcd2e67bcb18cef931ae0d4b869c,34,213,150,363
SWE-bench Pro v1,instance_ansible__ansible-cd473dfb2fdbc97acf3293c134b21cbbcfa89ec3-vba6da65a0f3baefda7a058ebbd0a8dcafb8512f5,2,29,8,37
SWE-bench Pro v1,instance_NodeBB__NodeBB-1ea9481af6125ffd6da0592ed439aa62af0bca11-vd59a5728dfc977f44533186ace531248c2917516,2,29,7,36
SWE-bench Pro v1,instance_internetarchive__openlibrary-4b7ea2977be2747496ba792a678940baa985f7ea-v0f5aece3601a5b4419f7ccec1dbda2071be28ee4,8,220,56,276
SWE-bench Pro v1,instance_ansible__ansible-622a493ae03bd5e5cf517d336fc426e9d12208c7-v906c969b551b346ef54a2c0b41e04f632b7b73c2,1,270,0,270
SWE-bench Pro v1,instance_NodeBB__NodeBB-7b8bffd763e2155cf88f3ebc258fa68ebe18188d-vf2cf3cbd463b7ad942381f1c6d077626485a1e9e,3,73,4,77
SWE-bench Pro v1,instance_gravitational__teleport-a95b3ae0667f9e4b2404bf61f51113e6d83f01cd,1,41,29,70
SWE-bench Pro v1,instance_protonmail__webclients-5d2576632037d655c3b6a28e98cd157f7e9a5ce1,6,38,56,94
SWE-bench Pro v1,instance_internetarchive__openlibrary-a48fd6ba9482c527602bc081491d9e8ae6e8226c-vfa6ff903cb27f336e17654595dd900fa943dcd91,1,90,138,228
SWE-bench Pro v1,instance_future-architect__vuls-bff6b7552370b55ff76d474860eead4ab5de785a-v1151a6325649aaf997cd541ebe533b53fddf1b07,1,27,28,55
SWE-bench Pro v1,instance_future-architect__vuls-436341a4a522dc83eb8bddd1164b764c8dd6bc45,2,167,7,174
SWE-bench Pro v1,instance_element-hq__element-web-fe14847bb9bb07cab1b9c6c54335ff22ca5e516a-vnan,9,291,49,340
SWE-bench Pro v1,instance_future-architect__vuls-fd18df1dd4e4360f8932bc4b894bd8b40d654e7c,5,73,71,144
SWE-bench Pro v1,instance_future-architect__vuls-030b2e03525d68d74cb749959aac2d7f3fc0effa,2,73,0,73
SWE-bench Pro v1,instance_NodeBB__NodeBB-f083cd559d69c16481376868c8da65172729c0ca-vnan,4,95,7,102
SWE-bench Pro v1,instance_navidrome__navidrome-66b74c81f115c78cb69910b0472eeb376750efc4,9,254,6,260
SWE-bench Pro v1,instance_qutebrowser__qutebrowser-21b426b6a20ec1cc5ecad770730641750699757b-v363c8a7e5ccdf6968fc7ab84a2053ac78036691d,2,26,17,43
SWE-bench Pro v1,instance_element-hq__element-web-f3534b42df3dcfe36dc48bddbf14034085af6d30-vnan,2,41,11,52
SWE-bench Pro v1,instance_internetarchive__openlibrary-c8996ecc40803b9155935fd7ff3b8e7be6c1437c-ve8fc82d8aae8463b752a211156c5b7b59f349237,2,26,9,35
SWE-bench Pro v1,instance_internetarchive__openlibrary-f0341c0ba81c790241b782f5103ce5c9a6edf8e3-ve8fc82d8aae8463b752a211156c5b7b59f349237,3,22,26,48
SWE-bench Pro v1,instance_element-hq__element-web-53b42e321777a598aaf2bb3eab22d710569f83a8-vnan,4,26,13,39
SWE-bench Pro v1,instance_internetarchive__openlibrary-d109cc7e6e161170391f98f9a6fa1d02534c18e4-ve8c8d62a2b60610a3c4631f5f23ed866bada9818,10,363,266,629
SWE-bench Pro v1,instance_internetarchive__openlibrary-2fe532a33635aab7a9bfea5d977f6a72b280a30c-v0f5aece3601a5b4419f7ccec1dbda2071be28ee4,2,24,4,28
SWE-bench Pro v1,instance_gravitational__teleport-d6ffe82aaf2af1057b69c61bf9df777f5ab5635a-vee9b09fb20c43af7e520f57e9239bbcf46b7113d,4,652,388,1040
SWE-bench Pro v1,instance_qutebrowser__qutebrowser-1943fa072ec3df5a87e18a23b0916f134c131016-vafb3e8e01b31319c66c4e666b8a3b1d8ba55db24,5,20,19,39
SWE-bench Pro v1,instance_internetarchive__openlibrary-91efee627df01e32007abf2d6ebf73f9d9053076-vbee42ad1b72fb23c6a1c874868a720b370983ed2,2,32,1,33
SWE-bench Pro v1,instance_gravitational__teleport-288c5519ce0dec9622361a5e5d6cd36aa2d9e348,5,600,523,1123
SWE-bench Pro v1,instance_qutebrowser__qutebrowser-9b71c1ea67a9e7eb70dd83214d881c2031db6541-v363c8a7e5ccdf6968fc7ab84a2053ac78036691d,4,102,0,102
SWE-bench Pro v1,instance_flipt-io__flipt-40007b9d97e3862bcef8c20ae6c87b22ea0627f0,5,112,11,123
SWE-bench Pro v1,instance_element-hq__element-web-44b98896a79ede48f5ad7ff22619a39d5f6ff03c-vnan,5,27,22,49
SWE-bench Pro v1,instance_flipt-io__flipt-aebaecd026f752b187f11328b0d464761b15d2ab,3,230,13,243
SWE-bench Pro v1,instance_navidrome__navidrome-3853c3318f67b41a9e4cb768618315ff77846fdb,3,68,81,149
SWE-bench Pro v1,instance_internetarchive__openlibrary-431442c92887a3aece3f8aa771dd029738a80eb1-v76304ecdb3a5954fcf13feb710e8c40fcf24b73c,2,46,10,56
SWE-bench Pro v1,instance_ansible__ansible-d72025be751c894673ba85caa063d835a0ad3a8c-v390e508d27db7a51eece36bb6d9698b63a5b638a,5,234,60,294
SWE-bench Pro v1,instance_flipt-io__flipt-c8d71ad7ea98d97546f01cce4ccb451dbcf37d3b,9,212,139,351
SWE-bench Pro v1,instance_element-hq__element-web-6961c256035bed0b7640a6e5907652c806968478-vnan,2,89,1,90
SWE-bench Pro v1,instance_NodeBB__NodeBB-f2082d7de85eb62a70819f4f3396dd85626a0c0a-vd59a5728dfc977f44533186ace531248c2917516,6,78,42,120
SWE-bench Pro v1,instance_navidrome__navidrome-d5df102f9f97c21715c756069c9e141da2a422dc,5,50,4,54
SWE-bench Pro v1,instance_protonmail__webclients-cba6ebbd0707caa524ffee51c62b197f6122c902,11,99,34,133
SWE-bench Pro v1,instance_navidrome__navidrome-3f2d24695e9382125dfe5e6d6c8bbeb4a313a4f9,6,49,18,67
SWE-bench Pro v1,instance_flipt-io__flipt-c1fd7a81ef9f23e742501bfb26d914eb683262aa,9,125,691,816
SWE-bench Pro v1,instance_protonmail__webclients-b387b24147e4b5ec3b482b8719ea72bee001462a,9,22,14,36
SWE-bench Pro v1,instance_qutebrowser__qutebrowser-7f9713b20f623fc40473b7167a082d6db0f0fd40-va0fd88aac89cde702ec1ba84877234da33adce8a,3,61,2,63
SWE-bench Pro v1,instance_NodeBB__NodeBB-f1a80d48cc45877fcbadf34c2345dd9709722c7f-v4fbcfae8b15e4ce5d132c408bca69ebb9cf146ed,14,592,391,983
SWE-bench Pro v1,instance_protonmail__webclients-2dce79ea4451ad88d6bfe94da22e7f2f988efa60,20,234,75,309
SWE-bench Pro v1,instance_future-architect__vuls-3c1489e588dacea455ccf4c352a3b1006902e2d4,6,85,182,267
SWE-bench Pro v1,instance_navidrome__navidrome-56303cde23a4122d2447cbb266f942601a78d7e4,1,33,13,46
SWE-bench Pro v1,instance_element-hq__element-web-ec0f940ef0e8e3b61078f145f34dc40d1938e6c5-vnan,4,83,49,132
SWE-bench Pro v1,instance_internetarchive__openlibrary-92db3454aeaa02f89b4cdbc3103f7e95c9759f92-v2c55207218fb8a0138425cbf7d9675272e240b90,11,464,239,703
SWE-bench Pro v1,instance_internetarchive__openlibrary-bdba0af0f6cbaca8b5fc3be2a3080f38156d9c92-ve8c8d62a2b60610a3c4631f5f23ed866bada9818,2,44,2,46
SWE-bench Pro v1,instance_element-hq__element-web-b007ea81b2ccd001b00f332bee65070aa7fc00f9-vnan,2,69,13,82
SWE-bench Pro v1,instance_flipt-io__flipt-15b76cada1ef29cfa56b0fba36754be36243dded,4,44,19,63
SWE-bench Pro v1,instance_qutebrowser__qutebrowser-fec187c2cb53d769c2682b35ca77858a811414a8-v363c8a7e5ccdf6968fc7ab84a2053ac78036691d,1,21,19,40
SWE-bench Pro v1,instance_internetarchive__openlibrary-e010b2a13697de70170033902ba2e27a1e1acbe9-v0f5aece3601a5b4419f7ccec1dbda2071be28ee4,7,119,1,120
SWE-bench Pro v1,instance_future-architect__vuls-9a32a94806b54141b7ff12503c48da680ebcf199,7,28,9,37
SWE-bench Pro v1,instance_qutebrowser__qutebrowser-7b603dd6bf195e3e723ce08ff64a82b406e3f6b6-v9f8e9d96c85c85a605e382f1510bd08563afc566,1,30,30,60
SWE-bench Pro v1,instance_gravitational__teleport-e6681abe6a7113cfd2da507f05581b7bdf398540-v626ec2a48416b10a88641359a169d99e935ff037,8,355,38,393
SWE-bench Pro v1,instance_gravitational__teleport-1316e6728a3ee2fc124e2ea0cc6a02044c87a144-v626ec2a48416b10a88641359a169d99e935ff037,3,470,74,544
SWE-bench Pro v1,instance_flipt-io__flipt-02e21636c58e86c51119b63e0fb5ca7b813b07b1,10,184,22,206
SWE-bench Pro v1,instance_element-hq__element-web-582a1b093fc0b77538052f45cbb9c7295f991b51-vnan,3,90,73,163
SWE-bench Pro v1,instance_qutebrowser__qutebrowser-0b621cb0ce2b54d3f93d8d41d8ff4257888a87e5-v2ef375ac784985212b1805e1d0431dc8f1b3c171,1,21,2,23
SWE-bench Pro v1,instance_ansible__ansible-f02a62db509dc7463fab642c9c3458b9bc3476cc-v390e508d27db7a51eece36bb6d9698b63a5b638a,1,215,0,215
SWE-bench Pro v1,instance_qutebrowser__qutebrowser-5e0d6dc1483cb3336ea0e3dcbd4fe4aa00fc1742-v5149fcda2a9a6fe1d35dfed1bade1444a11ef271,4,47,1,48
SWE-bench Pro v1,instance_internetarchive__openlibrary-e8084193a895d8ee81200f49093389a3887479ce-ve8c8d62a2b60610a3c4631f5f23ed866bada9818,1,22,7,29
SWE-bench Pro v1,instance_navidrome__navidrome-3972616585e82305eaf26aa25697b3f5f3082288,5,477,0,477
SWE-bench Pro v1,instance_gravitational__teleport-2bb3bbbd8aff1164a2353381cb79e1dc93b90d28-vee9b09fb20c43af7e520f57e9239bbcf46b7113d,1,37,9,46
SWE-bench Pro v1,instance_NodeBB__NodeBB-445b70deda20201b7d9a68f7224da751b3db728c-v4fbcfae8b15e4ce5d132c408bca69ebb9cf146ed,2,25,5,30
SWE-bench Pro v1,instance_qutebrowser__qutebrowser-322834d0e6bf17e5661145c9f085b41215c280e8-v488d33dd1b2540b234cbb0468af6b6614941ce8f,3,63,24,87
SWE-bench Pro v1,instance_gravitational__teleport-78b0d8c72637df1129fb6ff84fc49ef4b5ab1288,6,363,3,366
SWE-bench Pro v1,instance_gravitational__teleport-326fd1d7be87b03998dbc53bc706fdef90f5065c-v626ec2a48416b10a88641359a169d99e935ff037,3,43,19,62
SWE-bench Pro v1,instance_ansible__ansible-34db57a47f875d11c4068567b9ec7ace174ec4cf-v1055803c3a812189a1133297f7f5468579283f86,4,29,0,29
SWE-bench Pro v1,instance_ansible__ansible-c616e54a6e23fa5616a1d56d243f69576164ef9b-v1055803c3a812189a1133297f7f5468579283f86,4,1467,561,2028
SWE-bench Pro v1,instance_flipt-io__flipt-36e62baffae2132f78f9d34dc300a9baa2d7ae0e,4,86,31,117
SWE-bench Pro v1,instance_navidrome__navidrome-9c3b4561652a15846993d477003e111f0df0c585,16,197,76,273
SWE-bench Pro v1,instance_internetarchive__openlibrary-630221ab686c64e75a2ce253c893c033e4814b2e-v93c53c13d5f9b383ebb411ee7750b49dcd1a34c6,6,325,3,328
SWE-bench Pro v1,instance_element-hq__element-web-aec454dd6feeb93000380523cbb0b3681c0275fd-vnan,5,461,27,488
SWE-bench Pro v1,instance_ansible__ansible-b8025ac160146319d2b875be3366b60c852dd35d-v0f01c69f1e2528b935359cfe578530722bca2c59,5,283,237,520
SWE-bench Pro v1,instance_tutao__tutanota-d1aa0ecec288bfc800cfb9133b087c4f81ad8b38-vbc0d9ba8f0071fbe982809910959a6ff8884dbbf,6,56,32,88
SWE-bench Pro v1,instance_qutebrowser__qutebrowser-8d05f0282a271bfd45e614238bd1b555c58b3fc1-v35616345bb8052ea303186706cec663146f0f184,1,24,7,31
SWE-bench Pro v1,instance_protonmail__webclients-1501eb765873b2884b6f1944fd242ecfc9d6b103,8,28,50,78
SWE-bench Pro v1,instance_qutebrowser__qutebrowser-479aa075ac79dc975e2e949e188a328e95bf78ff-vc2f56a753b62a190ddb23cd330c257b9cf560d12,1,35,6,41
SWE-bench Pro v1,instance_element-hq__element-web-ecfd1736e5dd9808e87911fc264e6c816653e1a9-vnan,2,51,10,61
SWE-bench Pro v1,instance_ansible__ansible-5260527c4a71bfed99d803e687dd19619423b134-vba6da65a0f3baefda7a058ebbd0a8dcafb8512f5,4,104,2,106
SWE-bench Pro v1,instance_protonmail__webclients-7b833df125859e5eb98a826e5b83efe0f93a347b,10,27,17,44
SWE-bench Pro v1,instance_internetarchive__openlibrary-53e02a22972e9253aeded0e1981e6845e1e521fe-vfa6ff903cb27f336e17654595dd900fa943dcd91,6,44,359,403
SWE-bench Pro v1,instance_element-hq__element-web-aeabf3b18896ac1eb7ae9757e66ce886120f8309-vnan,8,183,129,312
SWE-bench Pro v1,instance_navidrome__navidrome-b3980532237e57ab15b2b93c49d5cd5b2d050013,4,22,10,32
SWE-bench Pro v1,instance_ansible__ansible-1ee70fc272aff6bf3415357c6e13c5de5b928d9b-v1055803c3a812189a1133297f7f5468579283f86,1,48,15,63
SWE-bench Pro v1,instance_internetarchive__openlibrary-30bc73a1395fba2300087c7f307e54bb5372b60a-v76304ecdb3a5954fcf13feb710e8c40fcf24b73c,4,458,165,623
SWE-bench Pro v1,instance_element-hq__element-web-776ffa47641c7ec6d142ab4a47691c30ebf83c2e,9,159,4,163
SWE-bench Pro v1,instance_gravitational__teleport-73cc189b0e9636d418c4470ecce0d9af5dae2f02-vee9b09fb20c43af7e520f57e9239bbcf46b7113d,1,51,11,62
SWE-bench Pro v1,instance_qutebrowser__qutebrowser-5fdc83e5da6222fe61163395baaad7ae57fa2cb4-v363c8a7e5ccdf6968fc7ab84a2053ac78036691d,3,47,25,72
SWE-bench Pro v1,instance_future-architect__vuls-e4728e388120b311c4ed469e4f942e0347a2689b-v264a82e2f4818e30f5a25e4da53b27ba119f62b5,2,58,12,70
SWE-bench Pro v1,instance_gravitational__teleport-24cafecd8721891092210afc55f6413ab46ca211-vee9b09fb20c43af7e520f57e9239bbcf46b7113d,1,36,6,42
SWE-bench Pro v1,instance_tutao__tutanota-4b4e45949096bb288f2b522f657610e480efa3e8-vee878bb72091875e912c52fc32bc60ec3760227b,2,63,12,75
SWE-bench Pro v1,instance_future-architect__vuls-9aa0d87a21bede91c2b45c32187456bb69455e92,7,24,11,35
SWE-bench Pro v1,instance_internetarchive__openlibrary-0dc5b20fa186f9714f8a838178597e69f549d026-v2d9a6c849c60ed19fd0858ce9e40b7cc8e097e59,1,32,30,62
SWE-bench Pro v1,instance_ansible__ansible-cb94c0cc550df9e98f1247bc71d8c2b861c75049-v1055803c3a812189a1133297f7f5468579283f86,5,38,5,43
SWE-bench Pro v1,instance_gravitational__teleport-89f0432ad5dc70f1f6a30ec3a8363d548371a718,6,33,7,40
SWE-bench Pro v1,instance_protonmail__webclients-4817fe14e1356789c90165c2a53f6a043c2c5f83,9,70,25,95
SWE-bench Pro v1,instance_navidrome__navidrome-23bebe4e06124becf1000e88472ae71a6ca7de4c,1,131,126,257
SWE-bench Pro v1,instance_internetarchive__openlibrary-72321288ea790a3ace9e36f1c05b68c93f7eec43-v0f5aece3601a5b4419f7ccec1dbda2071be28ee4,4,40,11,51
SWE-bench Pro v1,instance_future-architect__vuls-878c25bf5a9c9fd88ac32eb843f5636834d5712d,5,248,21,269
SWE-bench Pro v1,instance_internetarchive__openlibrary-09865f5fb549694d969f0a8e49b9d204ef1853ca-ve8c8d62a2b60610a3c4631f5f23ed866bada9818,6,114,9,123
SWE-bench Pro v1,instance_protonmail__webclients-ae36cb23a1682dcfd69587c1b311ae0227e28f39,4,74,3,77
SWE-bench Pro v1,instance_flipt-io__flipt-86906cbfc3a5d3629a583f98e6301142f5f14bdb-v6bea0cc3a6fc532d7da914314f2944fc1cd04dee,7,145,8,153
SWE-bench Pro v1,instance_internetarchive__openlibrary-123e6e5e1c85b9c07d1e98f70bfc480bc8016890-v2733ff199fb72f0d033a30dc62cb0a4742e3a7f4,2,83,23,106
SWE-bench Pro v1,instance_gravitational__teleport-2b15263e49da5625922581569834eec4838a9257-vee9b09fb20c43af7e520f57e9239bbcf46b7113d,7,283,131,414
SWE-bench Pro v1,instance_internetarchive__openlibrary-9c392b60e2c6fa1d68cb68084b4b4ff04d0cb35c-v2d9a6c849c60ed19fd0858ce9e40b7cc8e097e59,3,22,30,52
SWE-bench Pro v1,instance_navidrome__navidrome-3bc9e75b2843f91f6a1e9b604e321c2bd4fd442a,2,37,10,47
SWE-bench Pro v1,instance_flipt-io__flipt-d966559200183b713cdf3ea5007a7e0ba86a5afb,7,32,22,54
SWE-bench Pro v1,instance_internetarchive__openlibrary-c12943be1db80cf1114bc267ddf4f9933aca9b28-v2c55207218fb8a0138425cbf7d9675272e240b90,3,37,5,42
SWE-bench Pro v1,instance_future-architect__vuls-ef2be3d6ea4c0a13674aaab08b182eca4e2b9a17-v264a82e2f4818e30f5a25e4da53b27ba119f62b5,6,140,199,339
SWE-bench Pro v1,instance_gravitational__teleport-5dca072bb4301f4579a15364fcf37cc0c39f7f6c,2,33,1,34
SWE-bench Pro v1,instance_navidrome__navidrome-3982ba725883e71d4e3e618c61d5140eeb8d850a,7,48,126,174
SWE-bench Pro v1,instance_flipt-io__flipt-72d06db14d58692bfb4d07b1aa745a37b35956f3,3,53,6,59
SWE-bench Pro v1,instance_flipt-io__flipt-c188284ff0c094a4ee281afebebd849555ebee59,15,291,55,346
SWE-bench Pro v1,instance_element-hq__element-web-494d9de6f0a94ffb491e74744d2735bce02dc0ab-vnan,3,23,6,29
SWE-bench Pro v1,instance_gravitational__teleport-82185f232ae8974258397e121b3bc2ed0c3729ed-v626ec2a48416b10a88641359a169d99e935ff037,4,98,79,177
QFEA-Bench,openqaoa_112_85,9,1397,73,1470
QFEA-Bench,openqaoa_232_241,1,45,0,45
QFEA-Bench,openqaoa_36_71,2,389,1,390
QFEA-Bench,qiskit_addon_sqd_148_230,3,117,39,156
QFEA-Bench,qiskit_addon_sqd_265_343,2,19,8,27
QFEA-Bench,squlearn_112_154,17,690,84,774
QFEA-Bench,squlearn_266_301,73,2456,2027,4483
QFEA-Bench,squlearn_274_279,22,412,312,724
QFEA-Bench,squlearn_275_339,17,236,47,283
QFEA-Bench,squlearn_62_99,6,167,62,229
QFEA-Bench,tequila_400_411,1,24,22,46
QFEA-Bench,tequila_403_407,7,97,20,117
QFEA-Bench,tequila_406_409,2,44,2,46
