sample_id,repo,quantum_depth,engineering_complexity,resolved,quantum_task_family,quantum_task_mechanism,research_object,object_operation,quantum_task_category,quantum_task_category_label,concrete_task_type,concrete_task_type_label,problem_statement_evidence,requirements_evidence,interface_evidence,golden_patch_evidence,annotation_rationale,prior_audit_evidence
openfermion_151_352,quantumlib/OpenFermion,medium,small,True,quantum_object_semantics,functionality_extension_of_quantum_objects,quantum_object,operator_representation_construction,quantum_operator_representation_enhancement,Quantum Operator Representation,bosonic_spin_majorana_operator_representation,"Bosonic, spin, or Majorana operator",OpenFermion needs a bosonic symbolic operator type so users can represent bosonic ladder-operator expressions directly and ask basic structural questions about whether those expressions are already in bosonic normal order or preserve boson number.,"Provide a BosonOperator symbolic operator type for bosonic ladder-operator terms. | Allow BosonOperator instances to recognize bosonic normal ordering, including empty operators, number operators, and reversed creation-annihilation orderings.","BosonOperator, BosonOperatorError, is_normal_ordered, is_boson_preserving",src/openfermion/ops/_boson_operator.py,"Revised RQ2 annotation: Bosonic, spin, or Majorana operator; category=Quantum Operator Representation.",OpenFermion needs a bosonic symbolic operator type so users can represent bosonic ladder-operator expressions directly and ask basic structural questions about whether those expressions are already in bosonic normal order or preserve boson number.
openfermion_207_212,quantumlib/OpenFermion,strong,small,True,quantum_object_semantics,modeling_abstract_problems_as_quantum_objects,quantum_object,problem_model_construction,quantum_problem_modeling,Quantum Problem Modeling,hamiltonian_model_construction,Hamiltonian model construction,OpenFermion should support freezing occupied and unoccupied orbitals directly on a FermionOperator so users can form active-space Hamiltonians from second-quantized operators while preserving the correct fermionic signs and removing gaps in the remaining orbital numbering.,Provide a freeze_orbitals helper for FermionOperator inputs. | Allow freeze_orbitals to freeze specified occupied orbitals and specified unoccupied orbitals by removing operators on those modes from each term.,freeze_orbitals,src/openfermion/ops/_fermion_operator.py,Revised RQ2 annotation: Hamiltonian model construction; category=Quantum Problem Modeling.,OpenFermion should support freezing occupied and unoccupied orbitals directly on a FermionOperator so users can form active-space Hamiltonians from second-quantized operators while preserving the correct fermionic signs and removing gaps in the remaining orbital numbering.
openfermion_246_306,quantumlib/OpenFermion,strong,large,False,quantum_object_semantics,representation_equivalence_of_quantum_objects,quantum_object,problem_model_construction,quantum_problem_modeling,Quantum Problem Modeling,hamiltonian_model_construction,Hamiltonian model construction,"OpenFermion needs a specialized Hamiltonian representation for electronic-structure models with a diagonal Coulomb term so that these operators can be stored more compactly and transformed more directly than a generic FermionOperator. Users need a DiagonalCoulombHamiltonian representation together with conversion routines back to FermionOperator form, support for Jordan-Wigner mapping, sparse-operator conversion, and the same qubit-count and validity checks expected by the surrounding transform utilities.","Provide a DiagonalCoulombHamiltonian representation for Hamiltonians with Hermitian one-body terms, real symmetric diagonal Coulomb terms, and an optional constant term. | Allow valid diagonal-Coulomb FermionOperator instances to be converted into DiagonalCoulombHamiltonian form and converted back without changing the represented Hamiltonian.","DiagonalCoulombHamiltonian, get_diagonal_coulomb_hamiltonian, get_fermion_operator, jordan_wigner, get_sparse_operator","src/openfermion/ops/__init__.py, src/openfermion/ops/_diagonal_coulomb_hamiltonian.py, src/openfermion/transforms/__init__.py, src/openfermion/transforms/_conversion.py, src/openfermion/transforms/_jordan_wigner.py, src/openfermion/utils/_operator_utils.py",Revised RQ2 annotation: Hamiltonian model construction; category=Quantum Problem Modeling.,"OpenFermion needs a specialized Hamiltonian representation for electronic-structure models with a diagonal Coulomb term so that these operators can be stored more compactly and transformed more directly than a generic FermionOperator. Users need a DiagonalCoulombHamiltonian representation together with conversion routines back to FermionOperator form, support for Jordan-Wigner mapping, sparse-operator conversion, and the same qubit-count and validity checks expected by the surrounding transform "
openfermion_258_262,quantumlib/OpenFermion,strong,small,False,quantum_object_semantics,functionality_extension_of_quantum_objects,quantum_object,operator_representation_construction,quantum_operator_representation_enhancement,Quantum Operator Representation,bosonic_spin_majorana_operator_representation,"Bosonic, spin, or Majorana operator","OpenFermion should support the conventional unnormalized Majorana operator convention and a more convenient way to construct those operators, so users can work with c_p and d_p style Majorana terms directly while keeping downstream quadratic-Hamiltonian and auxiliary-stabilizer workflows consistent with the updated definition.",Allow majorana_operator to construct Type 0 and Type 1 Majorana operators using the unnormalized convention a_p^ + a_p and i(a_p^ - a_p). | Allow majorana_operator to accept string shorthands such as c2 and d3 for Majorana operators on a given mode.,"majorana_operator, majorana_form","src/openfermion/utils/_special_operators.py, src/openfermion/transforms/_verstraete_cirac.py","Revised RQ2 annotation: Bosonic, spin, or Majorana operator; category=Quantum Operator Representation.","OpenFermion should support the conventional unnormalized Majorana operator convention and a more convenient way to construct those operators, so users can work with c_p and d_p style Majorana terms directly while keeping downstream quadratic-Hamiltonian and auxiliary-stabilizer workflows consistent with the updated definition."
openfermion_259_283,quantumlib/OpenFermion,strong,medium,True,quantum_object_semantics,representation_equivalence_of_quantum_objects,quantum_object,representation_transformation,quantum_operator_transformation,Quantum Operator Transformation,fermionic_to_qubit_mapping_reduction,Fermionic operator -> qubit operator,"OpenFermion needs a tree-based Bravyi-Kitaev transform so users can convert fermionic operators with the Bravyi-Kitaev tree formulation, especially when working with systems whose mode count is not a power of two, while preserving the existing Bravyi-Kitaev API expectations around identities, qubit-count validation, and spectral equivalence for simple observables.",Provide a bravyi_kitaev_tree transform for FermionOperator inputs. | Allow bravyi_kitaev_tree to map the identity operator to the identity QubitOperator.,"bravyi_kitaev_tree, FenwickTree","src/openfermion/transforms/__init__.py, src/openfermion/transforms/_bravyi_kitaev_tree.py",Revised RQ2 annotation: Fermionic operator -> qubit operator; category=Quantum Operator Transformation.,"OpenFermion needs a tree-based Bravyi-Kitaev transform so users can convert fermionic operators with the Bravyi-Kitaev tree formulation, especially when working with systems whose mode count is not a power of two, while preserving the existing Bravyi-Kitaev API expectations around identities, qubit-count validation, and spectral equivalence for simple observables."
openfermion_37_114,quantumlib/OpenFermion,medium,small,False,quantum_object_semantics,functionality_extension_of_quantum_objects,quantum_object,operator_algebra_and_coefficients,quantum_operator_representation_enhancement,Quantum Operator Representation,general_symbolic_operator_representation,General symbolic operator,"OpenFermion should provide an efficient Baker-Campbell-Hausdorff expansion helper so users can combine exponentials of noncommuting operators or matrices without hand-coding nested commutators, while still rejecting unsupported input combinations cleanly.","Provide a bch_expand helper that computes a truncated Baker-Campbell-Hausdorff expansion for two inputs of the same operator-like type. | Allow bch_expand to work with matrix-like inputs that support addition, multiplication, and scalar multiplication, and produce results that agree with the baseline nested-commutator expansion through the requested order.",bch_expand,src/openfermion/utils/_bch_expansion.py,Revised RQ2 annotation: General symbolic operator; category=Quantum Operator Representation.,"OpenFermion should provide an efficient Baker-Campbell-Hausdorff expansion helper so users can combine exponentials of noncommuting operators or matrices without hand-coding nested commutators, while still rejecting unsupported input combinations cleanly."
openfermion_457_549,quantumlib/OpenFermion,medium,small,False,quantum_object_semantics,functionality_extension_of_quantum_objects,quantum_object,operator_algebra_and_coefficients,quantum_operator_representation_enhancement,Quantum Operator Representation,fermionic_operator_representation,Fermionic operator,"OpenFermion operators need to support symbolic amplitudes so users can represent FermionOperator and related symbolic operators with unknown coefficients and still apply the standard fermion-to-qubit transforms. The implementation should allow sympy expressions to participate in the core symbolic-operator arithmetic used by FermionOperator construction and scalar multiplication, while preserving the expected Jordan-Wigner and Bravyi-Kitaev transformed coefficients.","Allow SymbolicOperator-derived operators to be constructed with sympy.Expr coefficients. | Allow SymbolicOperator scalar multiplication and in-place addition logic to work correctly when coefficients are sympy.Expr values, including cancellation of exact symbolic opposites.","SymbolicOperator, __mul__, __rmul__, __imul__, __iadd__, jordan_wigner, bravyi_kitaev",src/openfermion/ops/_symbolic_operator.py,Revised RQ2 annotation: Fermionic operator; category=Quantum Operator Representation.,"OpenFermion operators need to support symbolic amplitudes so users can represent FermionOperator and related symbolic operators with unknown coefficients and still apply the standard fermion-to-qubit transforms. The implementation should allow sympy expressions to participate in the core symbolic-operator arithmetic used by FermionOperator construction and scalar multiplication, while preserving the expected Jordan-Wigner and Bravyi-Kitaev transformed coefficients."
openfermion_458_501,quantumlib/OpenFermion,strong,medium,False,quantum_object_semantics,functionality_extension_of_quantum_objects,quantum_object,operator_representation_construction,quantum_operator_representation_enhancement,Quantum Operator Representation,bosonic_spin_majorana_operator_representation,"Bosonic, spin, or Majorana operator","OpenFermion needs a native Majorana-operator representation so users can express fermionic models directly in the Majorana basis instead of encoding these products indirectly through other operator classes. The implementation should provide a MajoranaOperator type with the expected canonical term normalization, algebraic operations, string formatting, and public package export.","Provide a MajoranaOperator class that canonicalizes Majorana terms by sorting indices, removing repeated pairs, and applying the corresponding parity sign change. | Allow MajoranaOperator instances to test commutation, add, subtract, multiply, divide by scalars, and format themselves in a canonical Majorana representation, including empty products as `()` and the zero operator as `0`.","MajoranaOperator, commutes_with, __mul__, __truediv__, __str__","src/openfermion/ops/__init__.py, src/openfermion/ops/_majorana_operator.py","Revised RQ2 annotation: Bosonic, spin, or Majorana operator; category=Quantum Operator Representation.","OpenFermion needs a native Majorana-operator representation so users can express fermionic models directly in the Majorana basis instead of encoding these products indirectly through other operator classes. The implementation should provide a MajoranaOperator type with the expected canonical term normalization, algebraic operations, string formatting, and public package export."
openfermion_469_474,quantumlib/OpenFermion,medium,small,True,quantum_object_semantics,modeling_abstract_problems_as_quantum_objects,quantum_object,problem_model_construction,quantum_problem_modeling,Quantum Problem Modeling,lattice_model_construction,Lattice model construction,OpenFermion's square-lattice Hubbard utilities need to distinguish horizontal and vertical nearest-neighbor edges so users can assign different tunneling and interaction coefficients along the two lattice directions instead of treating every nearest-neighbor bond as a single undifferentiated edge type.,"Extend HubbardSquareLattice so square-lattice edge handling distinguishes onsite, generic neighbor, horizontal_neighbor, and vertical_neighbor edge types. | Allow HubbardSquareLattice to enumerate and count horizontal and vertical nearest-neighbor site pairs independently while preserving the existing generic neighbor behavior.","HubbardSquareLattice, edge_types, validate_edge_type, site_pairs_iter, n_horizontal_neighbor_pairs, n_vertical_neighbor_pairs, FermiHubbardModel",src/openfermion/utils/_lattice.py,Revised RQ2 annotation: Lattice model construction; category=Quantum Problem Modeling.,OpenFermion's square-lattice Hubbard utilities need to distinguish horizontal and vertical nearest-neighbor edges so users can assign different tunneling and interaction coefficients along the two lattice directions instead of treating every nearest-neighbor bond as a single undifferentiated edge type.
openfermion_46_61,quantumlib/OpenFermion,medium,medium,True,quantum_object_semantics,functionality_extension_of_quantum_objects,quantum_object,operator_representation_construction,quantum_operator_representation_enhancement,Quantum Operator Representation,fermionic_operator_representation,Fermionic operator,"OpenFermion should support a more general tensor representation for fermionic operators so code can work with coefficient tensors for different creation and annihilation patterns, while still preserving existing interaction-operator iteration behavior and basis-rotation support.",Provide a PolynomialTensor representation for fermionic operator coefficients keyed by the creation and annihilation pattern of each tensor block. | Expose PolynomialTensor from openfermion.ops.,"PolynomialTensor, __add__, __sub__, __mul__, rotate_basis","src/openfermion/ops/__init__.py, src/openfermion/ops/_polynomial_tensor.py, src/openfermion/ops/_interaction_operator.py",Revised RQ2 annotation: Fermionic operator; category=Quantum Operator Representation.,"OpenFermion should support a more general tensor representation for fermionic operators so code can work with coefficient tensors for different creation and annihilation patterns, while still preserving existing interaction-operator iteration behavior and basis-rotation support."
openfermion_542_589,quantumlib/OpenFermion,strong,small,True,quantum_object_semantics,representation_equivalence_of_quantum_objects,quantum_object,representation_transformation,quantum_operator_representation_enhancement,Quantum Operator Representation,bosonic_spin_majorana_operator_representation,"Bosonic, spin, or Majorana operator","OpenFermion needs a Majorana-operator conversion path for fermionic Hamiltonians so users can move between FermionOperator-based models and the Majorana representation without manually expanding each ladder operator term. The implementation should provide the Majorana conversion routine for fermionic operators, accept diagonal Coulomb Hamiltonians through the same path, and preserve the expected type checking for unsupported inputs.",Provide a Majorana conversion routine for FermionOperator instances using the standard mapping from fermionic creation and annihilation operators to Majorana modes. | Allow converting a DiagonalCoulombHamiltonian to a MajoranaOperator through the same public conversion entry point used for FermionOperator inputs.,"get_majorana_operator, _fermion_operator_to_majorana_operator, _fermion_term_to_majorana_operator, get_diagonal_coulomb_hamiltonian, get_fermion_operator","src/openfermion/transforms/__init__.py, src/openfermion/transforms/_conversion.py","Revised RQ2 annotation: Bosonic, spin, or Majorana operator; category=Quantum Operator Representation.","OpenFermion needs a Majorana-operator conversion path for fermionic Hamiltonians so users can move between FermionOperator-based models and the Majorana representation without manually expanding each ladder operator term. The implementation should provide the Majorana conversion routine for fermionic operators, accept diagonal Coulomb Hamiltonians through the same path, and preserve the expected type checking for unsupported inputs."
openfermion_752_753,quantumlib/OpenFermion,strong,medium,True,quantum_object_semantics,representation_equivalence_of_quantum_objects,quantum_object,representation_transformation,quantum_operator_transformation,Quantum Operator Transformation,fermionic_to_qubit_mapping_reduction,Fermionic operator -> qubit operator,"OpenFermion can apply the Bravyi-Kitaev transform to FermionOperator and MajoranaOperator inputs, but chemistry workflows that already use InteractionOperator still have to convert through a FermionOperator first. Users need Bravyi-Kitaev support to work directly on InteractionOperator instances, including the same validation around qubit counts and the same transformed qubit operator semantics as the existing FermionOperator path.","Allow bravyi_kitaev to accept an InteractionOperator directly. | When given an InteractionOperator, produce the same QubitOperator as applying bravyi_kitaev to the equivalent FermionOperator for one-body, Coulomb/exchange, number-excitation, double-excitation, and complex-valued interaction terms.",bravyi_kitaev,src/openfermion/transforms/opconversions/bravyi_kitaev.py,Revised RQ2 annotation: Fermionic operator -> qubit operator; category=Quantum Operator Transformation.,"OpenFermion can apply the Bravyi-Kitaev transform to FermionOperator and MajoranaOperator inputs, but chemistry workflows that already use InteractionOperator still have to convert through a FermionOperator first. Users need Bravyi-Kitaev support to work directly on InteractionOperator instances, including the same validation around qubit counts and the same transformed qubit operator semantics as the existing FermionOperator path."
pennylane_166_588,PennyLaneAI/pennylane,medium,medium,False,quantum_circuit_mechanisms,circuit_evaluation_postprocessing,quantum_circuit,circuit_evaluation_postprocessing,quantum_circuit_evaluation_postprocessing,Quantum Circuit Evaluation and Post-processing,circuit_input_state_binding,Circuit-input semantics and state binding,"PennyLane has QML templates and PyTorch support, but users do not have a native way to wrap a QNode as a PyTorch neural-network layer. A QNode should be usable inside standard torch.nn modules and hybrid models while keeping its quantum weights trainable through PyTorch.",A Torch-compatible QNode layer must be available from the qnn module. | The layer must be constructible from a QNode and a mapping of QNode weight names to shapes.,"TorchLayer, TorchLayer.forward","pennylane/qnn/__init__.py, pennylane/qnn/torch.py",Revised RQ2 annotation: Circuit-input semantics and state binding; category=Quantum Circuit Evaluation and Post-processing.,"PennyLane has QML templates and PyTorch support, but users do not have a native way to wrap a QNode as a PyTorch neural-network layer. A QNode should be usable inside standard torch.nn modules and hybrid models while keeping its quantum weights trainable through PyTorch."
pennylane_2492_3742,PennyLaneAI/pennylane,medium,small,False,quantum_object_semantics,representation_equivalence_of_quantum_objects,quantum_object,representation_transformation,numerical_realization_transformation,Numerical Realization Transformation,quantum_kernel_to_kernel_matrix,Kernel to kernel matrix,"The kernels utility functions for building square and rectangular kernel matrices are tied to NumPy-style array construction. They should work with PennyLane's supported autodiff interfaces and with kernel functions that return batched values, such as shot-vector outputs, while preserving the existing scalar kernel matrix behavior.",Square and rectangular kernel matrix helpers must preserve scalar kernel outputs and return matrices with the expected training and test data dimensions. | Kernel matrix helpers must support differentiable Autograd inputs without breaking gradient computation through the input data.,"square_kernel_matrix, kernel_matrix",pennylane/kernels/utils.py,Revised RQ2 annotation: Kernel to kernel matrix; category=Numerical Realization Transformation.,"The kernels utility functions for building square and rectangular kernel matrices are tied to NumPy-style array construction. They should work with PennyLane's supported autodiff interfaces and with kernel functions that return batched values, such as shot-vector outputs, while preserving the existing scalar kernel matrix behavior."
pennylane_3982_3977,PennyLaneAI/pennylane,strong,small,True,quantum_object_semantics,representation_equivalence_of_quantum_objects,quantum_object,representation_transformation,quantum_operator_transformation,Quantum Operator Transformation,fermionic_to_qubit_mapping_reduction,Fermionic operator -> qubit operator,The qchem tapering workflow can require excessive peak memory when tapering Hamiltonians with many Pauli terms because the Clifford-transformed PauliSentence is multiplied through the whole Hamiltonian at once. The tapering implementation should keep the same physical result while reducing peak memory by processing the Hamiltonian in smaller PauliSentence chunks.,Tapering a Hamiltonian must continue to return the same tapered Hamiltonian as the PauliSentence-based tapering path. | The PauliSentence tapering path must be able to process large PauliSentence inputs in bounded-size chunks rather than materializing the full transformed expression at once.,"taper, _taper_pauli_sentence, _split_pauli_sentence",pennylane/qchem/tapering.py,Revised RQ2 annotation: Fermionic operator -> qubit operator; category=Quantum Operator Transformation.,The qchem tapering workflow can require excessive peak memory when tapering Hamiltonians with many Pauli terms because the Clifford-transformed PauliSentence is multiplied through the whole Hamiltonian at once. The tapering implementation should keep the same physical result while reducing peak memory by processing the Hamiltonian in smaller PauliSentence chunks.
pennylane_4881_4928,PennyLaneAI/pennylane,strong,medium,True,quantum_object_semantics,representation_equivalence_of_quantum_objects,quantum_object,representation_transformation,quantum_operator_transformation,Quantum Operator Transformation,fermionic_to_qubit_mapping_reduction,Fermionic operator -> qubit operator,"PennyLane supports converting fermionic operators to qubit operators, but users also need a parity-basis mapping in addition to the existing Jordan-Wigner path. The fermionic conversion utilities should expose a parity transform that maps FermiWord and FermiSentence objects to equivalent qubit operators or Pauli sentences, with support for explicit wire labels and coefficient tolerance handling.",A public parity transform must be available for fermionic operators. | The transform must accept FermiWord and FermiSentence inputs and reject incompatible operator types with a clear ValueError.,parity_transform,"pennylane/fermi/__init__.py, pennylane/fermi/conversion.py",Revised RQ2 annotation: Fermionic operator -> qubit operator; category=Quantum Operator Transformation.,"PennyLane supports converting fermionic operators to qubit operators, but users also need a parity-basis mapping in addition to the existing Jordan-Wigner path. The fermionic conversion utilities should expose a parity transform that maps FermiWord and FermiSentence objects to equivalent qubit operators or Pauli sentences, with support for explicit wire labels and coefficient tolerance handling."
pennylane_5759_5773,PennyLaneAI/pennylane,medium,large,False,quantum_object_semantics,representation_equivalence_of_quantum_objects,quantum_object,representation_transformation,quantum_operator_representation_enhancement,Quantum Operator Representation,general_symbolic_operator_representation,General symbolic operator,"PennyLane can represent qubit observables and fermionic operators, while quantum chemistry users often need to exchange those objects with OpenFermion. The repository should provide a direct conversion path between PennyLane operator or fermionic representations and OpenFermion's qubit and fermion operator representations, including support for wire mappings and small imaginary numerical noise.","PennyLane qubit operators made from sums, products, and linear combinations of Pauli words must be convertible to equivalent OpenFermion QubitOperator objects. | PennyLane FermiWord and FermiSentence objects must be convertible to equivalent OpenFermion FermionOperator objects.","from_openfermion, _from_openfermion_qubit, to_openfermion, FermiWord.to_string","pennylane/__init__.py, pennylane/fermi/fermionic.py, pennylane/qchem/__init__.py, pennylane/qchem/convert.py, pennylane/qchem/convert_openfermion.py",Revised RQ2 annotation: General symbolic operator; category=Quantum Operator Representation.,"PennyLane can represent qubit observables and fermionic operators, while quantum chemistry users often need to exchange those objects with OpenFermion. The repository should provide a direct conversion path between PennyLane operator or fermionic representations and OpenFermion's qubit and fermion operator representations, including support for wire mappings and small imaginary numerical noise."
pennylane_5895_5920,PennyLaneAI/pennylane,medium,small,True,quantum_object_semantics,representation_equivalence_of_quantum_objects,quantum_object,representation_transformation,numerical_realization_transformation,Numerical Realization Transformation,quantum_operator_to_matrix_representation,Operator to matrix,"PennyLane has fermionic data structures that can be manipulated symbolically, but users also need to obtain their concrete matrix representations for downstream simulation and verification workflows. Fermionic words and fermionic sentences should support converting themselves into matrices using the standard fermion-to-qubit mapping while respecting the number of orbitals requested by the caller.",FermiWord objects must provide a matrix representation of the fermionic operator they encode. | FermiSentence objects must provide a matrix representation equal to the weighted sum of the matrices of their fermionic terms.,"FermiWord.to_mat, FermiSentence.to_mat",pennylane/fermi/fermionic.py,Revised RQ2 annotation: Operator to matrix; category=Numerical Realization Transformation.,"PennyLane has fermionic data structures that can be manipulated symbolically, but users also need to obtain their concrete matrix representations for downstream simulation and verification workflows. Fermionic words and fermionic sentences should support converting themselves into matrices using the standard fermion-to-qubit mapping while respecting the number of orbitals requested by the caller."
pennylane_991_1062,PennyLaneAI/pennylane,medium,small,False,quantum_circuit_mechanisms,circuit_evaluation_postprocessing,quantum_circuit,circuit_evaluation_postprocessing,quantum_circuit_evaluation_postprocessing,Quantum Circuit Evaluation and Post-processing,circuit_input_state_binding,Circuit-input semantics and state binding,"PennyLane's TorchLayer only supports either a single input vector or a simple batch of input vectors. It should behave like common neural-network layers and accept inputs with extra leading dimensions, applying the wrapped quantum node across those dimensions while preserving the expected output shape and gradient flow.",TorchLayer must accept one-dimensional inputs and ordinary batched two-dimensional inputs with the existing output shapes. | TorchLayer must accept inputs with multiple leading dimensions before the per-example quantum input dimension.,"TorchLayer, TorchLayer.forward",pennylane/qnn/torch.py,Revised RQ2 annotation: Circuit-input semantics and state binding; category=Quantum Circuit Evaluation and Post-processing.,"PennyLane's TorchLayer only supports either a single input vector or a simple batch of input vectors. It should behave like common neural-network layers and accept inputs with extra leading dimensions, applying the wrapped quantum node across those dimensions while preserving the expected output shape and gradient flow."
qiskit_finance_54_57,qiskit-community/qiskit-finance,medium,small,True,quantum_object_semantics,modeling_abstract_problems_as_quantum_objects,quantum_object,problem_model_construction,quantum_problem_modeling,Quantum Problem Modeling,optimization_model_construction,Optimization model construction,"PortfolioOptimization currently models each asset decision as binary, so a portfolio can only choose whether to buy an asset or not. This prevents users from representing integer asset holdings, where the portfolio should be able to buy multiple units of the same asset within configured bounds. The finance optimization workflow needs PortfolioOptimization to support integer decision variables while preserving the existing binary behavior when no bounds are provided.",PortfolioOptimization must continue to create binary decision variables when no bounds are provided. | PortfolioOptimization must accept optional per-asset integer bounds and use them to create integer decision variables in the quadratic program.,"PortfolioOptimization, PortfolioOptimization.to_quadratic_program, PortfolioOptimization.bounds",qiskit_finance/applications/optimization/portfolio_optimization.py,Revised RQ2 annotation: Optimization model construction; category=Quantum Problem Modeling.,"PortfolioOptimization currently models each asset decision as binary, so a portfolio can only choose whether to buy an asset or not. This prevents users from representing integer asset holdings, where the portfolio should be able to buy multiple units of the same asset within configured bounds. The finance optimization workflow needs PortfolioOptimization to support integer decision variables while preserving the existing binary behavior when no bounds are provided."
qiskit_finance_72_112,qiskit-community/qiskit-finance,medium,small,True,quantum_circuit_mechanisms,circuit_structure_construction,quantum_circuit,circuit_construction,quantum_circuit_construction,Quantum Circuit Construction,state_preparation_circuit_construction,State-preparation circuit construction,"The probability distribution circuits in qiskit-finance currently expose their implementation gates directly at the top level. This makes the library circuits draw as decomposed gate sequences instead of compact named blocks, which is inconsistent with the wrapped circuit-library behavior used elsewhere in Qiskit. The probability distribution circuits should be wrapped so they remain compact at the outer level while preserving the same decomposed behavior and validation semantics they already provide.",UniformDistribution must construct a wrapped top-level circuit instead of exposing the raw Hadamard layer at the outermost level. | NormalDistribution and LogNormalDistribution must preserve their existing decomposed state-preparation behavior after being wrapped.,"UniformDistribution, NormalDistribution, LogNormalDistribution","qiskit_finance/circuit/library/probability_distributions/uniform.py, qiskit_finance/circuit/library/probability_distributions/normal.py, qiskit_finance/circuit/library/probability_distributions/lognormal.py",Revised RQ2 annotation: State-preparation circuit construction; category=Quantum Circuit Construction.,"The probability distribution circuits in qiskit-finance currently expose their implementation gates directly at the top level. This makes the library circuits draw as decomposed gate sequences instead of compact named blocks, which is inconsistent with the wrapped circuit-library behavior used elsewhere in Qiskit. The probability distribution circuits should be wrapped so they remain compact at the outer level while preserving the same decomposed behavior and validation semantics they already pr"
qiskit_machine_learning_112_151,qiskit-community/qiskit-machine-learning,medium,medium,True,quantum_circuit_mechanisms,circuit_evaluation_postprocessing,quantum_circuit,circuit_evaluation_postprocessing,quantum_circuit_evaluation_postprocessing,Quantum Circuit Evaluation and Post-processing,iterative_circuit_execution_control,Iterative circuit-execution control,Neural-network model training does not currently give users a supported way to observe intermediate optimization progress. Users need trainable neural-network classifier workflows to accept a callback during construction and invoke it while fitting so loss-related values and optimizer weights can be tracked during training.,"Neural-network classifiers must accept an optional callback when they are constructed. | When a callback is supplied, classifier fitting must invoke it during optimization with the current objective weights and computed objective value.","NeuralNetworkClassifier, NeuralNetworkClassifier.fit, NeuralNetworkClassifier.score, TrainableModel, TrainableModel._get_objective","qiskit_machine_learning/algorithms/classifiers/neural_network_classifier.py, qiskit_machine_learning/algorithms/classifiers/vqc.py, qiskit_machine_learning/algorithms/regressors/neural_network_regressor.py, qiskit_machine_learning/algorithms/regressors/vqr.py, qiskit_machine_learning/algorithms/trainable_model.py",Revised RQ2 annotation: Iterative circuit-execution control; category=Quantum Circuit Evaluation and Post-processing.,Neural-network model training does not currently give users a supported way to observe intermediate optimization progress. Users need trainable neural-network classifier workflows to accept a callback during construction and invoke it while fitting so loss-related values and optimizer weights can be tracked during training.
qiskit_machine_learning_113_115,qiskit-community/qiskit-machine-learning,medium,medium,True,quantum_circuit_mechanisms,circuit_evaluation_postprocessing,quantum_circuit,circuit_evaluation_postprocessing,quantum_circuit_evaluation_postprocessing,Quantum Circuit Evaluation and Post-processing,circuit_input_state_binding,Circuit-input semantics and state binding,"Neural-network classifiers and regressors should let users provide an initial point for model training. Today the only way to control the starting weights is to rely on warm-start behavior and private fit state, which is awkward for users who want a clean public way to start optimization from known weights.",Trainable neural-network models accept an optional initial point for optimizer weights. | The initial point is exposed as a readable and writable model property.,"TrainableModel, TrainableModel.initial_point, TrainableModel._choose_initial_point, NeuralNetworkClassifier, VQC, NeuralNetworkRegressor, VQR","qiskit_machine_learning/algorithms/classifiers/neural_network_classifier.py, qiskit_machine_learning/algorithms/classifiers/vqc.py, qiskit_machine_learning/algorithms/regressors/neural_network_regressor.py, qiskit_machine_learning/algorithms/regressors/vqr.py, qiskit_machine_learning/algorithms/trainable_model.py",Revised RQ2 annotation: Circuit-input semantics and state binding; category=Quantum Circuit Evaluation and Post-processing.,"Neural-network classifiers and regressors should let users provide an initial point for model training. Today the only way to control the starting weights is to rely on warm-start behavior and private fit state, which is awkward for users who want a clean public way to start optimization from known weights."
qiskit_machine_learning_226_219,qiskit-community/qiskit-machine-learning,medium,small,False,quantum_circuit_mechanisms,circuit_evaluation_postprocessing,quantum_circuit,circuit_evaluation_postprocessing,quantum_circuit_evaluation_postprocessing,Quantum Circuit Evaluation and Post-processing,circuit_input_state_binding,Circuit-input semantics and state binding,"QuantumKernel should support feature maps that contain user-tunable parameters in addition to data-encoding parameters. Users need to mark which feature-map parameters are trainable, assign or reassign them independently of input data, inspect whether any remain unbound, and keep the original unbound feature map available while the working feature map is updated.",QuantumKernel can be constructed with a feature map and an explicit collection of user-tunable parameters. | The kernel tracks user parameters separately from data parameters and exposes the current user-parameter bindings.,"QuantumKernel, QuantumKernel.assign_user_parameters, QuantumKernel.bind_user_parameters, QuantumKernel.get_unbound_parameters, QuantumKernel.user_parameters, QuantumKernel.user_param_binds, QuantumKernel.unbound_feature_map",qiskit_machine_learning/kernels/quantum_kernel.py,Revised RQ2 annotation: Circuit-input semantics and state binding; category=Quantum Circuit Evaluation and Post-processing.,"QuantumKernel should support feature maps that contain user-tunable parameters in addition to data-encoding parameters. Users need to mark which feature-map parameters are trainable, assign or reassign them independently of input data, inspect whether any remain unbound, and keep the original unbound feature map available while the working feature map is updated."
qiskit_machine_learning_227_244,qiskit-community/qiskit-machine-learning,strong,large,False,quantum_circuit_mechanisms,circuit_evaluation_postprocessing,quantum_circuit,circuit_evaluation_postprocessing,quantum_circuit_evaluation_postprocessing,Quantum Circuit Evaluation and Post-processing,iterative_circuit_execution_control,Iterative circuit-execution control,"Qiskit Machine Learning provides quantum kernels that can be evaluated and used in kernel-based classifiers, but there is no built-in training component for tuning parameterized quantum kernels against labeled data. Users need a trainer that optimizes the trainable parameters of a QuantumKernel with a kernel-specific loss and returns an optimized kernel that can be used by downstream classifiers.","Provide a QuantumKernelTrainer that accepts a QuantumKernel with trainable user parameters, an optional kernel loss, an optional optimizer, and an optional initial point. | QuantumKernelTrainer.fit must optimize the kernel user parameters against labeled training data and return a result object containing optimizer metadata and an optimized QuantumKernel.","QuantumKernelTrainer, QuantumKernelTrainer.fit, QuantumKernelTrainerResult, KernelLoss, SVCLoss, SVCLoss.evaluate","qiskit_machine_learning/kernels/algorithms/__init__.py, qiskit_machine_learning/kernels/algorithms/quantum_kernel_trainer.py, qiskit_machine_learning/kernels/quantum_kernel.py, qiskit_machine_learning/utils/loss_functions/__init__.py, qiskit_machine_learning/utils/loss_functions/kernel_loss_functions.py",Revised RQ2 annotation: Iterative circuit-execution control; category=Quantum Circuit Evaluation and Post-processing.,"Qiskit Machine Learning provides quantum kernels that can be evaluated and used in kernel-based classifiers, but there is no built-in training component for tuning parameterized quantum kernels against labeled data. Users need a trainer that optimizes the trainable parameters of a QuantumKernel with a kernel-specific loss and returns an optimized kernel that can be used by downstream classifiers."
qiskit_machine_learning_320_412,qiskit-community/qiskit-machine-learning,medium,medium,True,quantum_circuit_mechanisms,circuit_evaluation_postprocessing,quantum_circuit,circuit_evaluation_postprocessing,quantum_circuit_evaluation_postprocessing,Quantum Circuit Evaluation and Post-processing,circuit_input_state_binding,Circuit-input semantics and state binding,"VQC currently requires users to provide one-hot encoded labels, which makes ordinary classification workflows inconvenient when labels are already represented as integers or categorical strings. Users should be able to train, score, and predict with VQC using plain class labels while preserving the original label representation in predictions.",VQC must accept one-dimensional integer class labels without requiring callers to one-hot encode them first. | VQC must accept categorical string labels and train them through the same classifier workflow.,"VQC, VQC.fit, VQC.predict, VQC.score, NeuralNetworkClassifier, NeuralNetworkClassifier.predict","qiskit_machine_learning/algorithms/classifiers/neural_network_classifier.py, qiskit_machine_learning/algorithms/classifiers/vqc.py",Revised RQ2 annotation: Circuit-input semantics and state binding; category=Quantum Circuit Evaluation and Post-processing.,"VQC currently requires users to provide one-hot encoded labels, which makes ordinary classification workflows inconvenient when labels are already represented as integers or categorical strings. Users should be able to train, score, and predict with VQC using plain class labels while preserving the original label representation in predictions."
qiskit_machine_learning_326_360,qiskit-community/qiskit-machine-learning,medium,large,True,quantum_circuit_mechanisms,circuit_evaluation_postprocessing,quantum_circuit,circuit_evaluation_postprocessing,quantum_circuit_evaluation_postprocessing,Quantum Circuit Evaluation and Post-processing,circuit_input_state_binding,Circuit-input semantics and state binding,"Qiskit Machine Learning users can train classifier and regressor models, but there is no native way to persist those trained models and restore them later. Users have to rely on ad hoc serialization or private internal state, which is unreliable for models that contain quantum-network or kernel objects. The model APIs should provide built-in save and load support so a trained model can be stored and then loaded for inference with the same behavior.","Trainable neural-network classifiers and regressors must be saveable to a user-provided file path and loadable from that file. | Kernel-based classifiers and regressors, including QSVC, QSVR, and PegasosQSVC, must be saveable to a user-provided file path and loadable from that file.","SerializableModelMixin, SerializableModelMixin.save, SerializableModelMixin.load, NeuralNetworkClassifier, NeuralNetworkRegressor, QSVC, QSVR, PegasosQSVC","qiskit_machine_learning/algorithms/__init__.py, qiskit_machine_learning/algorithms/classifiers/pegasos_qsvc.py, qiskit_machine_learning/algorithms/classifiers/qsvc.py, qiskit_machine_learning/algorithms/regressors/qsvr.py, qiskit_machine_learning/algorithms/serializable_model.py, qiskit_machine_learning/algorithms/trainable_model.py",Revised RQ2 annotation: Circuit-input semantics and state binding; category=Quantum Circuit Evaluation and Post-processing.,"Qiskit Machine Learning users can train classifier and regressor models, but there is no native way to persist those trained models and restore them later. Users have to rely on ad hoc serialization or private internal state, which is unreliable for models that contain quantum-network or kernel objects. The model APIs should provide built-in save and load support so a trained model can be stored and then loaded for inference with the same behavior."
qiskit_machine_learning_328_348,qiskit-community/qiskit-machine-learning,medium,small,True,quantum_circuit_mechanisms,circuit_evaluation_postprocessing,quantum_circuit,circuit_evaluation_postprocessing,quantum_circuit_evaluation_postprocessing,Quantum Circuit Evaluation and Post-processing,circuit_input_state_binding,Circuit-input semantics and state binding,"QNN-based classifiers can train on dense labels, including one-hot encoded labels, but they fail when users provide sparse arrays such as the output of common one-hot encoders. This prevents workflows that naturally produce sparse feature or label matrices from being used directly with classifiers like VQC. Classifiers should accept sparse input arrays in the same user-facing training and scoring workflows that already work for dense arrays.",QNN-based classifiers must accept sparse feature arrays during fitting. | QNN-based classifiers must accept sparse label arrays during fitting.,"NeuralNetworkClassifier, NeuralNetworkClassifier.fit, NeuralNetworkClassifier.score, VQC",qiskit_machine_learning/algorithms/classifiers/neural_network_classifier.py,Revised RQ2 annotation: Circuit-input semantics and state binding; category=Quantum Circuit Evaluation and Post-processing.,"QNN-based classifiers can train on dense labels, including one-hot encoded labels, but they fail when users provide sparse arrays such as the output of common one-hot encoders. This prevents workflows that naturally produce sparse feature or label matrices from being used directly with classifiers like VQC. Classifiers should accept sparse input arrays in the same user-facing training and scoring workflows that already work for dense arrays."
qiskit_machine_learning_340_364,qiskit-community/qiskit-machine-learning,strong,large,False,quantum_circuit_mechanisms,circuit_evaluation_postprocessing,quantum_circuit,circuit_evaluation_postprocessing,quantum_circuit_evaluation_postprocessing,Quantum Circuit Evaluation and Post-processing,circuit_output_semantic_interpretation,Circuit-output semantic interpretation,The neural-network module does not provide a built-in way to estimate the effective dimension of quantum neural networks. Users who want to compare model capacity globally or around a fixed parameter point must implement the effective-dimension workflow themselves. The repository should provide reusable effective-dimension utilities that work with the existing neural-network abstractions.,"The implementation must provide global and local effective-dimension estimators for existing neural networks. | The estimators must accept either sample counts or explicit input and weight sample arrays, and validate that explicit arrays match the neural network's input and weight dimensions.","EffectiveDimension, LocalEffectiveDimension, EffectiveDimension.get_effective_dimension","qiskit_machine_learning/algorithms/__init__.py, qiskit_machine_learning/neural_networks/__init__.py, qiskit_machine_learning/neural_networks/effective_dimension.py",Revised RQ2 annotation: Circuit-output semantic interpretation; category=Quantum Circuit Evaluation and Post-processing.,The neural-network module does not provide a built-in way to estimate the effective dimension of quantum neural networks. Users who want to compare model capacity globally or around a fixed parameter point must implement the effective-dimension workflow themselves. The repository should provide reusable effective-dimension utilities that work with the existing neural-network abstractions.
qiskit_machine_learning_367_540,qiskit-community/qiskit-machine-learning,medium,large,True,quantum_circuit_mechanisms,circuit_evaluation_postprocessing,quantum_circuit,circuit_evaluation_postprocessing,quantum_circuit_evaluation_postprocessing,Quantum Circuit Evaluation and Post-processing,iterative_circuit_execution_control,Iterative circuit-execution control,"Training components in Qiskit Machine Learning currently expect optimizer objects with a minimize method. Users need the model and quantum-kernel training APIs to accept callable minimizers as optimizers too, so they can pass SciPy-style minimization functions or compatible custom callables without wrapping them in a Qiskit Optimizer class.","Trainable model APIs must accept either a Qiskit optimizer object, a callable minimizer, or no optimizer. | Callable optimizers must be invoked with the objective function, the selected initial point, and the objective gradient when fitting classifiers and regressors.","NeuralNetworkClassifier, NeuralNetworkClassifier.fit, NeuralNetworkClassifier.score, NeuralNetworkRegressor, NeuralNetworkRegressor.fit, NeuralNetworkRegressor.score, QuantumKernelTrainer, QuantumKernelTrainer.fit","qiskit_machine_learning/algorithms/classifiers/neural_network_classifier.py, qiskit_machine_learning/algorithms/classifiers/vqc.py, qiskit_machine_learning/algorithms/regressors/neural_network_regressor.py, qiskit_machine_learning/algorithms/regressors/vqr.py, qiskit_machine_learning/algorithms/trainable_model.py, qiskit_machine_learning/kernels/algorithms/quantum_kernel_trainer.py",Revised RQ2 annotation: Iterative circuit-execution control; category=Quantum Circuit Evaluation and Post-processing.,"Training components in Qiskit Machine Learning currently expect optimizer objects with a minimize method. Users need the model and quantum-kernel training APIs to accept callable minimizers as optimizers too, so they can pass SciPy-style minimization functions or compatible custom callables without wrapping them in a Qiskit Optimizer class."
qiskit_machine_learning_385_404,qiskit-community/qiskit-machine-learning,medium,small,True,quantum_circuit_mechanisms,circuit_evaluation_postprocessing,quantum_circuit,circuit_evaluation_postprocessing,quantum_circuit_evaluation_postprocessing,Quantum Circuit Evaluation and Post-processing,circuit_input_state_binding,Circuit-input semantics and state binding,"Trainable quantum machine-learning models can already be fit and then used for prediction, but users who want to inspect the learned parameters must read private fit state directly. This breaks the public model contract and makes trained model introspection depend on implementation details. Fitted trainable models should expose their trained weights and optimization result through public model APIs.",A fitted trainable model must provide public access to the trained weights. | A fitted trainable model must provide public access to the optimizer result produced during fitting.,"TrainableModel, TrainableModel.fit, NeuralNetworkClassifier, NeuralNetworkRegressor",qiskit_machine_learning/algorithms/trainable_model.py,Revised RQ2 annotation: Circuit-input semantics and state binding; category=Quantum Circuit Evaluation and Post-processing.,"Trainable quantum machine-learning models can already be fit and then used for prediction, but users who want to inspect the learned parameters must read private fit state directly. This breaks the public model contract and makes trained model introspection depend on implementation details. Fitted trainable models should expose their trained weights and optimization result through public model APIs."
qiskit_machine_learning_387_398,qiskit-community/qiskit-machine-learning,medium,small,True,quantum_circuit_mechanisms,circuit_evaluation_postprocessing,quantum_circuit,circuit_evaluation_postprocessing,quantum_circuit_evaluation_postprocessing,Quantum Circuit Evaluation and Post-processing,circuit_output_semantic_interpretation,Circuit-output semantic interpretation,"PegasosQSVC can be trained and used for prediction, but calling its decision function follows the inherited scikit-learn SVC implementation and fails because PegasosQSVC does not maintain the internal SVC state expected by that parent method. Users should be able to inspect PegasosQSVC decision scores directly after fitting without hitting unrelated scikit-learn internals.",PegasosQSVC must expose a working decision-function method after fitting. | The decision function must return one score per input sample and must use the Pegasos quantum-kernel model's learned weighted kernel sum.,"PegasosQSVC, PegasosQSVC.fit, PegasosQSVC.predict, PegasosQSVC.decision_function",qiskit_machine_learning/algorithms/classifiers/pegasos_qsvc.py,Revised RQ2 annotation: Circuit-output semantic interpretation; category=Quantum Circuit Evaluation and Post-processing.,"PegasosQSVC can be trained and used for prediction, but calling its decision function follows the inherited scikit-learn SVC implementation and fails because PegasosQSVC does not maintain the internal SVC state expected by that parent method. Users should be able to inspect PegasosQSVC decision scores directly after fitting without hitting unrelated scikit-learn internals."
qiskit_machine_learning_400_436,qiskit-community/qiskit-machine-learning,medium,large,True,quantum_circuit_mechanisms,circuit_evaluation_postprocessing,quantum_circuit,circuit_evaluation_postprocessing,quantum_circuit_evaluation_postprocessing,Quantum Circuit Evaluation and Post-processing,circuit_output_semantic_interpretation,Circuit-output semantic interpretation,"The repository already provides quantum neural network abstractions, but users do not yet have a neural network implementation built directly on Qiskit's Sampler primitive. Users should be able to construct a sampling neural network from a parameterized circuit, evaluate probability-like outputs, compute gradients for training, and use this sampler-backed network through the variational quantum classifier workflow.","Provide a sampler-backed quantum neural network that is available from the neural network package. | The sampler-backed neural network must accept a parameterized quantum circuit, optional sampler primitive, input parameters, weight parameters, optional sparsity setting, optional interpretation function, optional output shape, optional gradient object, and an input-gradient setting.","SamplerQNN, SamplerQNN.forward, SamplerQNN.backward, VQC, VQC.fit, VQC.score, VQC.predict, VQC._get_interpret","qiskit_machine_learning/algorithms/classifiers/vqc.py, qiskit_machine_learning/neural_networks/__init__.py, qiskit_machine_learning/neural_networks/circuit_qnn.py, qiskit_machine_learning/neural_networks/estimator_qnn.py, qiskit_machine_learning/neural_networks/neural_network.py, qiskit_machine_learning/neural_networks/sampler_qnn.py, qiskit_machine_learning/neural_networks/sampling_neural_network.py",Revised RQ2 annotation: Circuit-output semantic interpretation; category=Quantum Circuit Evaluation and Post-processing.,"The repository already provides quantum neural network abstractions, but users do not yet have a neural network implementation built directly on Qiskit's Sampler primitive. Users should be able to construct a sampling neural network from a parameterized circuit, evaluate probability-like outputs, compute gradients for training, and use this sampler-backed network through the variational quantum classifier workflow."
qiskit_machine_learning_401_470,qiskit-community/qiskit-machine-learning,medium,large,False,quantum_circuit_mechanisms,circuit_evaluation_postprocessing,quantum_circuit,circuit_evaluation_postprocessing,quantum_circuit_evaluation_postprocessing,Quantum Circuit Evaluation and Post-processing,circuit_output_semantic_interpretation,Circuit-output semantic interpretation,"The repository already provides quantum neural network abstractions and regressor algorithms, but users do not yet have a neural network implementation built directly on Qiskit's Estimator primitive. Users should be able to construct a neural network from a parameterized circuit and observables, evaluate expectation-value outputs, compute gradients for training, and use this estimator-backed network through the existing variational quantum regressor workflow.","Provide an estimator-backed quantum neural network that is available from the neural network package. | The estimator-backed neural network must accept a parameterized quantum circuit, optional estimator primitive, optional observables, input parameters, weight parameters, optional gradient object, and an input-gradient setting.","EstimatorQNN, EstimatorQNN.forward, EstimatorQNN.backward, VQR, VQR.fit, VQR.score","qiskit_machine_learning/algorithms/regressors/vqr.py, qiskit_machine_learning/neural_networks/__init__.py, qiskit_machine_learning/neural_networks/estimator_qnn.py",Revised RQ2 annotation: Circuit-output semantic interpretation; category=Quantum Circuit Evaluation and Post-processing.,"The repository already provides quantum neural network abstractions and regressor algorithms, but users do not yet have a neural network implementation built directly on Qiskit's Estimator primitive. Users should be able to construct a neural network from a parameterized circuit and observables, evaluate expectation-value outputs, compute gradients for training, and use this estimator-backed network through the existing variational quantum regressor workflow."
qiskit_machine_learning_44_73,qiskit-community/qiskit-machine-learning,medium,large,False,quantum_circuit_mechanisms,circuit_evaluation_postprocessing,quantum_circuit,circuit_evaluation_postprocessing,quantum_circuit_evaluation_postprocessing,Quantum Circuit Evaluation and Post-processing,circuit_input_state_binding,Circuit-input semantics and state binding,Qiskit Machine Learning neural networks currently compute gradients with respect to input data whenever backward gradients are requested. This is unnecessary for many workflows and can add avoidable computation. Users need neural networks to skip input-data gradients by default while still allowing them to enable input-gradient computation when a workflow requires it.,Neural networks must expose whether gradients with respect to input data are computed during backward. | Input-gradient computation must be disabled by default.,"NeuralNetwork, NeuralNetwork.input_gradients, NeuralNetwork.backward, CircuitQNN, CircuitQNN.input_gradients, OpflowQNN, OpflowQNN.input_gradients, TwoLayerQNN","qiskit_machine_learning/connectors/torch_connector.py, qiskit_machine_learning/neural_networks/circuit_qnn.py, qiskit_machine_learning/neural_networks/neural_network.py, qiskit_machine_learning/neural_networks/opflow_qnn.py",Revised RQ2 annotation: Circuit-input semantics and state binding; category=Quantum Circuit Evaluation and Post-processing.,Qiskit Machine Learning neural networks currently compute gradients with respect to input data whenever backward gradients are requested. This is unnecessary for many workflows and can add avoidable computation. Users need neural networks to skip input-data gradients by default while still allowing them to enable input-gradient computation when a workflow requires it.
qiskit_machine_learning_505_569,qiskit-community/qiskit-machine-learning,medium,medium,False,quantum_circuit_mechanisms,circuit_structure_construction,quantum_circuit,circuit_construction,quantum_circuit_construction,Quantum Circuit Construction,parameterized_circuit_construction,Parameterized circuit construction,Building quantum neural networks often requires composing a feature map circuit with an ansatz circuit and then passing both the composed circuit and the two parameter groups to the neural network. Users currently need to assemble this wrapper manually each time. The library should provide a reusable blueprint circuit that encapsulates this composition and exposes the input and weight parameters separately.,"Provide a QNNCircuit blueprint circuit that composes a feature map followed by an ansatz. | QNNCircuit must be constructible from a number of qubits, a feature map, an ansatz, or a compatible combination of these inputs.","QNNCircuit, QNNCircuit._build","qiskit_machine_learning/circuit/library/__init__.py, qiskit_machine_learning/circuit/library/qnn_circuit.py, qiskit_machine_learning/utils/adjust_num_qubits.py",Revised RQ2 annotation: Parameterized circuit construction; category=Quantum Circuit Construction.,Building quantum neural networks often requires composing a feature map circuit with an ansatz circuit and then passing both the composed circuit and the two parameter groups to the neural network. Users currently need to assemble this wrapper manually each time. The library should provide a reusable blueprint circuit that encapsulates this composition and exposes the input and weight parameters separately.
qiskit_machine_learning_551_548,qiskit-community/qiskit-machine-learning,medium,medium,False,quantum_object_semantics,representation_equivalence_of_quantum_objects,quantum_object,representation_transformation,numerical_realization_transformation,Numerical Realization Transformation,quantum_kernel_to_kernel_matrix,Kernel to kernel matrix,"The repository already provides quantum kernel implementations, including a fidelity-based kernel and the older statevector-simulator workflow. However, users who want exact statevector-backed kernel evaluation still need an implementation that is optimized around direct statevector feature-map simulation and avoids repeated statevector computation. The repository should provide a dedicated statevector-backed fidelity kernel that fits the existing kernel API while reducing redundant computation through caching.",A dedicated statevector-backed fidelity kernel must be available through the public kernel API. | The kernel must evaluate symmetric and asymmetric kernel matrices from one-dimensional or two-dimensional input data.,"FidelityStatevectorKernel, FidelityStatevectorKernel.evaluate, FidelityStatevectorKernel.clear_cache, FidelityStatevectorKernel._get_statevector, FidelityStatevectorKernel._compute_kernel_entry","qiskit_machine_learning/kernels/__init__.py, qiskit_machine_learning/kernels/fidelity_quantum_kernel.py, qiskit_machine_learning/kernels/fidelity_statevector_kernel.py",Revised RQ2 annotation: Kernel to kernel matrix; category=Numerical Realization Transformation.,"The repository already provides quantum kernel implementations, including a fidelity-based kernel and the older statevector-simulator workflow. However, users who want exact statevector-backed kernel evaluation still need an implementation that is optimized around direct statevector feature-map simulation and avoids repeated statevector computation. The repository should provide a dedicated statevector-backed fidelity kernel that fits the existing kernel API while reducing redundant computation "
qiskit_machine_learning_557_558,qiskit-community/qiskit-machine-learning,medium,small,False,quantum_object_semantics,representation_equivalence_of_quantum_objects,quantum_object,representation_transformation,numerical_realization_transformation,Numerical Realization Transformation,quantum_kernel_to_kernel_matrix,Kernel to kernel matrix,"The repository already provides FidelityStatevectorKernel as an optimized statevector-backed kernel implementation. It computes exact fidelities from statevectors, but users who want to approximate the sampling noise of fidelity measurements do not have a way to emulate finite-shot behavior in this kernel. The kernel should support optional shot-noise emulation while preserving exact behavior by default.",FidelityStatevectorKernel must support exact fidelity evaluation when no shot count is provided. | FidelityStatevectorKernel must accept a finite shot count and use it to emulate sampling noise in each fidelity value.,"FidelityStatevectorKernel, FidelityStatevectorKernel.evaluate, FidelityStatevectorKernel._compute_kernel_entry",qiskit_machine_learning/kernels/fidelity_statevector_kernel.py,Revised RQ2 annotation: Kernel to kernel matrix; category=Numerical Realization Transformation.,"The repository already provides FidelityStatevectorKernel as an optimized statevector-backed kernel implementation. It computes exact fidelities from statevectors, but users who want to approximate the sampling noise of fidelity measurements do not have a way to emulate finite-shot behavior in this kernel. The kernel should support optional shot-noise emulation while preserving exact behavior by default."
qiskit_machine_learning_597_609,qiskit-community/qiskit-machine-learning,medium,small,True,quantum_circuit_mechanisms,circuit_evaluation_postprocessing,quantum_circuit,circuit_evaluation_postprocessing,quantum_circuit_evaluation_postprocessing,Quantum Circuit Evaluation and Post-processing,circuit_output_semantic_interpretation,Circuit-output semantic interpretation,"The repository already provides SamplerQNN and EstimatorQNN implementations that operate on parameterized circuits, and it also provides QNNCircuit as a higher-level wrapper around feature-map and ansatz circuits. However, users still had to manually pass separate input and weight parameter lists when constructing SamplerQNN or EstimatorQNN, even when those parameters were already tracked by a QNNCircuit. The QNN interfaces should accept QNNCircuit directly and infer the required parameter lists from it.",SamplerQNN must accept a QNNCircuit as its circuit argument and derive input_params from the QNNCircuit input parameters. | SamplerQNN must derive weight_params from the QNNCircuit weight parameters when a QNNCircuit is provided.,"QNNCircuit, SamplerQNN, SamplerQNN.forward, SamplerQNN.backward, EstimatorQNN, EstimatorQNN.forward, EstimatorQNN.backward","qiskit_machine_learning/neural_networks/estimator_qnn.py, qiskit_machine_learning/neural_networks/sampler_qnn.py",Revised RQ2 annotation: Circuit-output semantic interpretation; category=Quantum Circuit Evaluation and Post-processing.,"The repository already provides SamplerQNN and EstimatorQNN implementations that operate on parameterized circuits, and it also provides QNNCircuit as a higher-level wrapper around feature-map and ansatz circuits. However, users still had to manually pass separate input and weight parameter lists when constructing SamplerQNN or EstimatorQNN, even when those parameters were already tracked by a QNNCircuit. The QNN interfaces should accept QNNCircuit directly and infer the required parameter lists"
qiskit_machine_learning_62_143,qiskit-community/qiskit-machine-learning,medium,small,True,quantum_circuit_mechanisms,circuit_evaluation_postprocessing,quantum_circuit,circuit_evaluation_postprocessing,quantum_circuit_evaluation_postprocessing,Quantum Circuit Evaluation and Post-processing,circuit_input_state_binding,Circuit-input semantics and state binding,"Neural-network classifier workflows currently require users to provide numeric or one-hot encoded target labels. Users should be able to train and score neural-network classifiers, including VQC-style classifiers, with categorical string labels directly while preserving the existing one_hot behavior.",NeuralNetworkClassifier must accept categorical string target labels in fit and score. | Categorical labels must be detected from string target data and encoded before training or scoring.,"NeuralNetworkClassifier, NeuralNetworkClassifier.fit, NeuralNetworkClassifier.score",qiskit_machine_learning/algorithms/classifiers/neural_network_classifier.py,Revised RQ2 annotation: Circuit-input semantics and state binding; category=Quantum Circuit Evaluation and Post-processing.,"Neural-network classifier workflows currently require users to provide numeric or one-hot encoded target labels. Users should be able to train and score neural-network classifiers, including VQC-style classifiers, with categorical string labels directly while preserving the existing one_hot behavior."
qiskit_machine_learning_638_639,qiskit-community/qiskit-machine-learning,medium,large,True,quantum_circuit_mechanisms,circuit_evaluation_postprocessing,quantum_circuit,circuit_evaluation_postprocessing,quantum_circuit_evaluation_postprocessing,Quantum Circuit Evaluation and Post-processing,circuit_input_state_binding,Circuit-input semantics and state binding,"The repository already provides a trainable fidelity quantum kernel for the primitive-based kernel stack, and it also provides a statevector-based fidelity kernel for kernel evaluation. However, there is no trainable statevector-based counterpart. Users who want statevector-backed kernel evaluation cannot train that kernel through the same workflow used by the existing trainable fidelity kernel. The repository should support a trainable statevector kernel that fits naturally into the existing trainable kernel workflow.","The statevector-backed trainable kernel must accept the same trainable-kernel configuration style as the existing trainable fidelity kernel, including a feature map and explicit training parameters. | It must expose training-parameter and feature counts consistently with the existing trainable kernel API.","TrainableFidelityStatevectorKernel, TrainableFidelityStatevectorKernel.assign_training_parameters, TrainableFidelityStatevectorKernel.evaluate","qiskit_machine_learning/kernels/__init__.py, qiskit_machine_learning/kernels/fidelity_statevector_kernel.py, qiskit_machine_learning/kernels/trainable_fidelity_quantum_kernel.py, qiskit_machine_learning/kernels/trainable_fidelity_statevector_kernel.py, qiskit_machine_learning/kernels/trainable_kernel.py",Revised RQ2 annotation: Circuit-input semantics and state binding; category=Quantum Circuit Evaluation and Post-processing.,"The repository already provides a trainable fidelity quantum kernel for the primitive-based kernel stack, and it also provides a statevector-based fidelity kernel for kernel evaluation. However, there is no trainable statevector-based counterpart. Users who want statevector-backed kernel evaluation cannot train that kernel through the same workflow used by the existing trainable fidelity kernel. The repository should support a trainable statevector kernel that fits naturally into the existing tr"
qiskit_machine_learning_63_102,qiskit-community/qiskit-machine-learning,medium,medium,True,quantum_circuit_mechanisms,circuit_evaluation_postprocessing,quantum_circuit,circuit_evaluation_postprocessing,quantum_circuit_evaluation_postprocessing,Quantum Circuit Evaluation and Post-processing,circuit_output_semantic_interpretation,Circuit-output semantic interpretation,Neural-network classifier and regressor training still contains places that process samples one at a time even though the neural network implementations can evaluate batches. Users need the underlying loss handling to preserve per-sample behavior for batched predictions and targets so training objectives can consume batches without collapsing them into a single scalar loss too early.,"For one-dimensional batched inputs, L1 and L2 loss evaluation must return one loss value per sample instead of collapsing the entire batch into one scalar. | L1 and L2 loss gradients must preserve the input prediction shape and match the elementwise gradient of the corresponding loss.","L1Loss, L1Loss.evaluate, L1Loss.gradient, L2Loss, L2Loss.evaluate, L2Loss.gradient","qiskit_machine_learning/algorithms/objective_functions.py, qiskit_machine_learning/utils/loss_functions/loss_functions.py",Revised RQ2 annotation: Circuit-output semantic interpretation; category=Quantum Circuit Evaluation and Post-processing.,Neural-network classifier and regressor training still contains places that process samples one at a time even though the neural network implementations can evaluate batches. Users need the underlying loss handling to preserve per-sample behavior for batched predictions and targets so training objectives can consume batches without collapsing them into a single scalar loss too early.
qiskit_machine_learning_90_117,qiskit-community/qiskit-machine-learning,medium,medium,True,quantum_circuit_mechanisms,circuit_evaluation_postprocessing,quantum_circuit,circuit_evaluation_postprocessing,quantum_circuit_evaluation_postprocessing,Quantum Circuit Evaluation and Post-processing,circuit_input_state_binding,Circuit-input semantics and state binding,"Users of Qiskit Machine Learning neural networks need direct control over whether gradients with respect to input data are computed. The existing API only exposes this as mutable state after construction, and connector workflows should work with neural networks whose input-gradient behavior was explicitly chosen by the user.","Neural networks must accept an optional input-gradient flag during construction, with input gradients disabled by default. | The input-gradient property must reflect the constructor value and remain configurable through the existing property setter.","NeuralNetwork, NeuralNetwork.input_gradients, CircuitQNN, OpflowQNN, TwoLayerQNN, TorchConnector, TorchConnector._TorchNNFunction.apply","qiskit_machine_learning/algorithms/classifiers/vqc.py, qiskit_machine_learning/algorithms/regressors/vqr.py, qiskit_machine_learning/connectors/torch_connector.py, qiskit_machine_learning/neural_networks/circuit_qnn.py, qiskit_machine_learning/neural_networks/neural_network.py, qiskit_machine_learning/neural_networks/opflow_qnn.py, qiskit_machine_learning/neural_networks/sampling_neural_network.py, qiskit_machine_learning/neural_networks/two_layer_qnn.py",Revised RQ2 annotation: Circuit-input semantics and state binding; category=Quantum Circuit Evaluation and Post-processing.,"Users of Qiskit Machine Learning neural networks need direct control over whether gradients with respect to input data are computed. The existing API only exposes this as mutable state after construction, and connector workflows should work with neural networks whose input-gradient behavior was explicitly chosen by the user."
qiskit_machine_learning_920_924,qiskit-community/qiskit-machine-learning,medium,medium,True,quantum_circuit_mechanisms,circuit_evaluation_postprocessing,quantum_circuit,circuit_evaluation_postprocessing,quantum_circuit_evaluation_postprocessing,Quantum Circuit Evaluation and Post-processing,iterative_circuit_execution_control,Iterative circuit-execution control,"The repository provides several optimizers backed by NLopt, including CRS, DIRECT_L, DIRECT_L_RAND, ESCH, and ISRES. However, it does not currently include support for the SBPLX optimizer. Users who rely on the existing NLopt optimizer family cannot use SBPLX through the same optimizer workflow. The repository should support SBPLX consistently with the other NLopt-backed optimizers.","The new optimizer must integrate with the existing NLopt-backed optimizer family, be exported through the same public __init__.py modules as the other NLopt optimizers, be importable both as qiskit_machine_learning.optimizers.SBPLX and from the NLopt optimizer package, and identify SBPLX as the local NLopt LN_SBPLX backend through the repository's NLopt optimizer type protocol. | It must support the standard optimizer workflow, including option setting, optional bounds, and minimization behavior consistent with the other NLopt-backed optimizers.","SBPLX, SBPLX.get_nlopt_optimizer, SBPLX.set_options, SBPLX.minimize","qiskit_machine_learning/optimizers/__init__.py, qiskit_machine_learning/optimizers/nlopts/__init__.py, qiskit_machine_learning/optimizers/nlopts/nloptimizer.py, qiskit_machine_learning/optimizers/nlopts/sbplx.py",Revised RQ2 annotation: Iterative circuit-execution control; category=Quantum Circuit Evaluation and Post-processing.,"The repository provides several optimizers backed by NLopt, including CRS, DIRECT_L, DIRECT_L_RAND, ESCH, and ISRES. However, it does not currently include support for the SBPLX optimizer. Users who rely on the existing NLopt optimizer family cannot use SBPLX through the same optimizer workflow. The repository should support SBPLX consistently with the other NLopt-backed optimizers."
qiskit_machine_learning_960_1021,qiskit-community/qiskit-machine-learning,strong,medium,True,quantum_circuit_mechanisms,circuit_evaluation_postprocessing,quantum_circuit,circuit_evaluation_postprocessing,quantum_circuit_evaluation_postprocessing,Quantum Circuit Evaluation and Post-processing,circuit_output_semantic_interpretation,Circuit-output semantic interpretation,"The repository supports kernel-based training for classification through an SVC-oriented loss, but it does not provide corresponding regression-oriented kernel loss functions. As a result, the kernel trainer cannot be used naturally for regression workflows such as support-vector regression, even though the repository already has trainable kernel and trainer abstractions for this kind of workflow. The repository should support regression-focused kernel losses that integrate with the existing training flow.","The new regression losses must follow the existing kernel-loss evaluation protocol so they can be used by the kernel trainer with trainable quantum kernels, training data, and regression labels. | They must support regression-oriented fitting based on support-vector-regression-style kernel training.","SVRLoss, SVRLoss.evaluate, MSRLoss, MSRLoss.evaluate, MARLoss, MARLoss.evaluate, HuberLoss, HuberLoss.evaluate","qiskit_machine_learning/utils/loss_functions/__init__.py, qiskit_machine_learning/utils/loss_functions/kernel_loss_functions.py",Revised RQ2 annotation: Circuit-output semantic interpretation; category=Quantum Circuit Evaluation and Post-processing.,"The repository supports kernel-based training for classification through an SVC-oriented loss, but it does not provide corresponding regression-oriented kernel loss functions. As a result, the kernel trainer cannot be used naturally for regression workflows such as support-vector regression, even though the repository already has trainable kernel and trainer abstractions for this kind of workflow. The repository should support regression-focused kernel losses that integrate with the existing tra"
qiskit_nature_1257_1270,qiskit-community/qiskit-nature,strong,large,False,quantum_object_semantics,functionality_extension_of_quantum_objects,quantum_object,operator_representation_construction,quantum_operator_representation_enhancement,Quantum Operator Representation,bosonic_spin_majorana_operator_representation,"Bosonic, spin, or Majorana operator","The second-quantization operator stack already supports fermionic, bosonic, spin, and vibrational operators, but it does not provide a standalone representation for Majorana fermion operators. This prevents users from expressing Majorana terms directly and from using Majorana operators as a foundation for Majorana-based mappers and related transformations. The repository should support a first-class Majorana operator that works consistently with the existing sparse operator algebra.","The new operator must represent weighted sums of Majorana terms using sparse labels with underscore-prefixed mode indices. | Construction must support explicit mode counts, automatic mode-count inference, optional validation skipping, and optional by-reference storage of input data.","MajoranaOp, MajoranaOp.from_fermionic_op, MajoranaOp.from_polynomial_tensor, MajoranaOp.from_terms, MajoranaOp.terms, MajoranaOp.compose, MajoranaOp.tensor, MajoranaOp.expand, MajoranaOp.transpose, MajoranaOp.simplify, MajoranaOp.index_order, MajoranaOp.is_hermitian, MajoranaOp.adjoint, MajoranaOp.equiv, MajoranaOp.induced_norm, MajoranaOp.permute_indices, MajoranaOp.zero, MajoranaOp.one","qiskit_nature/second_q/operators/__init__.py, qiskit_nature/second_q/operators/fermionic_op.py, qiskit_nature/second_q/operators/majorana_op.py","Revised RQ2 annotation: Bosonic, spin, or Majorana operator; category=Quantum Operator Representation.","The second-quantization operator stack already supports fermionic, bosonic, spin, and vibrational operators, but it does not provide a standalone representation for Majorana fermion operators. This prevents users from expressing Majorana terms directly and from using Majorana operators as a foundation for Majorana-based mappers and related transformations. The repository should support a first-class Majorana operator that works consistently with the existing sparse operator algebra."
qiskit_nature_129_161,qiskit-community/qiskit-nature,strong,small,True,quantum_object_semantics,functionality_extension_of_quantum_objects,quantum_object,operator_semantic_validation,quantum_operator_representation_enhancement,Quantum Operator Representation,general_symbolic_operator_representation,General symbolic operator,"Qiskit Nature's second-quantized operator classes already support algebraic manipulation, adjoints, and reduction, but users still lack a direct way to ask whether a constructed operator is Hermitian. This makes it awkward to validate operator expressions before handing them to downstream algorithms. Second-quantized operators should expose a public hermiticity check that works consistently across the FermionicOp, SpinOp, and VibrationalOp families while preserving nearby operator behavior.","Provide a public hermiticity check for second-quantized operators. | The hermiticity check must be available on SecondQuantizedOp-based operator types including FermionicOp, SpinOp, and VibrationalOp.",SecondQuantizedOp.is_hermitian,qiskit_nature/operators/second_quantization/second_quantized_op.py,Revised RQ2 annotation: General symbolic operator; category=Quantum Operator Representation.,"Qiskit Nature's second-quantized operator classes already support algebraic manipulation, adjoints, and reduction, but users still lack a direct way to ask whether a constructed operator is Hermitian. This makes it awkward to validate operator expressions before handing them to downstream algorithms. Second-quantized operators should expose a public hermiticity check that works consistently across the FermionicOp, SpinOp, and VibrationalOp families while preserving nearby operator behavior."
qiskit_nature_129_341,qiskit-community/qiskit-nature,strong,small,True,quantum_object_semantics,representation_equivalence_of_quantum_objects,quantum_object,representation_transformation,numerical_realization_transformation,Numerical Realization Transformation,quantum_operator_to_matrix_representation,Operator to matrix,"Second-quantized fermionic operators in Qiskit Nature already support symbolic algebra, but users still lack a direct way to turn a FermionicOp into its matrix representation on the full fermionic Fock space. This blocks straightforward spectral checks and matrix-based downstream workflows that are already available for related operator types. FermionicOp should expose a public to_matrix conversion that produces the operator matrix in occupation-number basis and preserves the existing nearby operator behavior.",FermionicOp must provide a public to_matrix conversion over the full fermionic Fock space in occupation-number basis. | The basis ordering used by to_matrix must be the increasing bitstring order of the occupation-number basis states.,FermionicOp.to_matrix,qiskit_nature/operators/second_quantization/fermionic_op.py,Revised RQ2 annotation: Operator to matrix; category=Numerical Realization Transformation.,"Second-quantized fermionic operators in Qiskit Nature already support symbolic algebra, but users still lack a direct way to turn a FermionicOp into its matrix representation on the full fermionic Fock space. This blocks straightforward spectral checks and matrix-based downstream workflows that are already available for related operator types. FermionicOp should expose a public to_matrix conversion that produces the operator matrix in occupation-number basis and preserves the existing nearby ope"
qiskit_nature_1345_1356,qiskit-community/qiskit-nature,strong,medium,True,quantum_object_semantics,representation_equivalence_of_quantum_objects,quantum_object,representation_transformation,quantum_operator_transformation,Quantum Operator Transformation,bosonic_spin_majorana_operator_to_qubit_mapping,"Bosonic, spin, Majorana op. -> qubit op.","The repository already supports bosonic operators and provides a linear boson-to-qubit mapper. However, it does not provide a logarithmic boson-to-qubit mapping. This means bosonic modes currently require a number of qubits that scales linearly with the represented occupation space, which limits larger truncation levels and future mixed boson-fermion workflows. The repository should support a logarithmic mapper for bosonic operators.",The mapper must accept a maximum occupation value and use it to map each bosonic mode with logarithmic qubit scaling. | Calling the existing public mapper API on bosonic operator inputs must correctly translate creation and annihilation operators for single-mode and multi-mode cases.,"BosonicLogarithmicMapper, BosonicLogarithmicMapper.map","qiskit_nature/second_q/mappers/__init__.py, qiskit_nature/second_q/mappers/bosonic_linear_mapper.py, qiskit_nature/second_q/mappers/bosonic_logarithmic_mapper.py","Revised RQ2 annotation: Bosonic, spin, Majorana op. -> qubit op.; category=Quantum Operator Transformation.","The repository already supports bosonic operators and provides a linear boson-to-qubit mapper. However, it does not provide a logarithmic boson-to-qubit mapping. This means bosonic modes currently require a number of qubits that scales linearly with the represented occupation space, which limits larger truncation levels and future mixed boson-fermion workflows. The repository should support a logarithmic mapper for bosonic operators."
qiskit_nature_167_220,qiskit-community/qiskit-nature,strong,large,False,quantum_object_semantics,modeling_abstract_problems_as_quantum_objects,quantum_object,problem_model_construction,quantum_problem_modeling,Quantum Problem Modeling,hamiltonian_model_construction,Hamiltonian model construction,"Qiskit Nature needs first-class second-quantized Property objects for core electronic observables instead of relying only on older problem-specific helpers. Users should be able to construct reusable ParticleNumber, Magnetization, and AngularMomentum properties from driver results and obtain the expected second-quantized operators from them.",Provide a second-quantized Property framework for reusable electronic observables in Qiskit Nature. | ParticleNumber must be constructible from an electronic driver result and expose the expected number-operator terms through second_q_ops().,"SecondQuantizedProperty, SecondQuantizedProperty.from_driver_result, SecondQuantizedProperty.second_q_ops, ParticleNumber, ParticleNumber.from_driver_result, Magnetization, Magnetization.from_driver_result, AngularMomentum, AngularMomentum.from_driver_result","qiskit_nature/properties/__init__.py, qiskit_nature/properties/property.py, qiskit_nature/properties/second_quantization/__init__.py, qiskit_nature/properties/second_quantization/electronic/__init__.py, qiskit_nature/properties/second_quantization/electronic/angular_momentum.py, qiskit_nature/properties/second_quantization/electronic/magnetization.py, qiskit_nature/properties/second_quantization/electronic/particle_number.py, qiskit_nature/properties/second_quantization/second_quantized_property.py",Revised RQ2 annotation: Hamiltonian model construction; category=Quantum Problem Modeling.,"Qiskit Nature needs first-class second-quantized Property objects for core electronic observables instead of relying only on older problem-specific helpers. Users should be able to construct reusable ParticleNumber, Magnetization, and AngularMomentum properties from driver results and obtain the expected second-quantized operators from them."
qiskit_nature_174_862,qiskit-community/qiskit-nature,strong,large,False,quantum_object_semantics,representation_equivalence_of_quantum_objects,quantum_object,representation_transformation,numerical_realization_transformation,Numerical Realization Transformation,electronic_structure_tensor_density_representation,Electronic tensor -> Reduced Density Matrix,"Electronic-structure results do not currently provide a built-in way to recover electronic charge-density information. Users who want one- and two-particle reduced density matrices have to reconstruct them manually instead of requesting them through the second-quantized properties stack. The repository should provide an ElectronicDensity property that can be attached to an electronic-structure problem, translated into auxiliary operators, and interpreted back onto the result object.",The second-quantized properties package must expose an ElectronicDensity property for electronic-structure workflows. | ElectronicDensity must be constructible from alpha and beta orbital occupations and produce the corresponding one- and two-particle density integrals.,"ElectronicDensity, ElectronicDensity.from_orbital_occupation, ElectronicDensity.second_q_ops, ElectronicDensity.interpret","qiskit_nature/second_q/operators/electronic_integrals.py, qiskit_nature/second_q/operators/polynomial_tensor.py, qiskit_nature/second_q/problems/electronic_properties_container.py, qiskit_nature/second_q/problems/electronic_structure_result.py, qiskit_nature/second_q/properties/__init__.py, qiskit_nature/second_q/properties/electronic_density.py, qiskit_nature/second_q/transformers/active_space_transformer.py",Revised RQ2 annotation: Electronic tensor -> Reduced Density Matrix; category=Numerical Realization Transformation.,"Electronic-structure results do not currently provide a built-in way to recover electronic charge-density information. Users who want one- and two-particle reduced density matrices have to reconstruct them manually instead of requesting them through the second-quantized properties stack. The repository should provide an ElectronicDensity property that can be attached to an electronic-structure problem, translated into auxiliary operators, and interpreted back onto the result object."
qiskit_nature_22_35,qiskit-community/qiskit-nature,strong,medium,False,quantum_object_semantics,representation_equivalence_of_quantum_objects,quantum_object,representation_transformation,numerical_realization_transformation,Numerical Realization Transformation,quantum_operator_to_matrix_representation,Operator to matrix,"Qiskit Nature already provides fermionic second-quantized operators, but spin-model workflows still lack a modern spin operator abstraction that users can build from intuitive labels and convert into matrix form for downstream quantum simulations and mappings. Users should be able to construct spin operators from dense and sparse spin labels, use raising and lowering labels naturally, and obtain matrices that match the expected spin algebra.","The repository must expose a SpinOp operator from qiskit_nature.operators for spin-model workflows. | SpinOp must accept dense and sparse spin labels built from I, X, Y, Z, +, and - symbols.","SpinOp, SpinOp.to_matrix","qiskit_nature/operators/__init__.py, qiskit_nature/operators/second_quantization/spin_op.py",Revised RQ2 annotation: Operator to matrix; category=Numerical Realization Transformation.,"Qiskit Nature already provides fermionic second-quantized operators, but spin-model workflows still lack a modern spin operator abstraction that users can build from intuitive labels and convert into matrix form for downstream quantum simulations and mappings. Users should be able to construct spin operators from dense and sparse spin labels, use raising and lowering labels naturally, and obtain matrices that match the expected spin algebra."
qiskit_nature_243_263,qiskit-community/qiskit-nature,strong,large,False,quantum_object_semantics,representation_equivalence_of_quantum_objects,quantum_object,problem_model_construction,quantum_problem_modeling,Quantum Problem Modeling,hamiltonian_model_construction,Hamiltonian model construction,"Qiskit Nature needs a modular electronic driver-result representation so that electronic integrals can be grouped into reusable property objects instead of being handled only as ad hoc raw arrays. Users should be able to organize one-body and two-body electronic integrals inside an IntegralProperty, query them by basis and body rank, transform their basis consistently, and generate the corresponding second-quantized operator.",Provide a reusable IntegralProperty abstraction for electronic integrals in Qiskit Nature's property framework. | IntegralProperty must store electronic integrals grouped by electronic basis and number of body terms.,"IntegralProperty, IntegralProperty.add_electronic_integral, IntegralProperty.get_electronic_integral, IntegralProperty.transform_basis, IntegralProperty.second_q_ops","qiskit_nature/properties/grouped_property.py, qiskit_nature/properties/property.py, qiskit_nature/properties/second_quantization/__init__.py, qiskit_nature/properties/second_quantization/electronic/__init__.py, qiskit_nature/properties/second_quantization/electronic/integrals/__init__.py, qiskit_nature/properties/second_quantization/electronic/integrals/electronic_integrals.py, qiskit_nature/properties/second_quantization/electronic/integrals/integral_property.py, qiskit_nature/properties/second_quantization/electronic/integrals/one_body_electronic_integrals.py, qiskit_nature/properties/second_quantization/electronic/integrals/two_body_electronic_integrals.py, qiskit_nature/properties/second_quantization/electronic/types.py",Revised RQ2 annotation: Hamiltonian model construction; category=Quantum Problem Modeling.,"Qiskit Nature needs a modular electronic driver-result representation so that electronic integrals can be grouped into reusable property objects instead of being handled only as ad hoc raw arrays. Users should be able to organize one-body and two-body electronic integrals inside an IntegralProperty, query them by basis and body rank, transform their basis consistently, and generate the corresponding second-quantized operator."
qiskit_nature_252_318,qiskit-community/qiskit-nature,medium,medium,False,quantum_object_semantics,modeling_abstract_problems_as_quantum_objects,quantum_object,problem_model_construction,quantum_problem_modeling,Quantum Problem Modeling,optimization_model_construction,Optimization model construction,The protein-folding module forbids attaching a side chain to the second bead of the main chain in order to save one qubit in the encoded optimization problem. That restriction prevents users from modeling proteins whose second main bead actually has a side chain. The repository should support that configuration while still keeping the existing qubit-saving behavior for proteins that do not use a second-bead side chain.,"Protein-folding peptide construction must allow a side chain on the second main bead while continuing to reject side chains on the first and last main beads. | When the second main bead has a side chain, the qubit-fixing logic must preserve the additional qubit needed to encode that configuration instead of applying the old fixed-qubit reduction.","Peptide, ProteinFoldingProblem, ProteinFoldingProblem._qubit_op_full, _fix_qubits","qiskit_nature/problems/sampling/protein_folding/__init__.py, qiskit_nature/problems/sampling/protein_folding/bead_distances/distance_map_builder.py, qiskit_nature/problems/sampling/protein_folding/peptide/chains/main_chain.py, qiskit_nature/problems/sampling/protein_folding/peptide/peptide.py, qiskit_nature/problems/sampling/protein_folding/qubit_op_builder.py, qiskit_nature/problems/sampling/protein_folding/qubit_utils/qubit_fixing.py",Revised RQ2 annotation: Optimization model construction; category=Quantum Problem Modeling.,The protein-folding module forbids attaching a side chain to the second bead of the main chain in order to save one qubit in the encoded optimization problem. That restriction prevents users from modeling proteins whose second main bead actually has a side chain. The repository should support that configuration while still keeping the existing qubit-saving behavior for proteins that do not use a second-bead side chain.
qiskit_nature_271_286,qiskit-community/qiskit-nature,strong,small,False,quantum_object_semantics,representation_equivalence_of_quantum_objects,quantum_object,representation_transformation,quantum_operator_transformation,Quantum Operator Transformation,fermionic_to_qubit_mapping_reduction,Fermionic operator -> qubit operator,"When a ParityMapper-backed QubitConverter is configured with two-qubit reduction, converting very small fermionic operators can produce a qubit operator with two or fewer qubits. The converter currently still attempts two-qubit reduction in that situation, which can surface an IndexError from the underlying tapering machinery instead of returning a valid qubit operator. The converter should avoid applying two-qubit reduction when the mapped operator is already too small for that reduction.",QubitConverter must leave two-qubit-or-smaller mapped operators unchanged when two-qubit reduction is requested. | The converter must emit a warning when it skips a requested two-qubit reduction because the mapped operator contains two or fewer qubits.,"QubitConverter, QubitConverter.convert, ParityMapper, FermionicOp",qiskit_nature/converters/second_quantization/qubit_converter.py,Revised RQ2 annotation: Fermionic operator -> qubit operator; category=Quantum Operator Transformation.,"When a ParityMapper-backed QubitConverter is configured with two-qubit reduction, converting very small fermionic operators can produce a qubit operator with two or fewer qubits. The converter currently still attempts two-qubit reduction in that situation, which can surface an IndexError from the underlying tapering machinery instead of returning a valid qubit operator. The converter should avoid applying two-qubit reduction when the mapped operator is already too small for that reduction."
qiskit_nature_337_520,qiskit-community/qiskit-nature,strong,medium,True,quantum_object_semantics,representation_equivalence_of_quantum_objects,quantum_object,representation_transformation,numerical_realization_transformation,Numerical Realization Transformation,electronic_structure_tensor_density_representation,Electronic tensor -> Reduced Density Matrix,"Two-body electronic integral tensors are expected in chemists' notation in the second-quantized operator stack, but users and upstream chemistry tooling may also produce the same tensor data in physicists' notation or another equivalent intermediate ordering. Users need reliable utilities to identify the ordering of a four-dimensional two-body integral tensor and convert it into chemists' or physicists' ordering without manually transposing axes.","The second-quantized operators package must provide utilities for detecting the index ordering of rank-four two-body electronic integral tensors. | The ordering detector must distinguish chemists' ordering, physicists' ordering, a supported intermediate ordering, and unknown ordering.","IndexType, find_index_order, to_chemist_ordering, to_physicist_ordering","qiskit_nature/second_q/operators/__init__.py, qiskit_nature/second_q/operators/tensor_ordering.py",Revised RQ2 annotation: Electronic tensor -> Reduced Density Matrix; category=Numerical Realization Transformation.,"Two-body electronic integral tensors are expected in chemists' notation in the second-quantized operator stack, but users and upstream chemistry tooling may also produce the same tensor data in physicists' notation or another equivalent intermediate ordering. Users need reliable utilities to identify the ordering of a four-dimensional two-body integral tensor and convert it into chemists' or physicists' ordering without manually transposing axes."
qiskit_nature_375_380,qiskit-community/qiskit-nature,medium,small,True,quantum_circuit_mechanisms,circuit_evaluation_postprocessing,quantum_circuit,circuit_evaluation_postprocessing,quantum_circuit_evaluation_postprocessing,Quantum Circuit Evaluation and Post-processing,iterative_circuit_execution_control,Iterative circuit-execution control,"Minimum eigensolver factories make it convenient to construct VQE-based solvers for electronic and vibrational structure problems, but they do not expose VQE's callback hook. Users who need to observe optimization progress, collect intermediate energies, or monitor long hardware-backed runs cannot pass a callback through these factories. The factories should support the same callback behavior as VQE while keeping their existing solver construction behavior.",VQEUCCFactory must accept an optional callback argument and expose it through a callback property. | VQEUVCCFactory must accept an optional callback argument and expose it through a callback property.,"VQEUCCFactory, VQEUCCFactory.callback, VQEUCCFactory.get_solver, VQEUVCCFactory, VQEUVCCFactory.callback, VQEUVCCFactory.get_solver","qiskit_nature/algorithms/ground_state_solvers/minimum_eigensolver_factories/vqe_ucc_factory.py, qiskit_nature/algorithms/ground_state_solvers/minimum_eigensolver_factories/vqe_uvcc_factory.py",Revised RQ2 annotation: Iterative circuit-execution control; category=Quantum Circuit Evaluation and Post-processing.,"Minimum eigensolver factories make it convenient to construct VQE-based solvers for electronic and vibrational structure problems, but they do not expose VQE's callback hook. Users who need to observe optimization progress, collect intermediate energies, or monitor long hardware-backed runs cannot pass a callback through these factories. The factories should support the same callback behavior as VQE while keeping their existing solver construction behavior."
qiskit_nature_3_25,qiskit-community/qiskit-nature,strong,large,False,quantum_object_semantics,functionality_extension_of_quantum_objects,quantum_object,operator_representation_construction,quantum_operator_representation_enhancement,Quantum Operator Representation,fermionic_operator_representation,Fermionic operator,"Qiskit Nature's second-quantized fermionic workflows still depend on older primitive-style operator building blocks, which makes it awkward to construct and manipulate fermionic operators directly from compact labels. Users should have a modern FermionicOp abstraction that can be created from label data, supports the core fermionic operator algebra directly, and is available from the high-level qiskit_nature.operators package.",The repository must expose a FermionicOp class from qiskit_nature.operators. | FermionicOp must accept valid fermionic labels and multi-term label-coefficient input data.,"FermionicOp, FermionicOp.reduce","qiskit_nature/operators/__init__.py, qiskit_nature/operators/second_quantization/__init__.py, qiskit_nature/operators/second_quantization/fermionic_op.py, qiskit_nature/operators/second_quantization/multiply.py, qiskit_nature/operators/second_quantization/particle_op.py, qiskit_nature/operators/second_quantization/star_algebra.py, qiskit_nature/operators/second_quantization/tolerances.py",Revised RQ2 annotation: Fermionic operator; category=Quantum Operator Representation.,"Qiskit Nature's second-quantized fermionic workflows still depend on older primitive-style operator building blocks, which makes it awkward to construct and manipulate fermionic operators directly from compact labels. Users should have a modern FermionicOp abstraction that can be created from label data, supports the core fermionic operator algebra directly, and is available from the high-level qiskit_nature.operators package."
qiskit_nature_42_49,qiskit-community/qiskit-nature,strong,large,False,quantum_object_semantics,modeling_abstract_problems_as_quantum_objects,quantum_object,problem_model_construction,quantum_problem_modeling,Quantum Problem Modeling,hamiltonian_model_construction,Hamiltonian model construction,"Qiskit Nature can already build fermionic operators and apply electronic-structure transformations, but users still lack a higher-level molecular problem object that runs a driver, applies optional transformers, and returns the corresponding second-quantized operators needed by downstream algorithms. Users should be able to construct a MolecularProblem from a fermionic driver, request its second-quantized operators with or without an active-space reduction, and receive the expected electronic and auxiliary operators in a stable order.",Provide a MolecularProblem abstraction for molecular second-quantization workflows. | MolecularProblem must accept a fermionic driver together with an optional list of QMolecule transformers.,"MolecularProblem, MolecularProblem.second_q_ops","qiskit_nature/problems/__init__.py, qiskit_nature/problems/second_quantization/__init__.py, qiskit_nature/problems/second_quantization/molecular/__init__.py, qiskit_nature/problems/second_quantization/molecular/fermionic_op_builder.py, qiskit_nature/problems/second_quantization/molecular/integrals_calculators/__init__.py, qiskit_nature/problems/second_quantization/molecular/integrals_calculators/angular_momentum_integrals_calculator.py, qiskit_nature/problems/second_quantization/molecular/integrals_calculators/magnetization_integrals_calculator.py, qiskit_nature/problems/second_quantization/molecular/integrals_calculators/particle_number_integrals_calculator.py, qiskit_nature/problems/second_quantization/molecular/molecular_problem.py",Revised RQ2 annotation: Hamiltonian model construction; category=Quantum Problem Modeling.,"Qiskit Nature can already build fermionic operators and apply electronic-structure transformations, but users still lack a higher-level molecular problem object that runs a driver, applies optional transformers, and returns the corresponding second-quantized operators needed by downstream algorithms. Users should be able to construct a MolecularProblem from a fermionic driver, request its second-quantized operators with or without an active-space reduction, and receive the expected electronic an"
qiskit_nature_45_50,qiskit-community/qiskit-nature,strong,large,True,quantum_object_semantics,modeling_abstract_problems_as_quantum_objects,quantum_object,problem_model_construction,quantum_problem_modeling,Quantum Problem Modeling,hamiltonian_model_construction,Hamiltonian model construction,"Qiskit Nature can already load molecular electronic-structure data into a QMolecule, but users still lack a reusable active-space reduction utility that trims a molecule down to a chosen subset of orbitals and electrons before downstream algorithm steps. Users should be able to configure an active-space transformer, apply it to QMolecule instances loaded from HDF5 data, and obtain reduced integrals together with the correct electron counts and accumulated inactive-space energy shift.","Provide an ActiveSpaceTransformer abstraction for QMolecule-based active-space reduction workflows. | ActiveSpaceTransformer must accept the configured number of active electrons and orbitals, and optionally a separate number of active alpha electrons or an explicit list of active orbital indices.","ActiveSpaceTransformer, ActiveSpaceTransformer.transform","qiskit_nature/qmolecule.py, qiskit_nature/transformers/__init__.py, qiskit_nature/transformers/active_space_transformer.py, qiskit_nature/transformers/base_transformer.py",Revised RQ2 annotation: Hamiltonian model construction; category=Quantum Problem Modeling.,"Qiskit Nature can already load molecular electronic-structure data into a QMolecule, but users still lack a reusable active-space reduction utility that trims a molecule down to a chosen subset of orbitals and electrons before downstream algorithm steps. Users should be able to configure an active-space transformer, apply it to QMolecule instances loaded from HDF5 data, and obtain reduced integrals together with the correct electron counts and accumulated inactive-space energy shift."
qiskit_nature_460_482,qiskit-community/qiskit-nature,strong,medium,False,quantum_object_semantics,representation_equivalence_of_quantum_objects,quantum_object,representation_transformation,numerical_realization_transformation,Numerical Realization Transformation,quantum_operator_to_matrix_representation,Operator to matrix,"Qiskit Nature currently lacks a dedicated data structure for quadratic fermionic Hamiltonians, even though these Hamiltonians are naturally represented by Hermitian and antisymmetric coefficient matrices and need linear-algebra-based diagonalization routines. Users need a public QuadraticHamiltonian abstraction that stores those matrix blocks directly, exposes whether particle number is conserved, converts back to FermionicOp form, and computes the Bogoliubov transform that diagonalizes the Hamiltonian.","Provide a public QuadraticHamiltonian class in the second-quantization operators package. | QuadraticHamiltonian construction must accept a Hermitian particle-number-conserving matrix part, an antisymmetric pairing matrix part, an additive constant, and an optional num_modes override.","QuadraticHamiltonian, QuadraticHamiltonian.hermitian_part, QuadraticHamiltonian.antisymmetric_part, QuadraticHamiltonian.constant, QuadraticHamiltonian.num_modes, QuadraticHamiltonian.conserves_particle_number, QuadraticHamiltonian.to_fermionic_op, QuadraticHamiltonian.majorana_form, QuadraticHamiltonian.diagonalizing_bogoliubov_transform","qiskit_nature/operators/second_quantization/__init__.py, qiskit_nature/operators/second_quantization/quadratic_hamiltonian.py",Revised RQ2 annotation: Operator to matrix; category=Numerical Realization Transformation.,"Qiskit Nature currently lacks a dedicated data structure for quadratic fermionic Hamiltonians, even though these Hamiltonians are naturally represented by Hermitian and antisymmetric coefficient matrices and need linear-algebra-based diagonalization routines. Users need a public QuadraticHamiltonian abstraction that stores those matrix blocks directly, exposes whether particle number is conserved, converts back to FermionicOp form, and computes the Bogoliubov transform that diagonalizes the Hami"
qiskit_nature_465_472,qiskit-community/qiskit-nature,medium,small,True,quantum_object_semantics,modeling_abstract_problems_as_quantum_objects,quantum_object,problem_model_construction,quantum_problem_modeling,Quantum Problem Modeling,lattice_model_construction,Lattice model construction,"Lattice currently accepts retworkx graph objects, but many users already build graph structures with networkx because it provides a broader set of graph generators and utilities. Users need to be able to construct a Lattice directly from a networkx.Graph without manually converting it first, while keeping the existing retworkx-based behavior intact.","Lattice construction must accept a networkx.Graph instance as input. | When a networkx.Graph is provided, the lattice must internally convert it into the graph representation used by existing Lattice behavior.","Lattice, Lattice.graph",qiskit_nature/problems/second_quantization/lattice/lattices/lattice.py,Revised RQ2 annotation: Lattice model construction; category=Quantum Problem Modeling.,"Lattice currently accepts retworkx graph objects, but many users already build graph structures with networkx because it provides a broader set of graph generators and utilities. Users need to be able to construct a Lattice directly from a networkx.Graph without manually converting it first, while keeping the existing retworkx-based behavior intact."
qiskit_nature_477_481,qiskit-community/qiskit-nature,medium,small,True,quantum_object_semantics,modeling_abstract_problems_as_quantum_objects,quantum_object,problem_model_construction,quantum_problem_modeling,Quantum Problem Modeling,hamiltonian_model_construction,Hamiltonian model construction,Molecule currently assumes geometry coordinates are provided in Angstrom and does not let users declare the unit system used when constructing a molecule. This can make Bohr-coordinate inputs ambiguous and causes the molecule description to omit the unit context. Users need Molecule to accept an explicit coordinate unit and preserve that choice for later inspection and string rendering.,"Molecule construction must accept an optional coordinate unit argument. | When no unit is provided, Molecule must continue to default to Angstrom units.","Molecule, Molecule.units, UnitsType",qiskit_nature/drivers/molecule.py,Revised RQ2 annotation: Hamiltonian model construction; category=Quantum Problem Modeling.,Molecule currently assumes geometry coordinates are provided in Angstrom and does not let users declare the unit system used when constructing a molecule. This can make Bohr-coordinate inputs ambiguous and causes the molecule description to omit the unit context. Users need Molecule to accept an explicit coordinate unit and preserve that choice for later inspection and string rendering.
qiskit_nature_47_77,qiskit-community/qiskit-nature,strong,large,False,quantum_object_semantics,modeling_abstract_problems_as_quantum_objects,quantum_object,problem_model_construction,quantum_problem_modeling,Quantum Problem Modeling,hamiltonian_model_construction,Hamiltonian model construction,"Electronic-structure workflows can already reduce a problem to a user-chosen active space, but there is no dedicated transformer for the common freeze-core workflow. Users should be able to freeze chemically identified core orbitals, optionally remove additional unoccupied orbitals, and obtain the reduced QMolecule directly through a dedicated FreezeCoreTransformer instead of manually configuring an equivalent active-space reduction.",The repository must expose a dedicated FreezeCoreTransformer for reducing QMolecule instances by freezing core orbitals. | FreezeCoreTransformer must accept a freeze_core convenience setting that removes the QMolecule core orbitals and returns the expected reduced QMolecule.,"FreezeCoreTransformer, FreezeCoreTransformer.transform","qiskit_nature/drivers/qmolecule.py, qiskit_nature/transformers/active_space_transformer.py, qiskit_nature/transformers/freeze_core_transformer.py",Revised RQ2 annotation: Hamiltonian model construction; category=Quantum Problem Modeling.,"Electronic-structure workflows can already reduce a problem to a user-chosen active space, but there is no dedicated transformer for the common freeze-core workflow. Users should be able to freeze chemically identified core orbitals, optionally remove additional unoccupied orbitals, and obtain the reduced QMolecule directly through a dedicated FreezeCoreTransformer instead of manually configuring an equivalent active-space reduction."
qiskit_nature_493_506,qiskit-community/qiskit-nature,medium,medium,True,quantum_object_semantics,functionality_extension_of_quantum_objects,quantum_object,operator_representation_construction,quantum_operator_representation_enhancement,Quantum Operator Representation,fermionic_operator_representation,Fermionic operator,"FermionicOp currently accepts string-based labels, which works for hand-written operators but is awkward for code that generates fermionic operators programmatically. Users need to be able to construct FermionicOp terms from structured action/index label data without first formatting those labels as strings, while preserving the existing string-label behavior.",FermionicOp construction must accept terms whose labels are lists of action/index tuples. | Each tuple-based label element must use an action string such as + or - together with an integer fermionic mode index.,"FermionicOp, FermionicOp.to_list, FermionicOp.register_length","qiskit_nature/operators/second_quantization/fermionic_op.py, qiskit_nature/operators/second_quantization/second_quantized_op.py",Revised RQ2 annotation: Fermionic operator; category=Quantum Operator Representation.,"FermionicOp currently accepts string-based labels, which works for hand-written operators but is awkward for code that generates fermionic operators programmatically. Users need to be able to construct FermionicOp terms from structured action/index label data without first formatting those labels as strings, while preserving the existing string-label behavior."
qiskit_nature_541_544,qiskit-community/qiskit-nature,medium,small,True,quantum_object_semantics,functionality_extension_of_quantum_objects,quantum_object,operator_representation_construction,quantum_operator_representation_enhancement,Quantum Operator Representation,fermionic_operator_representation,Fermionic operator,"FermionicOp can expose its terms through string-oriented helpers, but that format is awkward for programmatic access to creation and annihilation actions and their mode indices. Users need a supported way to iterate over the individual FermionicOp terms as structured action/index pairs together with each coefficient.",FermionicOp must provide a public terms iterator for individual operator terms. | Each yielded term must contain structured tuples of fermionic action symbols and integer mode indices together with the term coefficient.,FermionicOp.terms,qiskit_nature/operators/second_quantization/fermionic_op.py,Revised RQ2 annotation: Fermionic operator; category=Quantum Operator Representation.,"FermionicOp can expose its terms through string-oriented helpers, but that format is awkward for programmatic access to creation and annihilation actions and their mode indices. Users need a supported way to iterate over the individual FermionicOp terms as structured action/index pairs together with each coefficient."
qiskit_nature_563_620,qiskit-community/qiskit-nature,medium,large,True,quantum_object_semantics,modeling_abstract_problems_as_quantum_objects,quantum_object,problem_model_construction,quantum_problem_modeling,Quantum Problem Modeling,lattice_model_construction,Lattice model construction,"Qiskit Nature has lattice model Hamiltonians, but they cannot be used through the same problem abstraction workflow as electronic and vibrational structure problems. Users need a lattice model problem abstraction that wraps a lattice model Hamiltonian, exposes its second-quantized operators to solvers, and interprets raw eigensolver outputs as lattice-model results.",A lattice model problem must be constructible from a lattice model Hamiltonian. | The problem must expose the lattice model Hamiltonian through the standard second-quantized-operator entry point using the lattice energy as the main property.,"LatticeModelProblem, LatticeModelProblem.second_q_ops, LatticeModelProblem.interpret, LatticeModelResult","qiskit_nature/problems/second_quantization/__init__.py, qiskit_nature/problems/second_quantization/base_problem.py, qiskit_nature/problems/second_quantization/lattice/__init__.py, qiskit_nature/problems/second_quantization/lattice/lattice_model_problem.py, qiskit_nature/problems/second_quantization/lattice/models/fermi_hubbard_model.py, qiskit_nature/results/__init__.py, qiskit_nature/results/lattice_model_result.py",Revised RQ2 annotation: Lattice model construction; category=Quantum Problem Modeling.,"Qiskit Nature has lattice model Hamiltonians, but they cannot be used through the same problem abstraction workflow as electronic and vibrational structure problems. Users need a lattice model problem abstraction that wraps a lattice model Hamiltonian, exposes its second-quantized operators to solvers, and interprets raw eigensolver outputs as lattice-model results."
qiskit_nature_571_632,qiskit-community/qiskit-nature,medium,large,True,quantum_circuit_mechanisms,circuit_structure_construction,quantum_circuit,circuit_construction,quantum_circuit_construction,Quantum Circuit Construction,state_preparation_circuit_construction,State-preparation circuit construction,Qiskit Nature's VQE UCC workflow does not preserve a Hartree-Fock-compatible default initial point when users rely on the built-in factory behavior. Users who construct a VQE UCC ground-state solver without supplying an explicit initial point need the factory to provide a reusable Hartree-Fock initial-point object so the default parameterization remains the all-zero UCC point associated with an HF initial state.,Provide an HF-specific initial-point utility for UCC ansatzes that computes an all-zero parameter vector with the correct excitation-list length. | The HF initial-point utility must raise a clear error if neither an ansatz nor an excitation list has been provided before computation.,"HFInitialPoint, HFInitialPoint.compute, HFInitialPoint.to_numpy_array, VQEUCCFactory","qiskit_nature/algorithms/ground_state_solvers/minimum_eigensolver_factories/vqe_ucc_factory.py, qiskit_nature/algorithms/initial_points/__init__.py, qiskit_nature/algorithms/initial_points/hf_initial_point.py, qiskit_nature/algorithms/initial_points/initial_point.py",Revised RQ2 annotation: State-preparation circuit construction; category=Quantum Circuit Construction.,Qiskit Nature's VQE UCC workflow does not preserve a Hartree-Fock-compatible default initial point when users rely on the built-in factory behavior. Users who construct a VQE UCC ground-state solver without supplying an explicit initial point need the factory to provide a reusable Hartree-Fock initial-point object so the default parameterization remains the all-zero UCC point associated with an HF initial state.
qiskit_nature_577_591,qiskit-community/qiskit-nature,strong,small,True,quantum_object_semantics,modeling_abstract_problems_as_quantum_objects,quantum_object,problem_model_construction,quantum_problem_modeling,Quantum Problem Modeling,lattice_model_construction,Lattice model construction,"The lattice-model stack includes models such as the Ising model, but it lacks a Heisenberg model even though the Heisenberg Hamiltonian is a common spin-system model and generalizes several useful special cases. Users need a lattice-based Heisenberg model that can construct the corresponding spin Hamiltonian from a lattice, configurable axis couplings, and an external magnetic field.",A Heisenberg model must be available from the second-quantized lattice-model properties API. | The model must preserve and expose the lattice supplied at construction.,"HeisenbergModel, HeisenbergModel.second_q_ops","qiskit_nature/second_q/properties/__init__.py, qiskit_nature/second_q/properties/heisenberg_model.py",Revised RQ2 annotation: Lattice model construction; category=Quantum Problem Modeling.,"The lattice-model stack includes models such as the Ising model, but it lacks a Heisenberg model even though the Heisenberg Hamiltonian is a common spin-system model and generalizes several useful special cases. Users need a lattice-based Heisenberg model that can construct the corresponding spin Hamiltonian from a lattice, configurable axis couplings, and an external magnetic field."
qiskit_nature_582_1313,qiskit-community/qiskit-nature,strong,large,False,quantum_object_semantics,representation_equivalence_of_quantum_objects,quantum_object,representation_transformation,quantum_operator_transformation,Quantum Operator Transformation,bosonic_spin_majorana_operator_to_qubit_mapping,"Bosonic, spin, Majorana op. -> qubit op.","Qiskit Nature can represent Majorana operators, but it does not provide the ternary-tree qubit mapping described by Jiang, Kalev, Mruczkiewicz, and Neven. Users need a mapper that turns Majorana operators into SparsePauliOp qubit operators, supports configurable Pauli priority, and works consistently for single operators and mapped containers.",A TernaryTreeMapper must be available as a second-quantization mapper for MajoranaOp inputs. | The mapper must generate ternary-tree Pauli operators that satisfy the Majorana anticommutation relations.,"TernaryTreeMapper, TernaryTreeMapper.map, TernaryTreeMapper.pauli_table","qiskit_nature/second_q/mappers/__init__.py, qiskit_nature/second_q/mappers/bosonic_linear_mapper.py, qiskit_nature/second_q/mappers/bosonic_mapper.py, qiskit_nature/second_q/mappers/majorana_mapper.py, qiskit_nature/second_q/mappers/mode_based_mapper.py, qiskit_nature/second_q/mappers/ternary_tree_mapper.py","Revised RQ2 annotation: Bosonic, spin, Majorana op. -> qubit op.; category=Quantum Operator Transformation.","Qiskit Nature can represent Majorana operators, but it does not provide the ternary-tree qubit mapping described by Jiang, Kalev, Mruczkiewicz, and Neven. Users need a mapper that turns Majorana operators into SparsePauliOp qubit operators, supports configurable Pauli priority, and works consistently for single operators and mapped containers."
qiskit_nature_665_756,qiskit-community/qiskit-nature,medium,medium,False,quantum_object_semantics,functionality_extension_of_quantum_objects,quantum_object,operator_representation_construction,quantum_operator_representation_enhancement,Quantum Operator Representation,general_symbolic_operator_representation,General symbolic operator,"The refactored second-quantized operator stack has specialized coefficient containers for specific domains, but it lacks a general tensor container for arbitrary n-body operator coefficients. Users need a reusable PolynomialTensor container that can store keyed dense coefficient arrays, validate their dimensions, expose mapping-style access, and support basic linear and adjoint operations.",A PolynomialTensor class must be available from the second-quantized operators package. | PolynomialTensor construction must accept a mapping from string operator keys to numeric scalars or NumPy arrays together with a register length.,"PolynomialTensor, PolynomialTensor.conjugate, PolynomialTensor.transpose","qiskit_nature/second_q/operators/__init__.py, qiskit_nature/second_q/operators/polynomial_tensor.py",Revised RQ2 annotation: General symbolic operator; category=Quantum Operator Representation.,"The refactored second-quantized operator stack has specialized coefficient containers for specific domains, but it lacks a general tensor container for arbitrary n-body operator coefficients. Users need a reusable PolynomialTensor container that can store keyed dense coefficient arrays, validate their dimensions, expose mapping-style access, and support basic linear and adjoint operations."
qiskit_nature_669_731,qiskit-community/qiskit-nature,medium,medium,False,quantum_object_semantics,functionality_extension_of_quantum_objects,quantum_object,operator_representation_construction,quantum_operator_representation_enhancement,Quantum Operator Representation,general_symbolic_operator_representation,General symbolic operator,"Second-quantized operator classes store sparse label-to-coefficient data and need a common base abstraction for behavior that is not specific to fermionic, vibrational, or spin semantics. Users need this shared sparse-label operator foundation to provide consistent storage, register-length handling, arithmetic, adjoint behavior, equality checks, mapping access, and copy semantics for concrete second-quantized operator implementations.",The second_q operator package must expose a SparseLabelOp base class for sparse second-quantized operators. | SparseLabelOp instances must store string labels mapped to numeric coefficients and retain a register length supplied at construction.,"SparseLabelOp, SparseLabelOp.register_length, SparseLabelOp._add, SparseLabelOp._multiply, SparseLabelOp.conjugate, SparseLabelOp.transpose, SparseLabelOp.equiv, SparseLabelOp.__eq__, SparseLabelOp.__getitem__, SparseLabelOp.__iter__, SparseLabelOp.__len__","qiskit_nature/second_q/operators/__init__.py, qiskit_nature/second_q/operators/sparse_label_op.py",Revised RQ2 annotation: General symbolic operator; category=Quantum Operator Representation.,"Second-quantized operator classes store sparse label-to-coefficient data and need a common base abstraction for behavior that is not specific to fermionic, vibrational, or spin semantics. Users need this shared sparse-label operator foundation to provide consistent storage, register-length handling, arithmetic, adjoint behavior, equality checks, mapping access, and copy semantics for concrete second-quantized operator implementations."
qiskit_nature_683_684,qiskit-community/qiskit-nature,medium,large,True,quantum_circuit_mechanisms,circuit_evaluation_postprocessing,quantum_circuit,circuit_evaluation_postprocessing,quantum_circuit_evaluation_postprocessing,Quantum Circuit Evaluation and Post-processing,iterative_circuit_execution_control,Iterative circuit-execution control,"BOPESSampler can sample potential energy surfaces with ground-state solvers, but it cannot consume excited-state solvers and return multiple energy curves for the same molecular geometry points. Users need BOPESSampler to work with excited-state solver workflows so they can sample ground and excited electronic-state energies across a potential energy surface.",BOPESSampler must accept an excited-state solver in the same sampling workflow used for ground-state solvers. | Sampling with an excited-state solver must evaluate each requested geometry point and return the sampled points unchanged.,"BOPESSampler, BOPESSampler.sample, BOPESSamplerResult","qiskit_nature/algorithms/excited_states_solvers/excited_states_eigensolver.py, qiskit_nature/algorithms/excited_states_solvers/excited_states_solver.py, qiskit_nature/algorithms/excited_states_solvers/qeom.py, qiskit_nature/algorithms/ground_state_solvers/ground_state_eigensolver.py, qiskit_nature/algorithms/ground_state_solvers/ground_state_solver.py, qiskit_nature/algorithms/pes_samplers/bopes_sampler.py, qiskit_nature/problems/second_quantization/lattice/models/fermi_hubbard_model.py, qiskit_nature/results/bopes_sampler_result.py",Revised RQ2 annotation: Iterative circuit-execution control; category=Quantum Circuit Evaluation and Post-processing.,"BOPESSampler can sample potential energy surfaces with ground-state solvers, but it cannot consume excited-state solvers and return multiple energy curves for the same molecular geometry points. Users need BOPESSampler to work with excited-state solver workflows so they can sample ground and excited electronic-state energies across a potential energy surface."
qiskit_nature_6_624,qiskit-community/qiskit-nature,strong,medium,True,quantum_object_semantics,representation_equivalence_of_quantum_objects,quantum_object,representation_transformation,quantum_operator_transformation,Quantum Operator Transformation,bosonic_spin_majorana_operator_to_qubit_mapping,"Bosonic, spin, Majorana op. -> qubit op.","Spin-operator workflows are missing a logarithmic local encoding mapper. Users should be able to convert SpinOp instances into qubit operators with a dedicated LogarithmicMapper, including configurable embedding behavior for spins whose local Hilbert space does not exactly fill a power-of-two qubit register.",The repository must expose a LogarithmicMapper from qiskit_nature.mappers.second_quantization for mapping SpinOp instances to qubit operators. | LogarithmicMapper must map SpinOp inputs to PauliSumOp outputs using the logarithmic spin-to-qubit encoding across the dedicated single-spin and multi-spin cases covered by the mapper tests.,"LogarithmicMapper, LogarithmicMapper.map","qiskit_nature/mappers/second_quantization/__init__.py, qiskit_nature/mappers/second_quantization/logarithmic_mapper.py","Revised RQ2 annotation: Bosonic, spin, Majorana op. -> qubit op.; category=Quantum Operator Transformation.","Spin-operator workflows are missing a logarithmic local encoding mapper. Users should be able to convert SpinOp instances into qubit operators with a dedicated LogarithmicMapper, including configurable embedding behavior for spins whose local Hilbert space does not exactly fill a power-of-two qubit register."
qiskit_nature_715_716,qiskit-community/qiskit-nature,medium,small,True,quantum_object_semantics,functionality_extension_of_quantum_objects,quantum_object,operator_semantic_validation,quantum_operator_representation_enhancement,Quantum Operator Representation,general_symbolic_operator_representation,General symbolic operator,"Second-quantized operators can be compared exactly, but users do not have a simple operator-level helper for approximate equality when coefficients differ only within numerical tolerance. This makes it awkward to compare constructed operators in tests or numerical workflows, especially across different concrete second-quantized operator subclasses.",Second-quantized operators must provide an approximate-equality helper that compares two operators of the same concrete type. | The helper must return false when one operator contains terms or coefficients that are not equal to the other within the active tolerance.,SecondQuantizedOp.equiv,qiskit_nature/second_q/operators/second_quantized_op.py,Revised RQ2 annotation: General symbolic operator; category=Quantum Operator Representation.,"Second-quantized operators can be compared exactly, but users do not have a simple operator-level helper for approximate equality when coefficients differ only within numerical tolerance. This makes it awkward to compare constructed operators in tests or numerical workflows, especially across different concrete second-quantized operator subclasses."
qiskit_nature_787_799,qiskit-community/qiskit-nature,strong,large,False,quantum_object_semantics,representation_equivalence_of_quantum_objects,quantum_object,problem_model_construction,quantum_problem_modeling,Quantum Problem Modeling,hamiltonian_model_construction,Hamiltonian model construction,"Qiskit Nature has second-quantized format support for QCSchema, but FCIDump parsing and export are not available through the same format layer. Users need FCIDump quantum-chemistry integral files to be represented as a structured format object, read from disk, written back to disk, and translated into an electronic-structure problem that can be solved by the existing second-quantized ground-state workflow.","Provide an FCIDump format object that stores one- and two-electron integral tensors, optional beta-spin tensors, electron count, orbital count, multiplicity, constant energy, orbital symmetries, and wave-function symmetry. | Parse restricted and unrestricted FCIDump files into the format object, including alpha, beta, and beta-alpha integral data.","FCIDump, FCIDump.from_file, FCIDump.to_file, fcidump_to_problem","qiskit_nature/second_q/formats/fcidump/__init__.py, qiskit_nature/second_q/formats/fcidump/dumper.py, qiskit_nature/second_q/formats/fcidump/fcidump.py, qiskit_nature/second_q/formats/fcidump/parser.py, qiskit_nature/second_q/formats/fcidump_translator.py",Revised RQ2 annotation: Hamiltonian model construction; category=Quantum Problem Modeling.,"Qiskit Nature has second-quantized format support for QCSchema, but FCIDump parsing and export are not available through the same format layer. Users need FCIDump quantum-chemistry integral files to be represented as a structured format object, read from disk, written back to disk, and translated into an electronic-structure problem that can be solved by the existing second-quantized ground-state workflow."
qiskit_nature_795_1188,qiskit-community/qiskit-nature,strong,large,False,quantum_object_semantics,representation_equivalence_of_quantum_objects,quantum_object,representation_transformation,quantum_operator_transformation,Quantum Operator Transformation,bosonic_spin_majorana_operator_to_qubit_mapping,"Bosonic, spin, Majorana op. -> qubit op.","Qiskit Nature can model several second-quantized operator families independently, but it does not provide a first-class way to represent and map composite systems that combine multiple local Hilbert-space operator types. Users need mixed-particle operators and a mapper that can dispatch each component to the appropriate underlying mapper and combine the mapped qubit registers.","A mixed second-quantized operator must be available for representing weighted products of component operators over named Hilbert-space registers. | Mixed operators must support scalar multiplication and division, addition and subtraction across same or different register keys, unary negation, and composition across same or different register keys.","MixedOp, MixedOp.compose, MixedMapper, MixedMapper.map","qiskit_nature/second_q/mappers/__init__.py, qiskit_nature/second_q/mappers/mixed_mapper.py, qiskit_nature/second_q/operators/__init__.py, qiskit_nature/second_q/operators/mixed_op.py","Revised RQ2 annotation: Bosonic, spin, Majorana op. -> qubit op.; category=Quantum Operator Transformation.","Qiskit Nature can model several second-quantized operator families independently, but it does not provide a first-class way to represent and map composite systems that combine multiple local Hilbert-space operator types. Users need mixed-particle operators and a mapper that can dispatch each component to the appropriate underlying mapper and combine the mapped qubit registers."
qiskit_nature_828_891,qiskit-community/qiskit-nature,medium,medium,False,quantum_object_semantics,functionality_extension_of_quantum_objects,quantum_object,operator_algebra_and_coefficients,quantum_operator_representation_enhancement,Quantum Operator Representation,general_symbolic_operator_representation,General symbolic operator,"Second-quantized sparse-label operators currently assume numeric coefficients. Users need these operators to accept qiskit circuit Parameters and ParameterExpressions as coefficients, preserve those symbols through algebraic operator operations, expose and assign stored parameters, and allow qubit mapping of parameterized fermionic operators.","SparseLabelOp-compatible operators must accept Parameter and ParameterExpression coefficients alongside numeric coefficients. | Scalar multiplication, scalar division, composition, powers, simplification, and normal ordering must preserve parameter expressions when operating on FermionicOp instances.","SparseLabelOp, SparseLabelOp.is_parameterized, SparseLabelOp.parameters, SparseLabelOp.assign_parameters, FermionicOp, FermionicOp.to_matrix, FermionicOp.is_hermitian, JordanWignerMapper","qiskit_nature/second_q/mappers/qubit_mapper.py, qiskit_nature/second_q/operators/fermionic_op.py, qiskit_nature/second_q/operators/sparse_label_op.py",Revised RQ2 annotation: General symbolic operator; category=Quantum Operator Representation.,"Second-quantized sparse-label operators currently assume numeric coefficients. Users need these operators to accept qiskit circuit Parameters and ParameterExpressions as coefficients, preserve those symbols through algebraic operator operations, expose and assign stored parameters, and allow qubit mapping of parameterized fermionic operators."
qiskit_nature_82_96,qiskit-community/qiskit-nature,strong,large,False,quantum_object_semantics,representation_equivalence_of_quantum_objects,quantum_object,representation_transformation,quantum_operator_transformation,Quantum Operator Transformation,fermionic_to_qubit_mapping_reduction,Fermionic operator -> qubit operator,"QubitConverter can map second-quantized operators to qubit operators, but it does not yet support the reduction workflow users need for molecular problems. Conversions should be able to apply mapper-aware two-qubit reduction and optional Z2 symmetry tapering, and follow-up matched conversions should reuse the same reduction settings instead of forcing callers to rebuild that state by hand.","QubitConverter must support mapper-aware two-qubit reduction during conversion when the mapper allows it and particle counts are provided. | When two-qubit reduction is requested but particle counts are omitted, conversion must leave the mapped operator unreduced and keep the stored particle-count state unset.","QubitConverter, QubitConverter.convert, QubitConverter.convert_match, QubitConverter.two_qubit_reduction, QubitConverter.z2symmetry_reduction, QubitConverter.num_particles, QubitConverter.z2symmetries","qiskit_nature/algorithms/ground_state_solvers/minimum_eigensolver_factories/vqe_uccsd_factory.py, qiskit_nature/circuit/library/ansatzes/ucc.py, qiskit_nature/circuit/library/initial_states/hartree_fock.py, qiskit_nature/operators/second_quantization/qubit_converter.py",Revised RQ2 annotation: Fermionic operator -> qubit operator; category=Quantum Operator Transformation.,"QubitConverter can map second-quantized operators to qubit operators, but it does not yet support the reduction workflow users need for molecular problems. Conversions should be able to apply mapper-aware two-qubit reduction and optional Z2 symmetry tapering, and follow-up matched conversions should reuse the same reduction settings instead of forcing callers to rebuild that state by hand."
qiskit_nature_847_1043,qiskit-community/qiskit-nature,strong,large,True,quantum_object_semantics,modeling_abstract_problems_as_quantum_objects,quantum_object,problem_model_construction,quantum_problem_modeling,Quantum Problem Modeling,hamiltonian_model_construction,Hamiltonian model construction,"The active-space and freeze-core transformers can reduce full electronic-structure problems, but users cannot apply the same reductions directly to standalone electronic Hamiltonians outside a problem object. Users need a way to prepare the transformer with the total system information and then transform a Hamiltonian by itself.",ActiveSpaceTransformer must support preparing active-space state from total electron and orbital counts before transforming a standalone electronic Hamiltonian. | FreezeCoreTransformer must support preparing active-space state from molecular system information and total orbital count before transforming a standalone electronic Hamiltonian.,"ActiveSpaceTransformer, ActiveSpaceTransformer.prepare_active_space, ActiveSpaceTransformer.transform_hamiltonian, FreezeCoreTransformer, FreezeCoreTransformer.prepare_active_space, FreezeCoreTransformer.transform_hamiltonian","qiskit_nature/second_q/problems/electronic_structure_problem.py, qiskit_nature/second_q/transformers/active_space_transformer.py, qiskit_nature/second_q/transformers/freeze_core_transformer.py",Revised RQ2 annotation: Hamiltonian model construction; category=Quantum Problem Modeling.,"The active-space and freeze-core transformers can reduce full electronic-structure problems, but users cannot apply the same reductions directly to standalone electronic Hamiltonians outside a problem object. Users need a way to prepare the transformer with the total system information and then transform a Hamiltonian by itself."
qiskit_nature_848_858,qiskit-community/qiskit-nature,medium,medium,True,quantum_object_semantics,functionality_extension_of_quantum_objects,quantum_object,operator_algebra_and_coefficients,quantum_operator_representation_enhancement,Quantum Operator Representation,general_symbolic_operator_representation,General symbolic operator,"SparseLabelOp instances do not currently have the commutator helper routines that users may know from Qiskit opflow. Users need second-quantized operators to support direct commutator, anti-commutator, and symmetric double-commutator utilities, with results simplified consistently and a way to identify zero sparse-label operators.","The second_q operator package must provide commutator, anti-commutator, and double_commutator utilities for SparseLabelOp-compatible operands. | The commutator utility must compute AB - BA and return a simplified SparseLabelOp result.","commutator, anti_commutator, double_commutator, SparseLabelOp.is_zero","qiskit_nature/second_q/operators/__init__.py, qiskit_nature/second_q/operators/commutators.py, qiskit_nature/second_q/operators/sparse_label_op.py",Revised RQ2 annotation: General symbolic operator; category=Quantum Operator Representation.,"SparseLabelOp instances do not currently have the commutator helper routines that users may know from Qiskit opflow. Users need second-quantized operators to support direct commutator, anti-commutator, and symmetric double-commutator utilities, with results simplified consistently and a way to identify zero sparse-label operators."
qiskit_nature_861_904,qiskit-community/qiskit-nature,medium,small,True,quantum_object_semantics,functionality_extension_of_quantum_objects,quantum_object,operator_algebra_and_coefficients,quantum_operator_representation_enhancement,Quantum Operator Representation,general_symbolic_operator_representation,General symbolic operator,"SparseLabelOp currently provides utilities such as chopping small coefficients, but it does not provide a direct way to round operator coefficients. Users need a round utility on SparseLabelOp instances so approximate real or complex coefficients can be rounded to a chosen decimal precision while preserving the operator type and labels.",SparseLabelOp instances must expose a round operation that returns an operator of the same concrete type with the same labels. | Calling round without an explicit precision must round each coefficient to the nearest integer value.,"SparseLabelOp, SparseLabelOp.round",qiskit_nature/second_q/operators/sparse_label_op.py,Revised RQ2 annotation: General symbolic operator; category=Quantum Operator Representation.,"SparseLabelOp currently provides utilities such as chopping small coefficients, but it does not provide a direct way to round operator coefficients. Users need a round utility on SparseLabelOp instances so approximate real or complex coefficients can be rounded to a chosen decimal precision while preserving the operator type and labels."
qiskit_nature_865_890,qiskit-community/qiskit-nature,medium,medium,True,quantum_object_semantics,functionality_extension_of_quantum_objects,quantum_object,operator_algebra_and_coefficients,quantum_operator_representation_enhancement,Quantum Operator Representation,general_symbolic_operator_representation,General symbolic operator,"QuadraticHamiltonian stores tensor-like coefficient data, but it does not participate in the arithmetic and representation behavior shared by PolynomialTensor-backed containers. Users need compatible QuadraticHamiltonian objects to combine cleanly, scale by numeric factors from either side, compare by value, and display their coefficient data in a reproducible constructor-style form.",QuadraticHamiltonian instances must support equality and addition or subtraction with other compatible QuadraticHamiltonian instances. | QuadraticHamiltonian instances must support scalar multiplication from either side.,"QuadraticHamiltonian, QuadraticHamiltonian.__eq__, QuadraticHamiltonian.__add__, QuadraticHamiltonian.__sub__, QuadraticHamiltonian.__mul__, QuadraticHamiltonian.__rmul__, QuadraticHamiltonian.__repr__","qiskit_nature/second_q/hamiltonians/quadratic_hamiltonian.py, qiskit_nature/second_q/operators/sparse_label_op.py",Revised RQ2 annotation: General symbolic operator; category=Quantum Operator Representation.,"QuadraticHamiltonian stores tensor-like coefficient data, but it does not participate in the arithmetic and representation behavior shared by PolynomialTensor-backed containers. Users need compatible QuadraticHamiltonian objects to combine cleanly, scale by numeric factors from either side, compare by value, and display their coefficient data in a reproducible constructor-style form."
qiskit_nature_866_870,qiskit-community/qiskit-nature,medium,large,True,quantum_object_semantics,representation_equivalence_of_quantum_objects,quantum_object,representation_transformation,numerical_realization_transformation,Numerical Realization Transformation,electronic_structure_tensor_density_representation,Electronic tensor -> Reduced Density Matrix,"PolynomialTensor and the operator utilities built on top of it currently assume dense NumPy arrays. Users need these tensor containers and conversions to work with sparse-array inputs so large mostly-empty tensor data can be represented, transformed, ordered, and converted without first densifying it.","PolynomialTensor must accept sparse array values alongside scalar constants and dense arrays while preserving existing dense behavior. | PolynomialTensor must report whether its stored tensor values are sparse, dense, mixed, or empty, and it must support conversion between sparse and dense storage.","PolynomialTensor, PolynomialTensor.issparse, PolynomialTensor.isdense, PolynomialTensor.todense, PolynomialTensor.tosparse, PolynomialTensor.einsum, ElectronicIntegrals, ElectronicIntegrals.einsum, ElectronicIntegrals.from_raw_integrals, FermionicOp.from_polynomial_tensor, to_physicist_ordering, to_chemist_ordering, find_index_order","qiskit_nature/optionals.py, qiskit_nature/second_q/operators/electronic_integrals.py, qiskit_nature/second_q/operators/fermionic_op.py, qiskit_nature/second_q/operators/polynomial_tensor.py, qiskit_nature/second_q/operators/tensor_ordering.py, setup.py",Revised RQ2 annotation: Electronic tensor -> Reduced Density Matrix; category=Numerical Realization Transformation.,"PolynomialTensor and the operator utilities built on top of it currently assume dense NumPy arrays. Users need these tensor containers and conversions to work with sparse-array inputs so large mostly-empty tensor data can be represented, transformed, ordered, and converted without first densifying it."
qiskit_nature_881_903,qiskit-community/qiskit-nature,medium,medium,True,quantum_circuit_mechanisms,circuit_structure_construction,quantum_circuit,circuit_construction,quantum_circuit_construction,Quantum Circuit Construction,state_preparation_circuit_construction,State-preparation circuit construction,"The second-quantized Hartree-Fock and VSCF initial-state circuits are built eagerly, so they cannot be instantiated first and configured later like other Qiskit blueprint circuits. Users need these initial states to support lazy construction and attribute-based configuration while preserving the same prepared states as the existing eager constructors.",HartreeFock must behave as a BlueprintCircuit-compatible initial state that can be constructed without all configuration values and completed later through attributes. | VSCF must behave as a BlueprintCircuit-compatible initial state that can be constructed without all configuration values and completed later through attributes.,"HartreeFock, VSCF, hartree_fock_bitstring, hartree_fock_bitstring_mapped, vscf_bitstring","qiskit_nature/second_q/circuit/library/initial_states/hartree_fock.py, qiskit_nature/second_q/circuit/library/initial_states/vscf.py",Revised RQ2 annotation: State-preparation circuit construction; category=Quantum Circuit Construction.,"The second-quantized Hartree-Fock and VSCF initial-state circuits are built eagerly, so they cannot be instantiated first and configured later like other Qiskit blueprint circuits. Users need these initial states to support lazy construction and attribute-based configuration while preserving the same prepared states as the existing eager constructors."
qiskit_nature_918_1046,qiskit-community/qiskit-nature,strong,small,False,quantum_object_semantics,representation_equivalence_of_quantum_objects,quantum_object,representation_transformation,quantum_operator_transformation,Quantum Operator Transformation,fermionic_to_qubit_mapping_reduction,Fermionic operator -> qubit operator,"The second-quantized mapper stack provides mapper implementations using the repository's default spin-orbital ordering, but it does not provide a wrapper for interleaved spin ordering. Users need a mapper that can reuse an existing QubitMapper while reordering fermionic operators into interleaved alpha/beta spin-orbital order before mapping.",An InterleavedQubitMapper must be available through the public second-quantized mapper API. | The mapper must wrap an existing QubitMapper and delegate the final qubit mapping to that wrapped mapper.,"InterleavedQubitMapper, InterleavedQubitMapper.map","qiskit_nature/second_q/mappers/__init__.py, qiskit_nature/second_q/mappers/interleaved_qubit_mapper.py",Revised RQ2 annotation: Fermionic operator -> qubit operator; category=Quantum Operator Transformation.,"The second-quantized mapper stack provides mapper implementations using the repository's default spin-orbital ordering, but it does not provide a wrapper for interleaved spin ordering. Users need a mapper that can reuse an existing QubitMapper while reordering fermionic operators into interleaved alpha/beta spin-orbital order before mapping."
qiskit_nature_919_920,qiskit-community/qiskit-nature,strong,small,False,quantum_object_semantics,representation_equivalence_of_quantum_objects,quantum_object,representation_transformation,numerical_realization_transformation,Numerical Realization Transformation,electronic_structure_tensor_density_representation,Electronic tensor -> Reduced Density Matrix,"The second-quantized ElectronicDensity property needs more efficient and configurable reduced-density-matrix handling. Users should be able to initialize an electronic density without measuring or storing the two-body RDM when it is not needed, and generated auxiliary operators should avoid redundant spin-block entries while preserving correct interpretation of measured one- and two-body density results.","Allow ElectronicDensity.from_orbital_occupation to optionally omit two-body RDM data. | When two-body RDM data is omitted, construct an ElectronicDensity containing only valid one-body alpha and beta density blocks.","ElectronicDensity, ElectronicDensity.from_orbital_occupation, ElectronicDensity.second_q_ops, ElectronicDensity.interpret",qiskit_nature/second_q/properties/electronic_density.py,Revised RQ2 annotation: Electronic tensor -> Reduced Density Matrix; category=Numerical Realization Transformation.,"The second-quantized ElectronicDensity property needs more efficient and configurable reduced-density-matrix handling. Users should be able to initialize an electronic density without measuring or storing the two-body RDM when it is not needed, and generated auxiliary operators should avoid redundant spin-block entries while preserving correct interpretation of measured one- and two-body density results."
qiskit_nature_91_729,qiskit-community/qiskit-nature,strong,medium,True,quantum_circuit_mechanisms,circuit_structure_construction,quantum_circuit,circuit_construction,quantum_circuit_construction,Quantum Circuit Construction,parameterized_circuit_construction,Parameterized circuit construction,"The SUCCD ansatz can build the standard singlet-paired double-excitation pool, but it cannot reproduce the legacy succ_full-style mirrored excitation grouping. Users who need that mirrored pool have no supported way to request it through SUCCD. The repository should add a mirror setting so SUCCD can generate the mirrored singlet-double excitation structure while keeping the existing non-mirrored behavior unchanged.","SUCCD must accept a mirror setting that enables the legacy succ_full-style mirrored singlet-double excitation pool. | When mirror is enabled, SUCCD must group symmetrically mirrored double excitations under shared parameters instead of generating only the default non-mirrored pool.","SUCCD, SUCCD.mirror, SUCCD.generate_excitations, SUCCD._build_fermionic_excitation_ops","qiskit_nature/second_q/circuit/library/ansatzes/puccd.py, qiskit_nature/second_q/circuit/library/ansatzes/succd.py, qiskit_nature/second_q/circuit/library/ansatzes/ucc.py",Revised RQ2 annotation: Parameterized circuit construction; category=Quantum Circuit Construction.,"The SUCCD ansatz can build the standard singlet-paired double-excitation pool, but it cannot reproduce the legacy succ_full-style mirrored excitation grouping. Users who need that mirrored pool have no supported way to request it through SUCCD. The repository should add a mirror setting so SUCCD can generate the mirrored singlet-double excitation structure while keeping the existing non-mirrored behavior unchanged."
qiskit_nature_955_964,qiskit-community/qiskit-nature,medium,large,True,quantum_object_semantics,representation_equivalence_of_quantum_objects,quantum_object,representation_transformation,numerical_realization_transformation,Numerical Realization Transformation,electronic_structure_tensor_density_representation,Electronic tensor -> Reduced Density Matrix,"PolynomialTensor supports dense tensor contractions and can store sparse tensor data, but sparse einsum operations are not handled through an implementation that preserves sparse inputs. Users working with sparse PolynomialTensor data need einsum-based transformations to operate without unnecessary densification when an optional sparse-capable contraction backend is available.","Einsum-based tensor contractions must support dense, sparse, and mixed dense/sparse polynomial tensor inputs. | When the optional opt_einsum dependency is available, sparse tensor contractions must preserve sparse data instead of forcing dense arrays.",PolynomialTensor.einsum,"qiskit_nature/optionals.py, qiskit_nature/second_q/algorithms/initial_points/mp2_initial_point.py, qiskit_nature/second_q/drivers/gaussiand/gaussiandriver.py, qiskit_nature/second_q/drivers/pyscfd/pyscfdriver.py, qiskit_nature/second_q/operators/polynomial_tensor.py, qiskit_nature/utils/__init__.py, qiskit_nature/utils/opt_einsum.py, setup.py",Revised RQ2 annotation: Electronic tensor -> Reduced Density Matrix; category=Numerical Realization Transformation.,"PolynomialTensor supports dense tensor contractions and can store sparse tensor data, but sparse einsum operations are not handled through an implementation that preserves sparse inputs. Users working with sparse PolynomialTensor data need einsum-based transformations to operate without unnecessary densification when an optional sparse-capable contraction backend is available."
qiskit_nature_956_1027,qiskit-community/qiskit-nature,medium,medium,False,quantum_object_semantics,modeling_abstract_problems_as_quantum_objects,quantum_object,problem_model_construction,quantum_problem_modeling,Quantum Problem Modeling,lattice_model_construction,Lattice model construction,The second-quantized lattice Hamiltonians module includes several common lattice classes but does not provide a hexagonal lattice. Users need a dedicated HexagonalLattice class that follows the existing lattice API and can construct hexagonal lattice graphs directly from row and column counts with configurable edge and onsite weights.,A dedicated HexagonalLattice must be available through the public second-quantized lattice API. | The lattice must create a two-dimensional hexagonal graph for the requested row and column dimensions.,"HexagonalLattice, HexagonalLattice.to_adjacency_matrix","qiskit_nature/second_q/hamiltonians/lattices/__init__.py, qiskit_nature/second_q/hamiltonians/lattices/hexagonal_lattice.py",Revised RQ2 annotation: Lattice model construction; category=Quantum Problem Modeling.,The second-quantized lattice Hamiltonians module includes several common lattice classes but does not provide a hexagonal lattice. Users need a dedicated HexagonalLattice class that follows the existing lattice API and can construct hexagonal lattice graphs directly from row and column counts with configurable edge and onsite weights.
qiskit_nature_957_1038,qiskit-community/qiskit-nature,medium,medium,False,quantum_object_semantics,modeling_abstract_problems_as_quantum_objects,quantum_object,problem_model_construction,quantum_problem_modeling,Quantum Problem Modeling,lattice_model_construction,Lattice model construction,"The second-quantized lattice Hamiltonians module includes common lattice classes but does not provide a Kagome lattice. Users need a dedicated KagomeLattice class that follows the existing lattice API and supports open, periodic, and mixed boundary conditions.",A dedicated KagomeLattice must be available through the public second-quantized lattice API. | The lattice must create a two-dimensional Kagome graph with three sites per unit cell for the requested row and column dimensions.,"KagomeLattice, KagomeLattice.to_adjacency_matrix","qiskit_nature/second_q/hamiltonians/lattices/__init__.py, qiskit_nature/second_q/hamiltonians/lattices/kagome_lattice.py",Revised RQ2 annotation: Lattice model construction; category=Quantum Problem Modeling.,"The second-quantized lattice Hamiltonians module includes common lattice classes but does not provide a Kagome lattice. Users need a dedicated KagomeLattice class that follows the existing lattice API and supports open, periodic, and mixed boundary conditions."
qiskit_nature_958_1085,qiskit-community/qiskit-nature,strong,large,False,quantum_object_semantics,representation_equivalence_of_quantum_objects,quantum_object,representation_transformation,quantum_operator_transformation,Quantum Operator Transformation,bosonic_spin_majorana_operator_to_qubit_mapping,"Bosonic, spin, Majorana op. -> qubit op.","The second-quantized operator stack supports fermionic, spin, and vibrational operators, but it does not provide a first-class bosonic operator or a boson-to-qubit mapper. Users who need to model bosonic creation and annihilation terms cannot express those operators with the same sparse-label algebra or map them into qubit operators through the existing mapper workflow. The repository should support bosonic operators and a linear bosonic mapper.","The new bosonic operator must represent weighted sums of bosonic creation and annihilation terms using sparse labels with mode indices. | Construction must support explicit mode counts, automatic mode-count inference, optional validation skipping, and optional by-reference storage of input data.","BosonicOp, BosonicOp.from_polynomial_tensor, BosonicOp.from_terms, BosonicOp.terms, BosonicOp.compose, BosonicOp.tensor, BosonicOp.expand, BosonicOp.normal_order, BosonicOp.index_order, BosonicOp.simplify, BosonicOp.is_hermitian, BosonicOp.adjoint, BosonicOp.equiv, BosonicOp.induced_norm, BosonicOp.permute_indices, BosonicOp.zero, BosonicOp.one, BosonicLinearMapper, BosonicLinearMapper.map","qiskit_nature/second_q/mappers/__init__.py, qiskit_nature/second_q/mappers/bosonic_linear_mapper.py, qiskit_nature/second_q/mappers/bosonic_mapper.py, qiskit_nature/second_q/operators/__init__.py, qiskit_nature/second_q/operators/bosonic_op.py","Revised RQ2 annotation: Bosonic, spin, Majorana op. -> qubit op.; category=Quantum Operator Transformation.","The second-quantized operator stack supports fermionic, spin, and vibrational operators, but it does not provide a first-class bosonic operator or a boson-to-qubit mapper. Users who need to model bosonic creation and annihilation terms cannot express those operators with the same sparse-label algebra or map them into qubit operators through the existing mapper workflow. The repository should support bosonic operators and a linear bosonic mapper."
qiskit_nature_973_1018,qiskit-community/qiskit-nature,strong,medium,False,quantum_object_semantics,representation_equivalence_of_quantum_objects,quantum_object,representation_transformation,quantum_operator_transformation,Quantum Operator Transformation,fermionic_to_qubit_mapping_reduction,Fermionic operator -> qubit operator,"The second-quantized mapper stack already supports parity mapping and the legacy QubitConverter can perform two-qubit reduction for parity-mapped electronic problems. However, the ParityMapper itself does not own that reduction, even though this hard-coded symmetry only applies to parity mapping. Users need to configure parity mapping with particle numbers directly on the mapper and obtain the reduced qubit operator through the standard mapper workflow.","ParityMapper must accept optional particle-number information at construction time and expose it as mutable mapper state. | When particle numbers are available, parity mapping must apply the built-in two-qubit reduction after producing the parity-mapped qubit operator.","ParityMapper, ParityMapper.num_particles, ParityMapper.map, ParityMapper._two_qubit_reduce, QubitConverter.convert","qiskit_nature/second_q/algorithms/excited_states_solvers/qeom.py, qiskit_nature/second_q/mappers/parity_mapper.py, qiskit_nature/second_q/mappers/qubit_converter.py",Revised RQ2 annotation: Fermionic operator -> qubit operator; category=Quantum Operator Transformation.,"The second-quantized mapper stack already supports parity mapping and the legacy QubitConverter can perform two-qubit reduction for parity-mapped electronic problems. However, the ParityMapper itself does not own that reduction, even though this hard-coded symmetry only applies to parity mapping. Users need to configure parity mapping with particle numbers directly on the mapper and obtain the reduced qubit operator through the standard mapper workflow."
qiskit_nature_9_232,qiskit-community/qiskit-nature,strong,medium,False,quantum_object_semantics,representation_equivalence_of_quantum_objects,quantum_object,representation_transformation,quantum_operator_transformation,Quantum Operator Transformation,fermionic_to_qubit_mapping_reduction,Fermionic operator -> qubit operator,"Qiskit Nature already supports several fermion-to-qubit mappings, but it still lacks Bravyi-Kitaev super-fast mapping for FermionicOp inputs. Users need a public BravyiKitaevSuperFastMapper that can map fermionic terms through the BKSF construction, expose the expected edge-operator behavior internally, and produce the correct qubit operator for representative molecular Hamiltonians such as H2.",Provide a public BravyiKitaevSuperFastMapper in the second-quantization mapper package. | BravyiKitaevSuperFastMapper must accept FermionicOp input and return the corresponding qubit operator in the BKSF encoding.,"BravyiKitaevSuperFastMapper, BravyiKitaevSuperFastMapper.map, _edge_operator_bi, _edge_operator_aij","qiskit_nature/mappers/second_quantization/__init__.py, qiskit_nature/mappers/second_quantization/bksf.py",Revised RQ2 annotation: Fermionic operator -> qubit operator; category=Quantum Operator Transformation.,"Qiskit Nature already supports several fermion-to-qubit mappings, but it still lacks Bravyi-Kitaev super-fast mapping for FermionicOp inputs. Users need a public BravyiKitaevSuperFastMapper that can map fermionic terms through the BKSF construction, expose the expected edge-operator behavior internally, and produce the correct qubit operator for representative molecular Hamiltonians such as H2."
qiskit_optimization_133_139,qiskit-community/qiskit-optimization,medium,small,True,quantum_circuit_mechanisms,circuit_evaluation_postprocessing,quantum_circuit,circuit_evaluation_postprocessing,quantum_circuit_evaluation_postprocessing,Quantum Circuit Evaluation and Post-processing,iterative_circuit_execution_control,Iterative circuit-execution control,"CplexOptimizer could solve QuadraticProgram instances through CPLEX, but users could not pass CPLEX solver parameters such as optimality target, time limit, thread count, or random seed through the optimizer API. This made it awkward to handle non-convex quadratic programs and warm-start workflows that require CPLEX options. The optimizer also assumed that CPLEX always returned a solution, instead of producing a structured failure result when no solution was found.",Extend CplexOptimizer so users can provide CPLEX parameters as a dictionary through the public optimizer API. | Store and expose the CPLEX parameter dictionary through a cplex_parameters property with a setter.,"CplexOptimizer, CplexOptimizer.solve",qiskit_optimization/algorithms/cplex_optimizer.py,Revised RQ2 annotation: Iterative circuit-execution control; category=Quantum Circuit Evaluation and Post-processing.,"CplexOptimizer could solve QuadraticProgram instances through CPLEX, but users could not pass CPLEX solver parameters such as optimality target, time limit, thread count, or random seed through the optimizer API. This made it awkward to handle non-convex quadratic programs and warm-start workflows that require CPLEX options. The optimizer also assumed that CPLEX always returned a solution, instead of producing a structured failure result when no solution was found."
qiskit_optimization_13_163,qiskit-community/qiskit-optimization,medium,medium,False,quantum_object_semantics,modeling_abstract_problems_as_quantum_objects,quantum_object,problem_model_construction,quantum_problem_modeling,Quantum Problem Modeling,optimization_model_construction,Optimization model construction,"The DOcplex translator rejects DOcplex indicator constraints, so models that use conditional linear constraints cannot be imported into Qiskit Optimization through the translator. Users need indicator constraints to be translated into equivalent linear big-M constraints while preserving ordinary variable, objective, and constraint translation behavior.",Support docplex.mp.constr.IndicatorConstraint in the DOcplex-to-QuadraticProgram translator. | Translate indicator constraints into one or more linear constraints using a big-M formulation based on variable bounds when no explicit big-M value is supplied.,from_docplex_mp,qiskit_optimization/translators/docplex_mp.py,Revised RQ2 annotation: Optimization model construction; category=Quantum Problem Modeling.,"The DOcplex translator rejects DOcplex indicator constraints, so models that use conditional linear constraints cannot be imported into Qiskit Optimization through the translator. Users need indicator constraints to be translated into equivalent linear big-M constraints while preserving ordinary variable, objective, and constraint translation behavior."
qiskit_optimization_40_157,qiskit-community/qiskit-optimization,medium,large,True,quantum_object_semantics,modeling_abstract_problems_as_quantum_objects,quantum_object,problem_model_construction,quantum_problem_modeling,Quantum Problem Modeling,optimization_model_construction,Optimization model construction,"Converting linear inequalities to QUBO currently goes through slack variables and equality penalties even for common binary-constraint patterns that can be represented directly as quadratic penalty terms. Users need a converter that recognizes those special linear inequality forms, removes the matching constraints, and adds the correct penalty terms to the objective while leaving non-matching constraints unchanged.","Add a LinearInequalityToPenalty converter that is importable from qiskit_optimization.converters. | For binary constraints of the form x <= y and x >= y, convert the inequality into the corresponding quadratic penalty without introducing slack variables.","LinearInequalityToPenalty, LinearInequalityToPenalty.convert, LinearInequalityToPenalty.interpret, LinearInequalityToPenalty.penalty, LinearInequalityToPenalty._auto_define_penalty, QuadraticProgramToQubo, QuadraticProgramToQubo.convert","qiskit_optimization/converters/__init__.py, qiskit_optimization/converters/linear_inequality_to_penalty.py, qiskit_optimization/converters/quadratic_program_to_qubo.py",Revised RQ2 annotation: Optimization model construction; category=Quantum Problem Modeling.,"Converting linear inequalities to QUBO currently goes through slack variables and equality penalties even for common binary-constraint patterns that can be represented directly as quadratic penalty terms. Users need a converter that recognizes those special linear inequality forms, removes the matching constraints, and adds the correct penalty terms to the objective while leaving non-matching constraints unchanged."
qiskit_optimization_41_114,qiskit-community/qiskit-optimization,medium,large,False,quantum_object_semantics,modeling_abstract_problems_as_quantum_objects,quantum_object,problem_model_construction,quantum_problem_modeling,Quantum Problem Modeling,optimization_model_construction,Optimization model construction,"Optimization algorithms and QUBO conversion handled maximization problems by scattered local sign-flipping logic. Users need a reusable converter that turns maximization QuadraticProgram instances into minimization form, plugs into the default QUBO conversion flow, and lets algorithms consistently interpret solutions back in the original objective sense.","Add a MaximizeToMinimize converter that is importable from qiskit_optimization.converters. | When converting a maximization QuadraticProgram, return a minimization problem with objective constant, linear coefficients, and quadratic coefficients sign-flipped.","MaximizeToMinimize, MaximizeToMinimize.convert, MaximizeToMinimize.interpret, QuadraticProgramToQubo, MinimumEigenOptimizer, MinimumEigenOptimizer.solve, GroverOptimizer, GroverOptimizer.solve","qiskit_optimization/algorithms/admm_optimizer.py, qiskit_optimization/algorithms/cobyla_optimizer.py, qiskit_optimization/algorithms/grover_optimizer.py, qiskit_optimization/algorithms/minimum_eigen_optimizer.py, qiskit_optimization/algorithms/multistart_optimizer.py, qiskit_optimization/algorithms/optimization_algorithm.py, qiskit_optimization/algorithms/slsqp_optimizer.py, qiskit_optimization/algorithms/warm_start_qaoa_optimizer.py, qiskit_optimization/converters/__init__.py, qiskit_optimization/converters/maximize_to_minimize.py, qiskit_optimization/converters/quadratic_program_to_qubo.py",Revised RQ2 annotation: Optimization model construction; category=Quantum Problem Modeling.,"Optimization algorithms and QUBO conversion handled maximization problems by scattered local sign-flipping logic. Users need a reusable converter that turns maximization QuadraticProgram instances into minimization form, plugs into the default QUBO conversion flow, and lets algorithms consistently interpret solutions back in the original objective sense."
qiskit_optimization_425_436,qiskit-community/qiskit-optimization,medium,large,True,quantum_circuit_mechanisms,circuit_evaluation_postprocessing,quantum_circuit,circuit_evaluation_postprocessing,quantum_circuit_evaluation_postprocessing,Quantum Circuit Evaluation and Post-processing,circuit_output_semantic_interpretation,Circuit-output semantic interpretation,"Qiskit Optimization optimizers were still tied to legacy QuantumInstance and opflow-style result handling. Users needed primitives-based workflows to work with the optimization algorithms, including QAOA-style sampling minimum eigensolvers, sampler-backed Grover optimization, and a common helper for extracting the most likely bit string from sampled or statevector results.","Allow MinimumEigenOptimizer to solve problems with primitive-based sampling minimum eigensolvers such as QAOA using a Sampler. | Convert primitive quasi-distribution outputs into SolutionSample and raw sample records with valid bit-string ordering, probabilities, objective values, and statuses.","MinimumEigenOptimizer, MinimumEigenOptimizer.solve, GroverOptimizer, GroverOptimizer.solve, OptimizationApplication.sample_most_likely","qiskit_optimization/algorithms/grover_optimizer.py, qiskit_optimization/algorithms/minimum_eigen_optimizer.py, qiskit_optimization/algorithms/optimization_algorithm.py, qiskit_optimization/applications/optimization_application.py",Revised RQ2 annotation: Circuit-output semantic interpretation; category=Quantum Circuit Evaluation and Post-processing.,"Qiskit Optimization optimizers were still tied to legacy QuantumInstance and opflow-style result handling. Users needed primitives-based workflows to work with the optimization algorithms, including QAOA-style sampling minimum eigensolvers, sampler-backed Grover optimization, and a common helper for extracting the most likely bit string from sampled or statevector results."
qiskit_optimization_433_467,qiskit-community/qiskit-optimization,strong,medium,False,quantum_object_semantics,representation_equivalence_of_quantum_objects,quantum_object,problem_model_construction,quantum_problem_modeling,Quantum Problem Modeling,optimization_model_construction,Optimization model construction,"Qiskit Optimization's Ising translators still depended on the legacy opflow operator stack. Users needed the package to translate binary QuadraticProgram instances to modern SparsePauliOp operators and to rebuild quadratic programs from SparsePauliOp, Pauli, and related quantum_info operators while keeping the old opflow behavior available during migration.","Allow to_ising to return either legacy opflow operators or quantum_info operators, with SparsePauliOp support available through an explicit option. | Allow from_ising to accept SparsePauliOp and Pauli-style quantum_info operators as well as existing opflow operators.","to_ising, from_ising, QuadraticProgram.to_ising, QuadraticProgram.from_ising","qiskit_optimization/problems/quadratic_program.py, qiskit_optimization/translators/ising.py",Revised RQ2 annotation: Optimization model construction; category=Quantum Problem Modeling.,"Qiskit Optimization's Ising translators still depended on the legacy opflow operator stack. Users needed the package to translate binary QuadraticProgram instances to modern SparsePauliOp operators and to rebuild quadratic programs from SparsePauliOp, Pauli, and related quantum_info operators while keeping the old opflow behavior available during migration."
qiskit_optimization_473_487,qiskit-community/qiskit-optimization,strong,large,False,quantum_object_semantics,modeling_abstract_problems_as_quantum_objects,quantum_object,problem_model_construction,quantum_problem_modeling,Quantum Problem Modeling,optimization_model_construction,Optimization model construction,"Qiskit Optimization did not include Quantum Random Access Optimization (QRAO), so users could not encode binary quadratic optimization problems into quantum random access code relaxations, solve the relaxed Hamiltonian with primitive-based minimum eigensolvers, and round the relaxed result back to classical bit-string solutions from inside the package. The QRAO prototype needed to be integrated into the optimization algorithm stack with Qiskit primitives, SparsePauliOp-based operators, rounding schemes, tests, and public exports.","Add a qiskit_optimization.algorithms.qrao module that exposes QRAO encoding, rounding, and optimizer classes through the package public API. | Implement QuantumRandomAccessEncoding for 1, 2, and 3 variables per qubit, including QRAC operator assignment, encoded SparsePauliOp construction, offsets, compression metrics, and state preparation circuits.","QuantumRandomAccessEncoding, QuantumRandomAccessEncoding.encode, QuantumRandomAccessEncoding.state_preparation_circuit, EncodingCommutationVerifier, EncodingCommutationVerifier.__len__, EncodingCommutationVerifier.__iter__, RoundingContext, RoundingResult, MagicRounding, MagicRounding.round, MagicRounding._make_circuits, SemideterministicRounding, SemideterministicRounding.round, QuantumRandomAccessOptimizer, QuantumRandomAccessOptimizationResult, QuantumRandomAccessOptimizer.solve, QuantumRandomAccessOptimizer.solve_relaxed","qiskit_optimization/algorithms/__init__.py, qiskit_optimization/algorithms/optimization_algorithm.py, qiskit_optimization/algorithms/qrao/__init__.py, qiskit_optimization/algorithms/qrao/encoding_commutation_verifier.py, qiskit_optimization/algorithms/qrao/magic_rounding.py, qiskit_optimization/algorithms/qrao/quantum_random_access_encoding.py, qiskit_optimization/algorithms/qrao/quantum_random_access_optimizer.py, qiskit_optimization/algorithms/qrao/rounding_common.py, qiskit_optimization/algorithms/qrao/semideterministic_rounding.py",Revised RQ2 annotation: Optimization model construction; category=Quantum Problem Modeling.,"Qiskit Optimization did not include Quantum Random Access Optimization (QRAO), so users could not encode binary quadratic optimization problems into quantum random access code relaxations, solve the relaxed Hamiltonian with primitive-based minimum eigensolvers, and round the relaxed result back to classical bit-string solutions from inside the package. The QRAO prototype needed to be integrated into the optimization algorithm stack with Qiskit primitives, SparsePauliOp-based operators, rounding "
qiskit_optimization_628_646,qiskit-community/qiskit-optimization,medium,small,False,quantum_object_semantics,modeling_abstract_problems_as_quantum_objects,quantum_object,problem_model_construction,quantum_problem_modeling,Quantum Problem Modeling,optimization_model_construction,Optimization model construction,"The TSP application can model complete geometric traveling-salesman instances, but it assumes every pair of nodes is connected. Users who already have weighted NetworkX graphs cannot model sparse or otherwise custom TSP instances directly because missing edges are not represented as invalid transitions. The application should support arbitrary weighted graphs while preserving the existing complete-graph behavior.",The TSP application must accept weighted NetworkX graphs that are not complete. | The generated quadratic program must include binary variables for every node-position assignment.,"Tsp, Tsp.to_quadratic_program, Tsp.interpret, Tsp._edgelist, Tsp.create_random_instance, Tsp.parse_tsplib_format",qiskit_optimization/applications/tsp.py,Revised RQ2 annotation: Optimization model construction; category=Quantum Problem Modeling.,"The TSP application can model complete geometric traveling-salesman instances, but it assumes every pair of nodes is connected. Users who already have weighted NetworkX graphs cannot model sparse or otherwise custom TSP instances directly because missing edges are not represented as invalid transitions. The application should support arbitrary weighted graphs while preserving the existing complete-graph behavior."
qiskit_optimization_80_122,qiskit-community/qiskit-optimization,medium,large,True,quantum_object_semantics,modeling_abstract_problems_as_quantum_objects,quantum_object,problem_model_construction,quantum_problem_modeling,Quantum Problem Modeling,optimization_model_construction,Optimization model construction,"QuadraticProgram had built-in methods for translating to and from DOcplex models, but users needed a reusable translator interface that could live outside the core problem class. The optimization package should provide DOcplex MP translator functions that convert supported models both into and out of QuadraticProgram while rejecting unsupported DOcplex constructs with the package's optimization error.","Provide a qiskit_optimization.translators package that exposes DOcplex MP translator entry points. | Convert a DOcplex MP model with binary, integer, and continuous variables into an equivalent QuadraticProgram.","from_docplex_mp, to_docplex_mp, QuadraticProgram, QiskitOptimizationError","qiskit_optimization/algorithms/cplex_optimizer.py, qiskit_optimization/algorithms/gurobi_optimizer.py, qiskit_optimization/applications/clique.py, qiskit_optimization/applications/exact_cover.py, qiskit_optimization/applications/graph_partition.py, qiskit_optimization/applications/knapsack.py, qiskit_optimization/applications/max_cut.py, qiskit_optimization/applications/number_partition.py, qiskit_optimization/applications/set_packing.py, qiskit_optimization/applications/stable_set.py, qiskit_optimization/applications/tsp.py, qiskit_optimization/applications/vehicle_routing.py, qiskit_optimization/applications/vertex_cover.py, qiskit_optimization/problems/quadratic_program.py, qiskit_optimization/translators/__init__.py, qiskit_optimization/translators/docplex_mp.py, qiskit_optimization/translators/gurobipy.py",Revised RQ2 annotation: Optimization model construction; category=Quantum Problem Modeling.,"QuadraticProgram had built-in methods for translating to and from DOcplex models, but users needed a reusable translator interface that could live outside the core problem class. The optimization package should provide DOcplex MP translator functions that convert supported models both into and out of QuadraticProgram while rejecting unsupported DOcplex constructs with the package's optimization error."
qiskit_optimization_8_18,qiskit-community/qiskit-optimization,strong,large,True,quantum_circuit_mechanisms,circuit_evaluation_postprocessing,quantum_circuit,circuit_evaluation_postprocessing,quantum_circuit_evaluation_postprocessing,Quantum Circuit Evaluation and Post-processing,iterative_circuit_execution_control,Iterative circuit-execution control,"Qiskit Optimization users need native support for warm-start QAOA. The optimizer should be able to use a classical pre-solver or max-cut relaxation result to initialize QAOA with problem-dependent initial states and mixers, then return optimization results through the same result pathway as existing minimum-eigen optimizers.","Provide a warm-start QAOA optimizer that accepts a pre-solver, QAOA instance, relaxation mode, epsilon regularization, optional multiple initial solutions, optional warm-start factory, and optional aggregation strategy. | Use relaxed or pre-solved binary optimization results to construct valid warm-start initial variables, initial states, and mixer operators for QAOA.","WarmStartQAOAOptimizer, WarmStartQAOAOptimizer.solve, WarmStartQAOAFactory, MeanAggregator, GoemansWilliamsonOptimizer, max_cut_qp","qiskit_optimization/algorithms/__init__.py, qiskit_optimization/algorithms/goemans_williamson_optimizer.py, qiskit_optimization/algorithms/minimum_eigen_optimizer.py, qiskit_optimization/algorithms/warm_start_qaoa_optimizer.py, qiskit_optimization/applications/ising/max_cut.py",Revised RQ2 annotation: Iterative circuit-execution control; category=Quantum Circuit Evaluation and Post-processing.,"Qiskit Optimization users need native support for warm-start QAOA. The optimizer should be able to use a classical pre-solver or max-cut relaxation result to initialize QAOA with problem-dependent initial states and mixers, then return optimization results through the same result pathway as existing minimum-eigen optimizers."
tangelo_384_398,sandbox-quantum/Tangelo,medium,small,True,quantum_circuit_mechanisms,circuit_structure_construction,quantum_circuit,circuit_construction,quantum_circuit_construction,Quantum Circuit Construction,parameterized_circuit_construction,Parameterized circuit construction,"Tangelo ansatz generators currently expect string-based reference states such as Hartree-Fock or zero state, which makes it awkward to use custom prepared reference circuits for nonstandard mappings or handcrafted initial states. The ansatz workflow needs to accept a Tangelo Circuit object as the reference state for HEA construction, preserve its gates as the initialization prefix, and avoid treating variational parameters from the supplied reference circuit as ansatz optimization variables.","HEA must accept a Tangelo Circuit object as its reference_state input. | When a Circuit reference state is provided, HEA must prepend an equivalent copy of that circuit to the constructed ansatz circuit.","HEA, HEA.prepare_reference_state, Circuit.fix_variational_parameters","tangelo/linq/circuit.py, tangelo/toolboxes/ansatz_generator/hea.py",Revised RQ2 annotation: Parameterized circuit construction; category=Quantum Circuit Construction.,"Tangelo ansatz generators currently expect string-based reference states such as Hartree-Fock or zero state, which makes it awkward to use custom prepared reference circuits for nonstandard mappings or handcrafted initial states. The ansatz workflow needs to accept a Tangelo Circuit object as the reference state for HEA construction, preserve its gates as the initialization prefix, and avoid treating variational parameters from the supplied reference circuit as ansatz optimization variables."
tangelo_387_390,sandbox-quantum/Tangelo,medium,small,False,quantum_circuit_mechanisms,circuit_structure_construction,quantum_circuit,circuit_construction,quantum_circuit_construction,Quantum Circuit Construction,parameterized_circuit_construction,Parameterized circuit construction,"Tangelo can translate abstract circuits to Qiskit, but it still rejects multi-controlled controlled-rotation style gates even though Qiskit now supports native multi-controlled variants for these operations. Users working with Tangelo circuits that contain multi-controlled CRX, CRY, CRZ, or phase-style controlled rotations need the Qiskit translator to emit the equivalent native Qiskit circuit instead of raising an unsupported multi-control error.","Translating a Tangelo circuit to the qiskit backend must support multi-controlled CRX, CRY, CRZ, and controlled phase style rotation gates when the gate control field contains multiple qubits. | For these supported multi-controlled rotation and phase gates, the translated qiskit circuit must use the corresponding native multi-controlled Qiskit gate behavior rather than rejecting the gate.","translate_circuit, translate_c_to_qiskit, get_qiskit_gates",tangelo/linq/translator/translate_qiskit.py,Revised RQ2 annotation: Parameterized circuit construction; category=Quantum Circuit Construction.,"Tangelo can translate abstract circuits to Qiskit, but it still rejects multi-controlled controlled-rotation style gates even though Qiskit now supports native multi-controlled variants for these operations. Users working with Tangelo circuits that contain multi-controlled CRX, CRY, CRZ, or phase-style controlled rotations need the Qiskit translator to emit the equivalent native Qiskit circuit instead of raising an unsupported multi-control error."
