sample_id,setting,resolved,repo,quantum_depth,gold_solution_lines,gold_solution_files,engineering_complexity_score,engineering_complexity,strong,test_count,patch_z,tests_z
openfermion_151_352,mini-swe_gpt-5.5,1,quantumlib/OpenFermion,medium,85,1,-1.4117725109707369,small,0,10,-0.7854485493333659,-0.19782272353446417
openfermion_207_212,mini-swe_gpt-5.5,1,quantumlib/OpenFermion,strong,60,1,-1.7166390370268574,small,1,6,-0.9550629657993954,-0.9603726036024639
openfermion_246_306,mini-swe_gpt-5.5,0,quantumlib/OpenFermion,strong,180,6,1.3265297702705092,large,1,15,0.7380232123871494,0.4343273847868862
openfermion_258_262,mini-swe_gpt-5.5,0,quantumlib/OpenFermion,strong,55,2,-1.1200558185024878,small,1,8,-0.6231501258019679,-0.536376819055569
openfermion_259_283,mini-swe_gpt-5.5,1,quantumlib/OpenFermion,strong,124,2,-0.4073478567563112,medium,1,8,-0.2266305517900342,-0.536376819055569
openfermion_37_114,mini-swe_gpt-5.5,0,quantumlib/OpenFermion,medium,159,1,-0.8607277824781633,small,0,7,-0.4788713357604195,-0.7350900841516085
openfermion_457_549,mini-swe_gpt-5.5,0,quantumlib/OpenFermion,medium,68,1,-1.6072579220007603,small,0,10,-0.8942080919056972,-0.19782272353446417
openfermion_458_501,mini-swe_gpt-5.5,0,quantumlib/OpenFermion,strong,266,2,0.2662816915220689,medium,1,10,0.1481475001777956,-0.19782272353446417
openfermion_469_474,mini-swe_gpt-5.5,1,quantumlib/OpenFermion,medium,27,1,-2.4077848396644814,small,0,8,-1.33958629646426,-0.536376819055569
openfermion_46_61,mini-swe_gpt-5.5,1,quantumlib/OpenFermion,medium,267,3,0.7467408976720131,medium,0,6,0.4154540127722717,-0.9603726036024639
openfermion_542_589,mini-swe_gpt-5.5,1,quantumlib/OpenFermion,strong,80,2,-0.7924454384937873,small,1,8,-0.44088202260207476,-0.536376819055569
openfermion_752_753,mini-swe_gpt-5.5,1,quantumlib/OpenFermion,strong,421,1,9.326591834946107e-05,medium,1,18,5.1889082483783025e-05,0.7242581500382983
pennylane_166_588,mini-swe_gpt-5.5,1,PennyLaneAI/pennylane,medium,233,2,0.14918299339303848,medium,0,3,0.08299890020184725,-1.9045075530901028
pennylane_2492_3742,mini-swe_gpt-5.5,0,PennyLaneAI/pennylane,medium,47,1,-1.9293723180915965,small,0,8,-1.073418469755436,-0.536376819055569
pennylane_3982_3977,mini-swe_gpt-5.5,1,PennyLaneAI/pennylane,strong,112,1,-1.1694221345517037,small,1,9,-0.6506153873972143,-0.35862174624823706
pennylane_4881_4928,mini-swe_gpt-5.5,1,PennyLaneAI/pennylane,strong,109,2,-0.5208125741006229,medium,1,24,-0.28975736361422144,1.1872640605936275
pennylane_5759_5773,mini-swe_gpt-5.5,0,PennyLaneAI/pennylane,medium,176,5,1.0510245280380164,large,0,21,0.5847441315411457,0.9715947454040306
pennylane_5895_5920,mini-swe_gpt-5.5,1,PennyLaneAI/pennylane,medium,46,1,-1.9480592939223285,small,0,6,-1.0838150867341756,-0.9603726036024639
pennylane_991_1062,mini-swe_gpt-5.5,1,PennyLaneAI/pennylane,medium,12,1,-3.088799413600608,small,0,6,-1.718473054080196,-0.9603726036024639
qiskit_finance_54_57,mini-swe_gpt-5.5,1,qiskit-community/qiskit-finance,medium,61,1,-1.7022062220052714,small,0,11,-0.9470331780443507,-0.05102471713434138
qiskit_finance_72_112,mini-swe_gpt-5.5,1,qiskit-community/qiskit-finance,medium,30,3,-1.1678090121656968,small,0,19,-0.649717916573735,0.8107957226902569
qiskit_machine_learning_112_151,mini-swe_gpt-5.5,1,qiskit-community/qiskit-machine-learning,medium,64,5,0.1618616018678869,medium,0,41,0.09005272406989238,2.0625277012917924
qiskit_machine_learning_113_115,mini-swe_gpt-5.5,1,qiskit-community/qiskit-machine-learning,medium,46,5,-0.12593306292076112,medium,0,25,-0.07006365460126839,1.253433827119435
qiskit_machine_learning_226_219,mini-swe_gpt-5.5,0,qiskit-community/qiskit-machine-learning,medium,135,1,-1.0049793513819776,small,0,4,-0.5591266068144338,-1.5280392151867321
qiskit_machine_learning_227_244,mini-swe_gpt-5.5,0,qiskit-community/qiskit-machine-learning,strong,450,5,1.8812110954722763,large,1,23,1.0466236694979534,1.1183927518041534
qiskit_machine_learning_320_412,mini-swe_gpt-5.5,1,qiskit-community/qiskit-machine-learning,medium,108,2,-0.5289185534229176,medium,0,11,-0.2942671763851507,-0.05102471713434138
qiskit_machine_learning_326_360,mini-swe_gpt-5.5,1,qiskit-community/qiskit-machine-learning,medium,84,6,0.6556421438406321,medium,0,9,0.3647706459501373,-0.35862174624823706
qiskit_machine_learning_328_348,mini-swe_gpt-5.5,1,qiskit-community/qiskit-machine-learning,medium,61,1,-1.7022062220052714,small,0,4,-0.9470331780443507,-1.5280392151867321
qiskit_machine_learning_340_364,mini-swe_gpt-5.5,0,qiskit-community/qiskit-machine-learning,strong,305,3,0.8644348002269172,large,1,20,0.4809337584882216,0.8931102323532976
qiskit_machine_learning_367_540,mini-swe_gpt-5.5,1,qiskit-community/qiskit-machine-learning,medium,173,6,1.2915213454287657,large,0,19,0.7185460542099538,0.8107957226902569
qiskit_machine_learning_385_404,mini-swe_gpt-5.5,1,qiskit-community/qiskit-machine-learning,medium,31,1,-2.289262566945091,small,0,9,-1.2736456817776005,-0.35862174624823706
qiskit_machine_learning_387_398,mini-swe_gpt-5.5,1,qiskit-community/qiskit-machine-learning,medium,51,1,-1.8583265254759422,small,0,6,-1.033891694504773,-0.9603726036024639
qiskit_machine_learning_400_436,mini-swe_gpt-5.5,1,qiskit-community/qiskit-machine-learning,medium,509,7,2.4674765456799252,large,0,18,1.3727961539538542,0.7242581500382983
qiskit_machine_learning_401_470,mini-swe_gpt-5.5,0,qiskit-community/qiskit-machine-learning,medium,368,3,1.0306034966770588,large,0,19,0.5733827618206612,0.8107957226902569
qiskit_machine_learning_44_73,mini-swe_gpt-5.5,0,qiskit-community/qiskit-machine-learning,medium,200,4,0.8614940744822128,large,0,33,0.47929766715465605,1.7060254281665224
qiskit_machine_learning_505_569,mini-swe_gpt-5.5,0,qiskit-community/qiskit-machine-learning,medium,219,3,0.5715649467639573,medium,0,15,0.31799376655723727,0.4343273847868862
qiskit_machine_learning_551_548,mini-swe_gpt-5.5,0,qiskit-community/qiskit-machine-learning,medium,123,3,0.06266387595896887,medium,0,36,0.0348634430016881,1.8486832784198364
qiskit_machine_learning_557_558,mini-swe_gpt-5.5,0,qiskit-community/qiskit-machine-learning,medium,43,1,-2.0066034916048783,small,0,29,-1.1163865207182715,1.494861089707524
qiskit_machine_learning_597_609,mini-swe_gpt-5.5,1,qiskit-community/qiskit-machine-learning,medium,94,2,-0.650937607684588,small,0,6,-0.36215324755886885,-0.9603726036024639
qiskit_machine_learning_62_143,mini-swe_gpt-5.5,1,qiskit-community/qiskit-machine-learning,medium,27,1,-2.4077848396644814,small,0,17,-1.33958629646426,0.633040649882925
qiskit_machine_learning_638_639,mini-swe_gpt-5.5,1,qiskit-community/qiskit-machine-learning,medium,139,5,0.8428761758040135,large,0,18,0.4689394816858285,0.7242581500382983
qiskit_machine_learning_63_102,mini-swe_gpt-5.5,1,qiskit-community/qiskit-machine-learning,medium,104,2,-0.5621036733067326,medium,0,6,-0.31272992733804594,-0.9603726036024639
qiskit_machine_learning_90_117,mini-swe_gpt-5.5,1,qiskit-community/qiskit-machine-learning,medium,31,8,0.20535624115613738,medium,0,25,0.11425124122988722,1.253433827119435
qiskit_machine_learning_920_924,mini-swe_gpt-5.5,1,qiskit-community/qiskit-machine-learning,medium,131,4,0.48825622723189416,medium,0,5,0.271644434497863,-1.220442186072836
qiskit_machine_learning_960_1021,mini-swe_gpt-5.5,1,qiskit-community/qiskit-machine-learning,strong,168,2,-0.13966146284480135,medium,1,6,-0.07770153656965387,-0.9603726036024639
qiskit_nature_1257_1270,mini-swe_gpt-5.5,0,qiskit-community/qiskit-nature,strong,402,3,1.1088363614904493,large,1,27,0.6169081100622269,1.378462334274525
qiskit_nature_129_161,mini-swe_gpt-5.5,1,qiskit-community/qiskit-nature,strong,9,1,-3.3216735587274937,small,1,9,-1.8480340549112653,-0.35862174624823706
qiskit_nature_129_341,mini-swe_gpt-5.5,1,qiskit-community/qiskit-nature,strong,52,1,-1.8414193749193908,small,1,6,-1.024485294553783,-0.9603726036024639
qiskit_nature_1345_1356,mini-swe_gpt-5.5,1,qiskit-community/qiskit-nature,strong,218,3,0.5675212105360191,medium,1,32,0.3157440083777577,1.6556601124212968
qiskit_nature_167_220,mini-swe_gpt-5.5,0,qiskit-community/qiskit-nature,strong,527,8,2.693614897536842,large,1,8,1.498609653674515,-0.536376819055569
qiskit_nature_174_862,mini-swe_gpt-5.5,0,qiskit-community/qiskit-nature,strong,187,7,1.581680902006152,large,1,15,0.879978155357902,0.4343273847868862
qiskit_nature_22_35,mini-swe_gpt-5.5,0,qiskit-community/qiskit-nature,strong,470,2,0.7700910130901277,medium,1,11,0.4284449968999581,-0.05102471713434138
qiskit_nature_243_263,mini-swe_gpt-5.5,0,qiskit-community/qiskit-nature,strong,432,10,2.8503786779317677,large,1,10,1.5858261725841691,-0.19782272353446417
qiskit_nature_252_318,mini-swe_gpt-5.5,1,qiskit-community/qiskit-nature,medium,78,6,0.5906669073429984,medium,0,10,0.32862126292059574,-0.19782272353446417
qiskit_nature_271_286,mini-swe_gpt-5.5,0,qiskit-community/qiskit-nature,strong,7,1,-3.5197354550697564,small,1,8,-1.9582270413530236,-0.536376819055569
qiskit_nature_337_520,mini-swe_gpt-5.5,1,qiskit-community/qiskit-nature,strong,192,2,-0.021795940852246176,medium,1,24,-0.01212630929609253,1.1872640605936275
qiskit_nature_375_380,mini-swe_gpt-5.5,1,qiskit-community/qiskit-nature,medium,98,2,-0.6143304167982303,small,0,5,-0.3417866057993629,-1.220442186072836
qiskit_nature_3_25,mini-swe_gpt-5.5,0,qiskit-community/qiskit-nature,strong,543,7,2.5247608445465017,large,1,11,1.4046666352776431,-0.05102471713434138
qiskit_nature_42_49,mini-swe_gpt-5.5,0,qiskit-community/qiskit-nature,strong,387,9,2.5949016888392977,large,1,8,1.4436899368157308,-0.536376819055569
qiskit_nature_45_50,mini-swe_gpt-5.5,1,qiskit-community/qiskit-nature,strong,379,4,1.4267757292613634,large,1,11,0.793795684548233,-0.05102471713434138
qiskit_nature_460_482,mini-swe_gpt-5.5,0,qiskit-community/qiskit-nature,strong,302,2,0.3785488392219383,medium,1,21,0.21060803656975613,0.9715947454040306
qiskit_nature_465_472,mini-swe_gpt-5.5,1,qiskit-community/qiskit-nature,medium,14,1,-2.961783309874,small,0,7,-1.647806842889101,-0.7350900841516085
qiskit_nature_477_481,mini-swe_gpt-5.5,1,qiskit-community/qiskit-nature,medium,9,1,-3.3216735587274937,small,0,6,-1.8480340549112653,-0.9603726036024639
qiskit_nature_47_77,mini-swe_gpt-5.5,0,qiskit-community/qiskit-nature,strong,481,3,1.2677232081883598,large,1,7,0.7053058103129676,-0.7350900841516085
qiskit_nature_493_506,mini-swe_gpt-5.5,1,qiskit-community/qiskit-nature,medium,152,2,-0.22794272063766297,medium,0,5,-0.1268173716832371,-1.220442186072836
qiskit_nature_541_544,mini-swe_gpt-5.5,1,qiskit-community/qiskit-nature,medium,8,1,-3.415191401425101,small,0,6,-1.9000632970964064,-0.9603726036024639
qiskit_nature_563_620,mini-swe_gpt-5.5,1,qiskit-community/qiskit-nature,medium,204,7,1.6585185492142407,large,0,5,0.9227272654764183,-1.220442186072836
qiskit_nature_571_632,mini-swe_gpt-5.5,1,qiskit-community/qiskit-nature,medium,218,4,0.9376205825550574,large,0,9,0.5216511305256891,-0.35862174624823706
qiskit_nature_577_591,mini-swe_gpt-5.5,1,qiskit-community/qiskit-nature,strong,98,2,-0.6143304167982303,small,1,8,-0.3417866057993629,-0.536376819055569
qiskit_nature_582_1313,mini-swe_gpt-5.5,0,qiskit-community/qiskit-nature,strong,152,6,1.1773607452053574,large,1,12,0.6550320835527074,0.08401635818094032
qiskit_nature_665_756,mini-swe_gpt-5.5,0,qiskit-community/qiskit-nature,medium,171,2,-0.12404348980874397,medium,0,21,-0.06901237867107428,0.9715947454040306
qiskit_nature_669_731,mini-swe_gpt-5.5,0,qiskit-community/qiskit-nature,medium,130,2,-0.3657340531049745,medium,0,23,-0.20347844941079793,1.1183927518041534
qiskit_nature_683_684,mini-swe_gpt-5.5,1,qiskit-community/qiskit-nature,medium,232,8,1.9675079399258386,large,0,3,1.0946354637221454,-1.9045075530901028
qiskit_nature_6_624,mini-swe_gpt-5.5,1,qiskit-community/qiskit-nature,strong,181,2,-0.07388333297100758,medium,1,12,-0.04110545874142932,0.08401635818094032
qiskit_nature_715_716,mini-swe_gpt-5.5,1,qiskit-community/qiskit-nature,medium,20,1,-2.66313103487332,small,0,6,-1.4816497642298072,-0.9603726036024639
qiskit_nature_787_799,mini-swe_gpt-5.5,0,qiskit-community/qiskit-nature,strong,491,5,1.9584422689855572,large,1,26,1.0895917204607883,1.3171060169001922
qiskit_nature_795_1188,mini-swe_gpt-5.5,0,qiskit-community/qiskit-nature,strong,332,4,1.3095871886739512,large,1,23,0.7285971001533672,1.1183927518041534
qiskit_nature_828_891,mini-swe_gpt-5.5,0,qiskit-community/qiskit-nature,medium,119,3,0.03355967621490542,medium,0,24,0.018671137732360607,1.1872640605936275
qiskit_nature_82_96,mini-swe_gpt-5.5,0,qiskit-community/qiskit-nature,strong,281,4,1.1620368689767768,large,1,7,0.6465065482696705,-0.7350900841516085
qiskit_nature_847_1043,mini-swe_gpt-5.5,1,qiskit-community/qiskit-nature,strong,686,3,1.5822794224297119,large,1,12,0.8803111459741509,0.08401635818094032
qiskit_nature_848_858,mini-swe_gpt-5.5,1,qiskit-community/qiskit-nature,medium,105,3,-0.07654927695515104,medium,0,20,-0.04258867350774438,0.8931102323532976
qiskit_nature_861_904,mini-swe_gpt-5.5,1,qiskit-community/qiskit-nature,medium,10,1,-3.2370763797295434,small,0,21,-1.8009678802936944,0.9715947454040306
qiskit_nature_865_890,mini-swe_gpt-5.5,1,qiskit-community/qiskit-nature,medium,154,2,-0.21641530450101645,medium,0,6,-0.12040402094030092,-0.9603726036024639
qiskit_nature_866_870,mini-swe_gpt-5.5,1,qiskit-community/qiskit-nature,medium,391,6,2.0124347068081394,large,0,47,1.1196307541104513,2.287810220742648
qiskit_nature_881_903,mini-swe_gpt-5.5,1,qiskit-community/qiskit-nature,medium,287,2,0.33348339598622295,medium,0,14,0.1855355927167312,0.32544362076902933
qiskit_nature_918_1046,mini-swe_gpt-5.5,0,qiskit-community/qiskit-nature,strong,85,2,-0.7392799338710767,small,1,9,-0.4113030584587858,-0.35862174624823706
qiskit_nature_919_920,mini-swe_gpt-5.5,0,qiskit-community/qiskit-nature,strong,84,1,-1.4221538991020484,small,1,9,-0.7912243001603873,-0.35862174624823706
qiskit_nature_91_729,mini-swe_gpt-5.5,1,qiskit-community/qiskit-nature,strong,155,3,0.2664338213417917,medium,1,13,0.14823213856343004,0.2090448653360304
qiskit_nature_955_964,mini-swe_gpt-5.5,1,qiskit-community/qiskit-nature,medium,84,8,1.0724649089991796,large,0,20,0.5966726228471004,0.8931102323532976
qiskit_nature_956_1027,mini-swe_gpt-5.5,0,qiskit-community/qiskit-nature,medium,102,2,-0.5791734025919776,medium,0,16,-0.32222677899114266,0.5366079592280277
qiskit_nature_957_1038,mini-swe_gpt-5.5,0,qiskit-community/qiskit-nature,medium,350,2,0.5090732422465318,medium,0,15,0.2832261122240112,0.4343273847868862
qiskit_nature_958_1085,mini-swe_gpt-5.5,0,qiskit-community/qiskit-nature,strong,669,5,2.232531815176268,large,1,120,1.2420831698763217,3.8476970438981635
qiskit_nature_973_1018,mini-swe_gpt-5.5,0,qiskit-community/qiskit-nature,strong,180,3,0.39836738122973625,medium,1,11,0.22163420753495203,-0.05102471713434138
qiskit_nature_9_232,mini-swe_gpt-5.5,0,qiskit-community/qiskit-nature,strong,488,2,0.8033798607486109,medium,1,8,0.44696545745514804,-0.536376819055569
qiskit_optimization_133_139,mini-swe_gpt-5.5,1,qiskit-community/qiskit-optimization,medium,76,1,-1.5098893202619357,small,0,7,-0.8400364556172191,-0.7350900841516085
qiskit_optimization_13_163,mini-swe_gpt-5.5,1,qiskit-community/qiskit-optimization,medium,274,1,-0.3800068107956881,medium,0,10,-0.2114191882593319,-0.19782272353446417
qiskit_optimization_40_157,mini-swe_gpt-5.5,1,qiskit-community/qiskit-optimization,medium,294,3,0.831940042489458,large,0,24,0.4628550948738714,1.1872640605936275
qiskit_optimization_41_114,mini-swe_gpt-5.5,0,qiskit-community/qiskit-optimization,medium,211,11,2.36081339810875,large,0,14,1.3134534384128749,0.32544362076902933
qiskit_optimization_425_436,mini-swe_gpt-5.5,1,qiskit-community/qiskit-optimization,medium,239,4,1.0188954922962765,large,0,4,0.5668689396680037,-1.5280392151867321
qiskit_optimization_433_467,mini-swe_gpt-5.5,0,qiskit-community/qiskit-optimization,strong,111,2,-0.5048193744401559,medium,1,13,-0.2808594460142569,0.2090448653360304
qiskit_optimization_473_487,mini-swe_gpt-5.5,0,qiskit-community/qiskit-optimization,strong,1480,9,3.7838110996396512,large,1,19,2.1051471933816797,0.8107957226902569
qiskit_optimization_628_646,mini-swe_gpt-5.5,0,qiskit-community/qiskit-optimization,medium,20,1,-2.66313103487332,small,0,11,-1.4816497642298072,-0.05102471713434138
qiskit_optimization_80_122,mini-swe_gpt-5.5,1,qiskit-community/qiskit-optimization,medium,1060,17,4.462677722082305,large,0,8,2.482838924623695,-0.536376819055569
qiskit_optimization_8_18,mini-swe_gpt-5.5,1,qiskit-community/qiskit-optimization,strong,548,5,2.055740579806363,large,1,6,1.1437242499532634,-0.9603726036024639
tangelo_384_398,mini-swe_gpt-5.5,1,sandbox-quantum/Tangelo,medium,28,2,-1.7041452573924138,small,0,5,-0.9481119726235778,-1.220442186072836
tangelo_387_390,mini-swe_gpt-5.5,0,sandbox-quantum/Tangelo,medium,11,1,-3.159845206216262,small,0,4,-1.7579998293308592,-1.5280392151867321
tequila_400_411,mini-swe_gpt-5.5,1,tequilahub/tequila,strong,32,1,-2.2619496868137166,small,1,16,-1.2584499884838185,0.5366079592280277
tequila_403_407,mini-swe_gpt-5.5,1,tequilahub/tequila,strong,90,4,0.1581206717879453,medium,1,7,0.08797143400253778,-0.7350900841516085
tequila_406_409,mini-swe_gpt-5.5,1,tequilahub/tequila,strong,36,1,-2.160399223078648,small,1,7,-1.2019517468726433,-0.7350900841516085
qiskit_addon_sqd_148_230,mini-swe_gpt-5.5,1,Qiskit/qiskit-addon-sqd,strong,139,2,-0.3067574780978939,medium,1,4,-0.17066645957249876,-1.5280392151867321
qiskit_addon_sqd_265_343,mini-swe_gpt-5.5,1,Qiskit/qiskit-addon-sqd,medium,21,1,-2.621839935667211,small,0,6,-1.458677200505983,-0.9603726036024639
openqaoa_36_71,mini-swe_gpt-5.5,1,entropicalabs/openqaoa,medium,311,1,-0.2679633884977829,medium,0,7,-0.1490831229071857,-0.7350900841516085
squlearn_274_279,mini-swe_gpt-5.5,0,sQUlearn/squlearn,medium,276,14,2.968284347944471,large,0,11,1.6514237364622038,-0.05102471713434138
squlearn_112_154,mini-swe_gpt-5.5,0,sQUlearn/squlearn,medium,287,11,2.632750703790038,large,0,11,1.464747475233386,-0.05102471713434138
openqaoa_112_85,mini-swe_gpt-5.5,0,entropicalabs/openqaoa,strong,211,4,0.9087865391262202,large,1,9,0.5056091284278987,-0.35862174624823706
openqaoa_232_241,mini-swe_gpt-5.5,1,entropicalabs/openqaoa,strong,34,1,-2.209722943322219,small,1,11,-1.2293933100225016,-0.05102471713434138
squlearn_266_301,mini-swe_gpt-5.5,0,sQUlearn/squlearn,medium,2159,35,6.243301968112026,large,0,36,3.473500465405638,1.8486832784198364
squlearn_62_99,mini-swe_gpt-5.5,0,sQUlearn/squlearn,medium,186,5,1.0998059549598023,large,0,11,0.6118839863778026,-0.05102471713434138
squlearn_275_339,mini-swe_gpt-5.5,0,sQUlearn/squlearn,medium,230,16,3.0146885601268836,large,0,30,1.6772410128706896,1.5501812189499562
openfermion_151_352,mini-swe_glm-5.2,1,quantumlib/OpenFermion,medium,85,1,-1.4117725109707369,small,0,10,-0.7854485493333659,-0.19782272353446417
openfermion_207_212,mini-swe_glm-5.2,0,quantumlib/OpenFermion,strong,60,1,-1.7166390370268574,small,1,6,-0.9550629657993954,-0.9603726036024639
openfermion_246_306,mini-swe_glm-5.2,1,quantumlib/OpenFermion,strong,180,6,1.3265297702705092,large,1,15,0.7380232123871494,0.4343273847868862
openfermion_258_262,mini-swe_glm-5.2,0,quantumlib/OpenFermion,strong,55,2,-1.1200558185024878,small,1,8,-0.6231501258019679,-0.536376819055569
openfermion_259_283,mini-swe_glm-5.2,1,quantumlib/OpenFermion,strong,124,2,-0.4073478567563112,medium,1,8,-0.2266305517900342,-0.536376819055569
openfermion_37_114,mini-swe_glm-5.2,0,quantumlib/OpenFermion,medium,159,1,-0.8607277824781633,small,0,7,-0.4788713357604195,-0.7350900841516085
openfermion_457_549,mini-swe_glm-5.2,1,quantumlib/OpenFermion,medium,68,1,-1.6072579220007603,small,0,10,-0.8942080919056972,-0.19782272353446417
openfermion_458_501,mini-swe_glm-5.2,0,quantumlib/OpenFermion,strong,266,2,0.2662816915220689,medium,1,10,0.1481475001777956,-0.19782272353446417
openfermion_469_474,mini-swe_glm-5.2,1,quantumlib/OpenFermion,medium,27,1,-2.4077848396644814,small,0,8,-1.33958629646426,-0.536376819055569
openfermion_46_61,mini-swe_glm-5.2,1,quantumlib/OpenFermion,medium,267,3,0.7467408976720131,medium,0,6,0.4154540127722717,-0.9603726036024639
openfermion_542_589,mini-swe_glm-5.2,1,quantumlib/OpenFermion,strong,80,2,-0.7924454384937873,small,1,8,-0.44088202260207476,-0.536376819055569
openfermion_752_753,mini-swe_glm-5.2,1,quantumlib/OpenFermion,strong,421,1,9.326591834946107e-05,medium,1,18,5.1889082483783025e-05,0.7242581500382983
pennylane_166_588,mini-swe_glm-5.2,0,PennyLaneAI/pennylane,medium,233,2,0.14918299339303848,medium,0,3,0.08299890020184725,-1.9045075530901028
pennylane_2492_3742,mini-swe_glm-5.2,1,PennyLaneAI/pennylane,medium,47,1,-1.9293723180915965,small,0,8,-1.073418469755436,-0.536376819055569
pennylane_3982_3977,mini-swe_glm-5.2,1,PennyLaneAI/pennylane,strong,112,1,-1.1694221345517037,small,1,9,-0.6506153873972143,-0.35862174624823706
pennylane_4881_4928,mini-swe_glm-5.2,1,PennyLaneAI/pennylane,strong,109,2,-0.5208125741006229,medium,1,24,-0.28975736361422144,1.1872640605936275
pennylane_5759_5773,mini-swe_glm-5.2,0,PennyLaneAI/pennylane,medium,176,5,1.0510245280380164,large,0,21,0.5847441315411457,0.9715947454040306
pennylane_5895_5920,mini-swe_glm-5.2,1,PennyLaneAI/pennylane,medium,46,1,-1.9480592939223285,small,0,6,-1.0838150867341756,-0.9603726036024639
pennylane_991_1062,mini-swe_glm-5.2,1,PennyLaneAI/pennylane,medium,12,1,-3.088799413600608,small,0,6,-1.718473054080196,-0.9603726036024639
qiskit_finance_54_57,mini-swe_glm-5.2,0,qiskit-community/qiskit-finance,medium,61,1,-1.7022062220052714,small,0,11,-0.9470331780443507,-0.05102471713434138
qiskit_finance_72_112,mini-swe_glm-5.2,1,qiskit-community/qiskit-finance,medium,30,3,-1.1678090121656968,small,0,19,-0.649717916573735,0.8107957226902569
qiskit_machine_learning_112_151,mini-swe_glm-5.2,1,qiskit-community/qiskit-machine-learning,medium,64,5,0.1618616018678869,medium,0,41,0.09005272406989238,2.0625277012917924
qiskit_machine_learning_113_115,mini-swe_glm-5.2,1,qiskit-community/qiskit-machine-learning,medium,46,5,-0.12593306292076112,medium,0,25,-0.07006365460126839,1.253433827119435
qiskit_machine_learning_226_219,mini-swe_glm-5.2,1,qiskit-community/qiskit-machine-learning,medium,135,1,-1.0049793513819776,small,0,4,-0.5591266068144338,-1.5280392151867321
qiskit_machine_learning_227_244,mini-swe_glm-5.2,0,qiskit-community/qiskit-machine-learning,strong,450,5,1.8812110954722763,large,1,23,1.0466236694979534,1.1183927518041534
qiskit_machine_learning_320_412,mini-swe_glm-5.2,1,qiskit-community/qiskit-machine-learning,medium,108,2,-0.5289185534229176,medium,0,11,-0.2942671763851507,-0.05102471713434138
qiskit_machine_learning_326_360,mini-swe_glm-5.2,1,qiskit-community/qiskit-machine-learning,medium,84,6,0.6556421438406321,medium,0,9,0.3647706459501373,-0.35862174624823706
qiskit_machine_learning_328_348,mini-swe_glm-5.2,1,qiskit-community/qiskit-machine-learning,medium,61,1,-1.7022062220052714,small,0,4,-0.9470331780443507,-1.5280392151867321
qiskit_machine_learning_340_364,mini-swe_glm-5.2,0,qiskit-community/qiskit-machine-learning,strong,305,3,0.8644348002269172,large,1,20,0.4809337584882216,0.8931102323532976
qiskit_machine_learning_367_540,mini-swe_glm-5.2,1,qiskit-community/qiskit-machine-learning,medium,173,6,1.2915213454287657,large,0,19,0.7185460542099538,0.8107957226902569
qiskit_machine_learning_385_404,mini-swe_glm-5.2,1,qiskit-community/qiskit-machine-learning,medium,31,1,-2.289262566945091,small,0,9,-1.2736456817776005,-0.35862174624823706
qiskit_machine_learning_387_398,mini-swe_glm-5.2,1,qiskit-community/qiskit-machine-learning,medium,51,1,-1.8583265254759422,small,0,6,-1.033891694504773,-0.9603726036024639
qiskit_machine_learning_400_436,mini-swe_glm-5.2,1,qiskit-community/qiskit-machine-learning,medium,509,7,2.4674765456799252,large,0,18,1.3727961539538542,0.7242581500382983
qiskit_machine_learning_401_470,mini-swe_glm-5.2,0,qiskit-community/qiskit-machine-learning,medium,368,3,1.0306034966770588,large,0,19,0.5733827618206612,0.8107957226902569
qiskit_machine_learning_44_73,mini-swe_glm-5.2,0,qiskit-community/qiskit-machine-learning,medium,200,4,0.8614940744822128,large,0,33,0.47929766715465605,1.7060254281665224
qiskit_machine_learning_505_569,mini-swe_glm-5.2,0,qiskit-community/qiskit-machine-learning,medium,219,3,0.5715649467639573,medium,0,15,0.31799376655723727,0.4343273847868862
qiskit_machine_learning_551_548,mini-swe_glm-5.2,0,qiskit-community/qiskit-machine-learning,medium,123,3,0.06266387595896887,medium,0,36,0.0348634430016881,1.8486832784198364
qiskit_machine_learning_557_558,mini-swe_glm-5.2,0,qiskit-community/qiskit-machine-learning,medium,43,1,-2.0066034916048783,small,0,29,-1.1163865207182715,1.494861089707524
qiskit_machine_learning_597_609,mini-swe_glm-5.2,1,qiskit-community/qiskit-machine-learning,medium,94,2,-0.650937607684588,small,0,6,-0.36215324755886885,-0.9603726036024639
qiskit_machine_learning_62_143,mini-swe_glm-5.2,1,qiskit-community/qiskit-machine-learning,medium,27,1,-2.4077848396644814,small,0,17,-1.33958629646426,0.633040649882925
qiskit_machine_learning_638_639,mini-swe_glm-5.2,1,qiskit-community/qiskit-machine-learning,medium,139,5,0.8428761758040135,large,0,18,0.4689394816858285,0.7242581500382983
qiskit_machine_learning_63_102,mini-swe_glm-5.2,1,qiskit-community/qiskit-machine-learning,medium,104,2,-0.5621036733067326,medium,0,6,-0.31272992733804594,-0.9603726036024639
qiskit_machine_learning_90_117,mini-swe_glm-5.2,1,qiskit-community/qiskit-machine-learning,medium,31,8,0.20535624115613738,medium,0,25,0.11425124122988722,1.253433827119435
qiskit_machine_learning_920_924,mini-swe_glm-5.2,1,qiskit-community/qiskit-machine-learning,medium,131,4,0.48825622723189416,medium,0,5,0.271644434497863,-1.220442186072836
qiskit_machine_learning_960_1021,mini-swe_glm-5.2,1,qiskit-community/qiskit-machine-learning,strong,168,2,-0.13966146284480135,medium,1,6,-0.07770153656965387,-0.9603726036024639
qiskit_nature_1257_1270,mini-swe_glm-5.2,0,qiskit-community/qiskit-nature,strong,402,3,1.1088363614904493,large,1,27,0.6169081100622269,1.378462334274525
qiskit_nature_129_161,mini-swe_glm-5.2,1,qiskit-community/qiskit-nature,strong,9,1,-3.3216735587274937,small,1,9,-1.8480340549112653,-0.35862174624823706
qiskit_nature_129_341,mini-swe_glm-5.2,0,qiskit-community/qiskit-nature,strong,52,1,-1.8414193749193908,small,1,6,-1.024485294553783,-0.9603726036024639
qiskit_nature_1345_1356,mini-swe_glm-5.2,1,qiskit-community/qiskit-nature,strong,218,3,0.5675212105360191,medium,1,32,0.3157440083777577,1.6556601124212968
qiskit_nature_167_220,mini-swe_glm-5.2,0,qiskit-community/qiskit-nature,strong,527,8,2.693614897536842,large,1,8,1.498609653674515,-0.536376819055569
qiskit_nature_174_862,mini-swe_glm-5.2,0,qiskit-community/qiskit-nature,strong,187,7,1.581680902006152,large,1,15,0.879978155357902,0.4343273847868862
qiskit_nature_22_35,mini-swe_glm-5.2,0,qiskit-community/qiskit-nature,strong,470,2,0.7700910130901277,medium,1,11,0.4284449968999581,-0.05102471713434138
qiskit_nature_243_263,mini-swe_glm-5.2,0,qiskit-community/qiskit-nature,strong,432,10,2.8503786779317677,large,1,10,1.5858261725841691,-0.19782272353446417
qiskit_nature_252_318,mini-swe_glm-5.2,0,qiskit-community/qiskit-nature,medium,78,6,0.5906669073429984,medium,0,10,0.32862126292059574,-0.19782272353446417
qiskit_nature_271_286,mini-swe_glm-5.2,0,qiskit-community/qiskit-nature,strong,7,1,-3.5197354550697564,small,1,8,-1.9582270413530236,-0.536376819055569
qiskit_nature_337_520,mini-swe_glm-5.2,0,qiskit-community/qiskit-nature,strong,192,2,-0.021795940852246176,medium,1,24,-0.01212630929609253,1.1872640605936275
qiskit_nature_375_380,mini-swe_glm-5.2,1,qiskit-community/qiskit-nature,medium,98,2,-0.6143304167982303,small,0,5,-0.3417866057993629,-1.220442186072836
qiskit_nature_3_25,mini-swe_glm-5.2,0,qiskit-community/qiskit-nature,strong,543,7,2.5247608445465017,large,1,11,1.4046666352776431,-0.05102471713434138
qiskit_nature_42_49,mini-swe_glm-5.2,0,qiskit-community/qiskit-nature,strong,387,9,2.5949016888392977,large,1,8,1.4436899368157308,-0.536376819055569
qiskit_nature_45_50,mini-swe_glm-5.2,0,qiskit-community/qiskit-nature,strong,379,4,1.4267757292613634,large,1,11,0.793795684548233,-0.05102471713434138
qiskit_nature_460_482,mini-swe_glm-5.2,0,qiskit-community/qiskit-nature,strong,302,2,0.3785488392219383,medium,1,21,0.21060803656975613,0.9715947454040306
qiskit_nature_465_472,mini-swe_glm-5.2,1,qiskit-community/qiskit-nature,medium,14,1,-2.961783309874,small,0,7,-1.647806842889101,-0.7350900841516085
qiskit_nature_477_481,mini-swe_glm-5.2,1,qiskit-community/qiskit-nature,medium,9,1,-3.3216735587274937,small,0,6,-1.8480340549112653,-0.9603726036024639
qiskit_nature_47_77,mini-swe_glm-5.2,0,qiskit-community/qiskit-nature,strong,481,3,1.2677232081883598,large,1,7,0.7053058103129676,-0.7350900841516085
qiskit_nature_493_506,mini-swe_glm-5.2,1,qiskit-community/qiskit-nature,medium,152,2,-0.22794272063766297,medium,0,5,-0.1268173716832371,-1.220442186072836
qiskit_nature_541_544,mini-swe_glm-5.2,0,qiskit-community/qiskit-nature,medium,8,1,-3.415191401425101,small,0,6,-1.9000632970964064,-0.9603726036024639
qiskit_nature_563_620,mini-swe_glm-5.2,1,qiskit-community/qiskit-nature,medium,204,7,1.6585185492142407,large,0,5,0.9227272654764183,-1.220442186072836
qiskit_nature_571_632,mini-swe_glm-5.2,1,qiskit-community/qiskit-nature,medium,218,4,0.9376205825550574,large,0,9,0.5216511305256891,-0.35862174624823706
qiskit_nature_577_591,mini-swe_glm-5.2,1,qiskit-community/qiskit-nature,strong,98,2,-0.6143304167982303,small,1,8,-0.3417866057993629,-0.536376819055569
qiskit_nature_582_1313,mini-swe_glm-5.2,0,qiskit-community/qiskit-nature,strong,152,6,1.1773607452053574,large,1,12,0.6550320835527074,0.08401635818094032
qiskit_nature_665_756,mini-swe_glm-5.2,0,qiskit-community/qiskit-nature,medium,171,2,-0.12404348980874397,medium,0,21,-0.06901237867107428,0.9715947454040306
qiskit_nature_669_731,mini-swe_glm-5.2,1,qiskit-community/qiskit-nature,medium,130,2,-0.3657340531049745,medium,0,23,-0.20347844941079793,1.1183927518041534
qiskit_nature_683_684,mini-swe_glm-5.2,1,qiskit-community/qiskit-nature,medium,232,8,1.9675079399258386,large,0,3,1.0946354637221454,-1.9045075530901028
qiskit_nature_6_624,mini-swe_glm-5.2,1,qiskit-community/qiskit-nature,strong,181,2,-0.07388333297100758,medium,1,12,-0.04110545874142932,0.08401635818094032
qiskit_nature_715_716,mini-swe_glm-5.2,0,qiskit-community/qiskit-nature,medium,20,1,-2.66313103487332,small,0,6,-1.4816497642298072,-0.9603726036024639
qiskit_nature_787_799,mini-swe_glm-5.2,0,qiskit-community/qiskit-nature,strong,491,5,1.9584422689855572,large,1,26,1.0895917204607883,1.3171060169001922
qiskit_nature_795_1188,mini-swe_glm-5.2,0,qiskit-community/qiskit-nature,strong,332,4,1.3095871886739512,large,1,23,0.7285971001533672,1.1183927518041534
qiskit_nature_828_891,mini-swe_glm-5.2,0,qiskit-community/qiskit-nature,medium,119,3,0.03355967621490542,medium,0,24,0.018671137732360607,1.1872640605936275
qiskit_nature_82_96,mini-swe_glm-5.2,0,qiskit-community/qiskit-nature,strong,281,4,1.1620368689767768,large,1,7,0.6465065482696705,-0.7350900841516085
qiskit_nature_847_1043,mini-swe_glm-5.2,0,qiskit-community/qiskit-nature,strong,686,3,1.5822794224297119,large,1,12,0.8803111459741509,0.08401635818094032
qiskit_nature_848_858,mini-swe_glm-5.2,1,qiskit-community/qiskit-nature,medium,105,3,-0.07654927695515104,medium,0,20,-0.04258867350774438,0.8931102323532976
qiskit_nature_861_904,mini-swe_glm-5.2,1,qiskit-community/qiskit-nature,medium,10,1,-3.2370763797295434,small,0,21,-1.8009678802936944,0.9715947454040306
qiskit_nature_865_890,mini-swe_glm-5.2,1,qiskit-community/qiskit-nature,medium,154,2,-0.21641530450101645,medium,0,6,-0.12040402094030092,-0.9603726036024639
qiskit_nature_866_870,mini-swe_glm-5.2,1,qiskit-community/qiskit-nature,medium,391,6,2.0124347068081394,large,0,47,1.1196307541104513,2.287810220742648
qiskit_nature_881_903,mini-swe_glm-5.2,1,qiskit-community/qiskit-nature,medium,287,2,0.33348339598622295,medium,0,14,0.1855355927167312,0.32544362076902933
qiskit_nature_918_1046,mini-swe_glm-5.2,0,qiskit-community/qiskit-nature,strong,85,2,-0.7392799338710767,small,1,9,-0.4113030584587858,-0.35862174624823706
qiskit_nature_919_920,mini-swe_glm-5.2,0,qiskit-community/qiskit-nature,strong,84,1,-1.4221538991020484,small,1,9,-0.7912243001603873,-0.35862174624823706
qiskit_nature_91_729,mini-swe_glm-5.2,1,qiskit-community/qiskit-nature,strong,155,3,0.2664338213417917,medium,1,13,0.14823213856343004,0.2090448653360304
qiskit_nature_955_964,mini-swe_glm-5.2,1,qiskit-community/qiskit-nature,medium,84,8,1.0724649089991796,large,0,20,0.5966726228471004,0.8931102323532976
qiskit_nature_956_1027,mini-swe_glm-5.2,0,qiskit-community/qiskit-nature,medium,102,2,-0.5791734025919776,medium,0,16,-0.32222677899114266,0.5366079592280277
qiskit_nature_957_1038,mini-swe_glm-5.2,0,qiskit-community/qiskit-nature,medium,350,2,0.5090732422465318,medium,0,15,0.2832261122240112,0.4343273847868862
qiskit_nature_958_1085,mini-swe_glm-5.2,0,qiskit-community/qiskit-nature,strong,669,5,2.232531815176268,large,1,120,1.2420831698763217,3.8476970438981635
qiskit_nature_973_1018,mini-swe_glm-5.2,0,qiskit-community/qiskit-nature,strong,180,3,0.39836738122973625,medium,1,11,0.22163420753495203,-0.05102471713434138
qiskit_nature_9_232,mini-swe_glm-5.2,0,qiskit-community/qiskit-nature,strong,488,2,0.8033798607486109,medium,1,8,0.44696545745514804,-0.536376819055569
qiskit_optimization_133_139,mini-swe_glm-5.2,1,qiskit-community/qiskit-optimization,medium,76,1,-1.5098893202619357,small,0,7,-0.8400364556172191,-0.7350900841516085
qiskit_optimization_13_163,mini-swe_glm-5.2,0,qiskit-community/qiskit-optimization,medium,274,1,-0.3800068107956881,medium,0,10,-0.2114191882593319,-0.19782272353446417
qiskit_optimization_40_157,mini-swe_glm-5.2,0,qiskit-community/qiskit-optimization,medium,294,3,0.831940042489458,large,0,24,0.4628550948738714,1.1872640605936275
qiskit_optimization_41_114,mini-swe_glm-5.2,0,qiskit-community/qiskit-optimization,medium,211,11,2.36081339810875,large,0,14,1.3134534384128749,0.32544362076902933
qiskit_optimization_425_436,mini-swe_glm-5.2,1,qiskit-community/qiskit-optimization,medium,239,4,1.0188954922962765,large,0,4,0.5668689396680037,-1.5280392151867321
qiskit_optimization_433_467,mini-swe_glm-5.2,0,qiskit-community/qiskit-optimization,strong,111,2,-0.5048193744401559,medium,1,13,-0.2808594460142569,0.2090448653360304
qiskit_optimization_473_487,mini-swe_glm-5.2,0,qiskit-community/qiskit-optimization,strong,1480,9,3.7838110996396512,large,1,19,2.1051471933816797,0.8107957226902569
qiskit_optimization_628_646,mini-swe_glm-5.2,0,qiskit-community/qiskit-optimization,medium,20,1,-2.66313103487332,small,0,11,-1.4816497642298072,-0.05102471713434138
qiskit_optimization_80_122,mini-swe_glm-5.2,1,qiskit-community/qiskit-optimization,medium,1060,17,4.462677722082305,large,0,8,2.482838924623695,-0.536376819055569
qiskit_optimization_8_18,mini-swe_glm-5.2,0,qiskit-community/qiskit-optimization,strong,548,5,2.055740579806363,large,1,6,1.1437242499532634,-0.9603726036024639
tangelo_384_398,mini-swe_glm-5.2,1,sandbox-quantum/Tangelo,medium,28,2,-1.7041452573924138,small,0,5,-0.9481119726235778,-1.220442186072836
tangelo_387_390,mini-swe_glm-5.2,0,sandbox-quantum/Tangelo,medium,11,1,-3.159845206216262,small,0,4,-1.7579998293308592,-1.5280392151867321
tequila_400_411,mini-swe_glm-5.2,1,tequilahub/tequila,strong,32,1,-2.2619496868137166,small,1,16,-1.2584499884838185,0.5366079592280277
tequila_403_407,mini-swe_glm-5.2,0,tequilahub/tequila,strong,90,4,0.1581206717879453,medium,1,7,0.08797143400253778,-0.7350900841516085
tequila_406_409,mini-swe_glm-5.2,1,tequilahub/tequila,strong,36,1,-2.160399223078648,small,1,7,-1.2019517468726433,-0.7350900841516085
qiskit_addon_sqd_148_230,mini-swe_glm-5.2,1,Qiskit/qiskit-addon-sqd,strong,139,2,-0.3067574780978939,medium,1,4,-0.17066645957249876,-1.5280392151867321
qiskit_addon_sqd_265_343,mini-swe_glm-5.2,1,Qiskit/qiskit-addon-sqd,medium,21,1,-2.621839935667211,small,0,6,-1.458677200505983,-0.9603726036024639
openqaoa_36_71,mini-swe_glm-5.2,0,entropicalabs/openqaoa,medium,311,1,-0.2679633884977829,medium,0,7,-0.1490831229071857,-0.7350900841516085
squlearn_274_279,mini-swe_glm-5.2,0,sQUlearn/squlearn,medium,276,14,2.968284347944471,large,0,11,1.6514237364622038,-0.05102471713434138
squlearn_112_154,mini-swe_glm-5.2,0,sQUlearn/squlearn,medium,287,11,2.632750703790038,large,0,11,1.464747475233386,-0.05102471713434138
openqaoa_112_85,mini-swe_glm-5.2,0,entropicalabs/openqaoa,strong,211,4,0.9087865391262202,large,1,9,0.5056091284278987,-0.35862174624823706
openqaoa_232_241,mini-swe_glm-5.2,1,entropicalabs/openqaoa,strong,34,1,-2.209722943322219,small,1,11,-1.2293933100225016,-0.05102471713434138
squlearn_266_301,mini-swe_glm-5.2,0,sQUlearn/squlearn,medium,2159,35,6.243301968112026,large,0,36,3.473500465405638,1.8486832784198364
squlearn_62_99,mini-swe_glm-5.2,0,sQUlearn/squlearn,medium,186,5,1.0998059549598023,large,0,11,0.6118839863778026,-0.05102471713434138
squlearn_275_339,mini-swe_glm-5.2,0,sQUlearn/squlearn,medium,230,16,3.0146885601268836,large,0,30,1.6772410128706896,1.5501812189499562
openfermion_151_352,mini-swe_gemini-3-flash-preview,1,quantumlib/OpenFermion,medium,85,1,-1.4117725109707369,small,0,10,-0.7854485493333659,-0.19782272353446417
openfermion_207_212,mini-swe_gemini-3-flash-preview,1,quantumlib/OpenFermion,strong,60,1,-1.7166390370268574,small,1,6,-0.9550629657993954,-0.9603726036024639
openfermion_246_306,mini-swe_gemini-3-flash-preview,0,quantumlib/OpenFermion,strong,180,6,1.3265297702705092,large,1,15,0.7380232123871494,0.4343273847868862
openfermion_258_262,mini-swe_gemini-3-flash-preview,0,quantumlib/OpenFermion,strong,55,2,-1.1200558185024878,small,1,8,-0.6231501258019679,-0.536376819055569
openfermion_259_283,mini-swe_gemini-3-flash-preview,1,quantumlib/OpenFermion,strong,124,2,-0.4073478567563112,medium,1,8,-0.2266305517900342,-0.536376819055569
openfermion_37_114,mini-swe_gemini-3-flash-preview,0,quantumlib/OpenFermion,medium,159,1,-0.8607277824781633,small,0,7,-0.4788713357604195,-0.7350900841516085
openfermion_457_549,mini-swe_gemini-3-flash-preview,1,quantumlib/OpenFermion,medium,68,1,-1.6072579220007603,small,0,10,-0.8942080919056972,-0.19782272353446417
openfermion_458_501,mini-swe_gemini-3-flash-preview,0,quantumlib/OpenFermion,strong,266,2,0.2662816915220689,medium,1,10,0.1481475001777956,-0.19782272353446417
openfermion_469_474,mini-swe_gemini-3-flash-preview,1,quantumlib/OpenFermion,medium,27,1,-2.4077848396644814,small,0,8,-1.33958629646426,-0.536376819055569
openfermion_46_61,mini-swe_gemini-3-flash-preview,0,quantumlib/OpenFermion,medium,267,3,0.7467408976720131,medium,0,6,0.4154540127722717,-0.9603726036024639
openfermion_542_589,mini-swe_gemini-3-flash-preview,1,quantumlib/OpenFermion,strong,80,2,-0.7924454384937873,small,1,8,-0.44088202260207476,-0.536376819055569
openfermion_752_753,mini-swe_gemini-3-flash-preview,1,quantumlib/OpenFermion,strong,421,1,9.326591834946107e-05,medium,1,18,5.1889082483783025e-05,0.7242581500382983
pennylane_166_588,mini-swe_gemini-3-flash-preview,1,PennyLaneAI/pennylane,medium,233,2,0.14918299339303848,medium,0,3,0.08299890020184725,-1.9045075530901028
pennylane_2492_3742,mini-swe_gemini-3-flash-preview,0,PennyLaneAI/pennylane,medium,47,1,-1.9293723180915965,small,0,8,-1.073418469755436,-0.536376819055569
pennylane_3982_3977,mini-swe_gemini-3-flash-preview,0,PennyLaneAI/pennylane,strong,112,1,-1.1694221345517037,small,1,9,-0.6506153873972143,-0.35862174624823706
pennylane_4881_4928,mini-swe_gemini-3-flash-preview,0,PennyLaneAI/pennylane,strong,109,2,-0.5208125741006229,medium,1,24,-0.28975736361422144,1.1872640605936275
pennylane_5759_5773,mini-swe_gemini-3-flash-preview,0,PennyLaneAI/pennylane,medium,176,5,1.0510245280380164,large,0,21,0.5847441315411457,0.9715947454040306
pennylane_5895_5920,mini-swe_gemini-3-flash-preview,1,PennyLaneAI/pennylane,medium,46,1,-1.9480592939223285,small,0,6,-1.0838150867341756,-0.9603726036024639
pennylane_991_1062,mini-swe_gemini-3-flash-preview,1,PennyLaneAI/pennylane,medium,12,1,-3.088799413600608,small,0,6,-1.718473054080196,-0.9603726036024639
qiskit_finance_54_57,mini-swe_gemini-3-flash-preview,0,qiskit-community/qiskit-finance,medium,61,1,-1.7022062220052714,small,0,11,-0.9470331780443507,-0.05102471713434138
qiskit_finance_72_112,mini-swe_gemini-3-flash-preview,1,qiskit-community/qiskit-finance,medium,30,3,-1.1678090121656968,small,0,19,-0.649717916573735,0.8107957226902569
qiskit_machine_learning_112_151,mini-swe_gemini-3-flash-preview,1,qiskit-community/qiskit-machine-learning,medium,64,5,0.1618616018678869,medium,0,41,0.09005272406989238,2.0625277012917924
qiskit_machine_learning_113_115,mini-swe_gemini-3-flash-preview,1,qiskit-community/qiskit-machine-learning,medium,46,5,-0.12593306292076112,medium,0,25,-0.07006365460126839,1.253433827119435
qiskit_machine_learning_226_219,mini-swe_gemini-3-flash-preview,1,qiskit-community/qiskit-machine-learning,medium,135,1,-1.0049793513819776,small,0,4,-0.5591266068144338,-1.5280392151867321
qiskit_machine_learning_227_244,mini-swe_gemini-3-flash-preview,0,qiskit-community/qiskit-machine-learning,strong,450,5,1.8812110954722763,large,1,23,1.0466236694979534,1.1183927518041534
qiskit_machine_learning_320_412,mini-swe_gemini-3-flash-preview,1,qiskit-community/qiskit-machine-learning,medium,108,2,-0.5289185534229176,medium,0,11,-0.2942671763851507,-0.05102471713434138
qiskit_machine_learning_326_360,mini-swe_gemini-3-flash-preview,1,qiskit-community/qiskit-machine-learning,medium,84,6,0.6556421438406321,medium,0,9,0.3647706459501373,-0.35862174624823706
qiskit_machine_learning_328_348,mini-swe_gemini-3-flash-preview,1,qiskit-community/qiskit-machine-learning,medium,61,1,-1.7022062220052714,small,0,4,-0.9470331780443507,-1.5280392151867321
qiskit_machine_learning_340_364,mini-swe_gemini-3-flash-preview,0,qiskit-community/qiskit-machine-learning,strong,305,3,0.8644348002269172,large,1,20,0.4809337584882216,0.8931102323532976
qiskit_machine_learning_367_540,mini-swe_gemini-3-flash-preview,0,qiskit-community/qiskit-machine-learning,medium,173,6,1.2915213454287657,large,0,19,0.7185460542099538,0.8107957226902569
qiskit_machine_learning_385_404,mini-swe_gemini-3-flash-preview,1,qiskit-community/qiskit-machine-learning,medium,31,1,-2.289262566945091,small,0,9,-1.2736456817776005,-0.35862174624823706
qiskit_machine_learning_387_398,mini-swe_gemini-3-flash-preview,1,qiskit-community/qiskit-machine-learning,medium,51,1,-1.8583265254759422,small,0,6,-1.033891694504773,-0.9603726036024639
qiskit_machine_learning_400_436,mini-swe_gemini-3-flash-preview,1,qiskit-community/qiskit-machine-learning,medium,509,7,2.4674765456799252,large,0,18,1.3727961539538542,0.7242581500382983
qiskit_machine_learning_401_470,mini-swe_gemini-3-flash-preview,0,qiskit-community/qiskit-machine-learning,medium,368,3,1.0306034966770588,large,0,19,0.5733827618206612,0.8107957226902569
qiskit_machine_learning_44_73,mini-swe_gemini-3-flash-preview,1,qiskit-community/qiskit-machine-learning,medium,200,4,0.8614940744822128,large,0,33,0.47929766715465605,1.7060254281665224
qiskit_machine_learning_505_569,mini-swe_gemini-3-flash-preview,0,qiskit-community/qiskit-machine-learning,medium,219,3,0.5715649467639573,medium,0,15,0.31799376655723727,0.4343273847868862
qiskit_machine_learning_551_548,mini-swe_gemini-3-flash-preview,0,qiskit-community/qiskit-machine-learning,medium,123,3,0.06266387595896887,medium,0,36,0.0348634430016881,1.8486832784198364
qiskit_machine_learning_557_558,mini-swe_gemini-3-flash-preview,0,qiskit-community/qiskit-machine-learning,medium,43,1,-2.0066034916048783,small,0,29,-1.1163865207182715,1.494861089707524
qiskit_machine_learning_597_609,mini-swe_gemini-3-flash-preview,1,qiskit-community/qiskit-machine-learning,medium,94,2,-0.650937607684588,small,0,6,-0.36215324755886885,-0.9603726036024639
qiskit_machine_learning_62_143,mini-swe_gemini-3-flash-preview,1,qiskit-community/qiskit-machine-learning,medium,27,1,-2.4077848396644814,small,0,17,-1.33958629646426,0.633040649882925
qiskit_machine_learning_638_639,mini-swe_gemini-3-flash-preview,1,qiskit-community/qiskit-machine-learning,medium,139,5,0.8428761758040135,large,0,18,0.4689394816858285,0.7242581500382983
qiskit_machine_learning_63_102,mini-swe_gemini-3-flash-preview,1,qiskit-community/qiskit-machine-learning,medium,104,2,-0.5621036733067326,medium,0,6,-0.31272992733804594,-0.9603726036024639
qiskit_machine_learning_90_117,mini-swe_gemini-3-flash-preview,1,qiskit-community/qiskit-machine-learning,medium,31,8,0.20535624115613738,medium,0,25,0.11425124122988722,1.253433827119435
qiskit_machine_learning_920_924,mini-swe_gemini-3-flash-preview,1,qiskit-community/qiskit-machine-learning,medium,131,4,0.48825622723189416,medium,0,5,0.271644434497863,-1.220442186072836
qiskit_machine_learning_960_1021,mini-swe_gemini-3-flash-preview,1,qiskit-community/qiskit-machine-learning,strong,168,2,-0.13966146284480135,medium,1,6,-0.07770153656965387,-0.9603726036024639
qiskit_nature_1257_1270,mini-swe_gemini-3-flash-preview,0,qiskit-community/qiskit-nature,strong,402,3,1.1088363614904493,large,1,27,0.6169081100622269,1.378462334274525
qiskit_nature_129_161,mini-swe_gemini-3-flash-preview,0,qiskit-community/qiskit-nature,strong,9,1,-3.3216735587274937,small,1,9,-1.8480340549112653,-0.35862174624823706
qiskit_nature_129_341,mini-swe_gemini-3-flash-preview,0,qiskit-community/qiskit-nature,strong,52,1,-1.8414193749193908,small,1,6,-1.024485294553783,-0.9603726036024639
qiskit_nature_1345_1356,mini-swe_gemini-3-flash-preview,0,qiskit-community/qiskit-nature,strong,218,3,0.5675212105360191,medium,1,32,0.3157440083777577,1.6556601124212968
qiskit_nature_167_220,mini-swe_gemini-3-flash-preview,0,qiskit-community/qiskit-nature,strong,527,8,2.693614897536842,large,1,8,1.498609653674515,-0.536376819055569
qiskit_nature_174_862,mini-swe_gemini-3-flash-preview,0,qiskit-community/qiskit-nature,strong,187,7,1.581680902006152,large,1,15,0.879978155357902,0.4343273847868862
qiskit_nature_22_35,mini-swe_gemini-3-flash-preview,0,qiskit-community/qiskit-nature,strong,470,2,0.7700910130901277,medium,1,11,0.4284449968999581,-0.05102471713434138
qiskit_nature_243_263,mini-swe_gemini-3-flash-preview,0,qiskit-community/qiskit-nature,strong,432,10,2.8503786779317677,large,1,10,1.5858261725841691,-0.19782272353446417
qiskit_nature_252_318,mini-swe_gemini-3-flash-preview,0,qiskit-community/qiskit-nature,medium,78,6,0.5906669073429984,medium,0,10,0.32862126292059574,-0.19782272353446417
qiskit_nature_271_286,mini-swe_gemini-3-flash-preview,0,qiskit-community/qiskit-nature,strong,7,1,-3.5197354550697564,small,1,8,-1.9582270413530236,-0.536376819055569
qiskit_nature_337_520,mini-swe_gemini-3-flash-preview,0,qiskit-community/qiskit-nature,strong,192,2,-0.021795940852246176,medium,1,24,-0.01212630929609253,1.1872640605936275
qiskit_nature_375_380,mini-swe_gemini-3-flash-preview,1,qiskit-community/qiskit-nature,medium,98,2,-0.6143304167982303,small,0,5,-0.3417866057993629,-1.220442186072836
qiskit_nature_3_25,mini-swe_gemini-3-flash-preview,0,qiskit-community/qiskit-nature,strong,543,7,2.5247608445465017,large,1,11,1.4046666352776431,-0.05102471713434138
qiskit_nature_42_49,mini-swe_gemini-3-flash-preview,0,qiskit-community/qiskit-nature,strong,387,9,2.5949016888392977,large,1,8,1.4436899368157308,-0.536376819055569
qiskit_nature_45_50,mini-swe_gemini-3-flash-preview,0,qiskit-community/qiskit-nature,strong,379,4,1.4267757292613634,large,1,11,0.793795684548233,-0.05102471713434138
qiskit_nature_460_482,mini-swe_gemini-3-flash-preview,0,qiskit-community/qiskit-nature,strong,302,2,0.3785488392219383,medium,1,21,0.21060803656975613,0.9715947454040306
qiskit_nature_465_472,mini-swe_gemini-3-flash-preview,1,qiskit-community/qiskit-nature,medium,14,1,-2.961783309874,small,0,7,-1.647806842889101,-0.7350900841516085
qiskit_nature_477_481,mini-swe_gemini-3-flash-preview,1,qiskit-community/qiskit-nature,medium,9,1,-3.3216735587274937,small,0,6,-1.8480340549112653,-0.9603726036024639
qiskit_nature_47_77,mini-swe_gemini-3-flash-preview,0,qiskit-community/qiskit-nature,strong,481,3,1.2677232081883598,large,1,7,0.7053058103129676,-0.7350900841516085
qiskit_nature_493_506,mini-swe_gemini-3-flash-preview,1,qiskit-community/qiskit-nature,medium,152,2,-0.22794272063766297,medium,0,5,-0.1268173716832371,-1.220442186072836
qiskit_nature_541_544,mini-swe_gemini-3-flash-preview,1,qiskit-community/qiskit-nature,medium,8,1,-3.415191401425101,small,0,6,-1.9000632970964064,-0.9603726036024639
qiskit_nature_563_620,mini-swe_gemini-3-flash-preview,1,qiskit-community/qiskit-nature,medium,204,7,1.6585185492142407,large,0,5,0.9227272654764183,-1.220442186072836
qiskit_nature_571_632,mini-swe_gemini-3-flash-preview,0,qiskit-community/qiskit-nature,medium,218,4,0.9376205825550574,large,0,9,0.5216511305256891,-0.35862174624823706
qiskit_nature_577_591,mini-swe_gemini-3-flash-preview,0,qiskit-community/qiskit-nature,strong,98,2,-0.6143304167982303,small,1,8,-0.3417866057993629,-0.536376819055569
qiskit_nature_582_1313,mini-swe_gemini-3-flash-preview,0,qiskit-community/qiskit-nature,strong,152,6,1.1773607452053574,large,1,12,0.6550320835527074,0.08401635818094032
qiskit_nature_665_756,mini-swe_gemini-3-flash-preview,0,qiskit-community/qiskit-nature,medium,171,2,-0.12404348980874397,medium,0,21,-0.06901237867107428,0.9715947454040306
qiskit_nature_669_731,mini-swe_gemini-3-flash-preview,1,qiskit-community/qiskit-nature,medium,130,2,-0.3657340531049745,medium,0,23,-0.20347844941079793,1.1183927518041534
qiskit_nature_683_684,mini-swe_gemini-3-flash-preview,0,qiskit-community/qiskit-nature,medium,232,8,1.9675079399258386,large,0,3,1.0946354637221454,-1.9045075530901028
qiskit_nature_6_624,mini-swe_gemini-3-flash-preview,1,qiskit-community/qiskit-nature,strong,181,2,-0.07388333297100758,medium,1,12,-0.04110545874142932,0.08401635818094032
qiskit_nature_715_716,mini-swe_gemini-3-flash-preview,1,qiskit-community/qiskit-nature,medium,20,1,-2.66313103487332,small,0,6,-1.4816497642298072,-0.9603726036024639
qiskit_nature_787_799,mini-swe_gemini-3-flash-preview,0,qiskit-community/qiskit-nature,strong,491,5,1.9584422689855572,large,1,26,1.0895917204607883,1.3171060169001922
qiskit_nature_795_1188,mini-swe_gemini-3-flash-preview,0,qiskit-community/qiskit-nature,strong,332,4,1.3095871886739512,large,1,23,0.7285971001533672,1.1183927518041534
qiskit_nature_828_891,mini-swe_gemini-3-flash-preview,0,qiskit-community/qiskit-nature,medium,119,3,0.03355967621490542,medium,0,24,0.018671137732360607,1.1872640605936275
qiskit_nature_82_96,mini-swe_gemini-3-flash-preview,0,qiskit-community/qiskit-nature,strong,281,4,1.1620368689767768,large,1,7,0.6465065482696705,-0.7350900841516085
qiskit_nature_847_1043,mini-swe_gemini-3-flash-preview,1,qiskit-community/qiskit-nature,strong,686,3,1.5822794224297119,large,1,12,0.8803111459741509,0.08401635818094032
qiskit_nature_848_858,mini-swe_gemini-3-flash-preview,1,qiskit-community/qiskit-nature,medium,105,3,-0.07654927695515104,medium,0,20,-0.04258867350774438,0.8931102323532976
qiskit_nature_861_904,mini-swe_gemini-3-flash-preview,1,qiskit-community/qiskit-nature,medium,10,1,-3.2370763797295434,small,0,21,-1.8009678802936944,0.9715947454040306
qiskit_nature_865_890,mini-swe_gemini-3-flash-preview,0,qiskit-community/qiskit-nature,medium,154,2,-0.21641530450101645,medium,0,6,-0.12040402094030092,-0.9603726036024639
qiskit_nature_866_870,mini-swe_gemini-3-flash-preview,0,qiskit-community/qiskit-nature,medium,391,6,2.0124347068081394,large,0,47,1.1196307541104513,2.287810220742648
qiskit_nature_881_903,mini-swe_gemini-3-flash-preview,0,qiskit-community/qiskit-nature,medium,287,2,0.33348339598622295,medium,0,14,0.1855355927167312,0.32544362076902933
qiskit_nature_918_1046,mini-swe_gemini-3-flash-preview,0,qiskit-community/qiskit-nature,strong,85,2,-0.7392799338710767,small,1,9,-0.4113030584587858,-0.35862174624823706
qiskit_nature_919_920,mini-swe_gemini-3-flash-preview,1,qiskit-community/qiskit-nature,strong,84,1,-1.4221538991020484,small,1,9,-0.7912243001603873,-0.35862174624823706
qiskit_nature_91_729,mini-swe_gemini-3-flash-preview,1,qiskit-community/qiskit-nature,strong,155,3,0.2664338213417917,medium,1,13,0.14823213856343004,0.2090448653360304
qiskit_nature_955_964,mini-swe_gemini-3-flash-preview,1,qiskit-community/qiskit-nature,medium,84,8,1.0724649089991796,large,0,20,0.5966726228471004,0.8931102323532976
qiskit_nature_956_1027,mini-swe_gemini-3-flash-preview,0,qiskit-community/qiskit-nature,medium,102,2,-0.5791734025919776,medium,0,16,-0.32222677899114266,0.5366079592280277
qiskit_nature_957_1038,mini-swe_gemini-3-flash-preview,0,qiskit-community/qiskit-nature,medium,350,2,0.5090732422465318,medium,0,15,0.2832261122240112,0.4343273847868862
qiskit_nature_958_1085,mini-swe_gemini-3-flash-preview,0,qiskit-community/qiskit-nature,strong,669,5,2.232531815176268,large,1,120,1.2420831698763217,3.8476970438981635
qiskit_nature_973_1018,mini-swe_gemini-3-flash-preview,0,qiskit-community/qiskit-nature,strong,180,3,0.39836738122973625,medium,1,11,0.22163420753495203,-0.05102471713434138
qiskit_nature_9_232,mini-swe_gemini-3-flash-preview,0,qiskit-community/qiskit-nature,strong,488,2,0.8033798607486109,medium,1,8,0.44696545745514804,-0.536376819055569
qiskit_optimization_133_139,mini-swe_gemini-3-flash-preview,1,qiskit-community/qiskit-optimization,medium,76,1,-1.5098893202619357,small,0,7,-0.8400364556172191,-0.7350900841516085
qiskit_optimization_13_163,mini-swe_gemini-3-flash-preview,0,qiskit-community/qiskit-optimization,medium,274,1,-0.3800068107956881,medium,0,10,-0.2114191882593319,-0.19782272353446417
qiskit_optimization_40_157,mini-swe_gemini-3-flash-preview,0,qiskit-community/qiskit-optimization,medium,294,3,0.831940042489458,large,0,24,0.4628550948738714,1.1872640605936275
qiskit_optimization_41_114,mini-swe_gemini-3-flash-preview,0,qiskit-community/qiskit-optimization,medium,211,11,2.36081339810875,large,0,14,1.3134534384128749,0.32544362076902933
qiskit_optimization_425_436,mini-swe_gemini-3-flash-preview,0,qiskit-community/qiskit-optimization,medium,239,4,1.0188954922962765,large,0,4,0.5668689396680037,-1.5280392151867321
qiskit_optimization_433_467,mini-swe_gemini-3-flash-preview,0,qiskit-community/qiskit-optimization,strong,111,2,-0.5048193744401559,medium,1,13,-0.2808594460142569,0.2090448653360304
qiskit_optimization_473_487,mini-swe_gemini-3-flash-preview,0,qiskit-community/qiskit-optimization,strong,1480,9,3.7838110996396512,large,1,19,2.1051471933816797,0.8107957226902569
qiskit_optimization_628_646,mini-swe_gemini-3-flash-preview,0,qiskit-community/qiskit-optimization,medium,20,1,-2.66313103487332,small,0,11,-1.4816497642298072,-0.05102471713434138
qiskit_optimization_80_122,mini-swe_gemini-3-flash-preview,1,qiskit-community/qiskit-optimization,medium,1060,17,4.462677722082305,large,0,8,2.482838924623695,-0.536376819055569
qiskit_optimization_8_18,mini-swe_gemini-3-flash-preview,1,qiskit-community/qiskit-optimization,strong,548,5,2.055740579806363,large,1,6,1.1437242499532634,-0.9603726036024639
tangelo_384_398,mini-swe_gemini-3-flash-preview,1,sandbox-quantum/Tangelo,medium,28,2,-1.7041452573924138,small,0,5,-0.9481119726235778,-1.220442186072836
tangelo_387_390,mini-swe_gemini-3-flash-preview,1,sandbox-quantum/Tangelo,medium,11,1,-3.159845206216262,small,0,4,-1.7579998293308592,-1.5280392151867321
tequila_400_411,mini-swe_gemini-3-flash-preview,0,tequilahub/tequila,strong,32,1,-2.2619496868137166,small,1,16,-1.2584499884838185,0.5366079592280277
tequila_403_407,mini-swe_gemini-3-flash-preview,0,tequilahub/tequila,strong,90,4,0.1581206717879453,medium,1,7,0.08797143400253778,-0.7350900841516085
tequila_406_409,mini-swe_gemini-3-flash-preview,0,tequilahub/tequila,strong,36,1,-2.160399223078648,small,1,7,-1.2019517468726433,-0.7350900841516085
qiskit_addon_sqd_148_230,mini-swe_gemini-3-flash-preview,0,Qiskit/qiskit-addon-sqd,strong,139,2,-0.3067574780978939,medium,1,4,-0.17066645957249876,-1.5280392151867321
qiskit_addon_sqd_265_343,mini-swe_gemini-3-flash-preview,1,Qiskit/qiskit-addon-sqd,medium,21,1,-2.621839935667211,small,0,6,-1.458677200505983,-0.9603726036024639
openqaoa_36_71,mini-swe_gemini-3-flash-preview,0,entropicalabs/openqaoa,medium,311,1,-0.2679633884977829,medium,0,7,-0.1490831229071857,-0.7350900841516085
squlearn_274_279,mini-swe_gemini-3-flash-preview,0,sQUlearn/squlearn,medium,276,14,2.968284347944471,large,0,11,1.6514237364622038,-0.05102471713434138
squlearn_112_154,mini-swe_gemini-3-flash-preview,0,sQUlearn/squlearn,medium,287,11,2.632750703790038,large,0,11,1.464747475233386,-0.05102471713434138
openqaoa_112_85,mini-swe_gemini-3-flash-preview,0,entropicalabs/openqaoa,strong,211,4,0.9087865391262202,large,1,9,0.5056091284278987,-0.35862174624823706
openqaoa_232_241,mini-swe_gemini-3-flash-preview,1,entropicalabs/openqaoa,strong,34,1,-2.209722943322219,small,1,11,-1.2293933100225016,-0.05102471713434138
squlearn_266_301,mini-swe_gemini-3-flash-preview,0,sQUlearn/squlearn,medium,2159,35,6.243301968112026,large,0,36,3.473500465405638,1.8486832784198364
squlearn_62_99,mini-swe_gemini-3-flash-preview,0,sQUlearn/squlearn,medium,186,5,1.0998059549598023,large,0,11,0.6118839863778026,-0.05102471713434138
squlearn_275_339,mini-swe_gemini-3-flash-preview,0,sQUlearn/squlearn,medium,230,16,3.0146885601268836,large,0,30,1.6772410128706896,1.5501812189499562
openfermion_151_352,mini-swe_deepseek-v4-pro,1,quantumlib/OpenFermion,medium,85,1,-1.4117725109707369,small,0,10,-0.7854485493333659,-0.19782272353446417
openfermion_207_212,mini-swe_deepseek-v4-pro,0,quantumlib/OpenFermion,strong,60,1,-1.7166390370268574,small,1,6,-0.9550629657993954,-0.9603726036024639
openfermion_246_306,mini-swe_deepseek-v4-pro,1,quantumlib/OpenFermion,strong,180,6,1.3265297702705092,large,1,15,0.7380232123871494,0.4343273847868862
openfermion_258_262,mini-swe_deepseek-v4-pro,0,quantumlib/OpenFermion,strong,55,2,-1.1200558185024878,small,1,8,-0.6231501258019679,-0.536376819055569
openfermion_259_283,mini-swe_deepseek-v4-pro,1,quantumlib/OpenFermion,strong,124,2,-0.4073478567563112,medium,1,8,-0.2266305517900342,-0.536376819055569
openfermion_37_114,mini-swe_deepseek-v4-pro,0,quantumlib/OpenFermion,medium,159,1,-0.8607277824781633,small,0,7,-0.4788713357604195,-0.7350900841516085
openfermion_457_549,mini-swe_deepseek-v4-pro,0,quantumlib/OpenFermion,medium,68,1,-1.6072579220007603,small,0,10,-0.8942080919056972,-0.19782272353446417
openfermion_458_501,mini-swe_deepseek-v4-pro,1,quantumlib/OpenFermion,strong,266,2,0.2662816915220689,medium,1,10,0.1481475001777956,-0.19782272353446417
openfermion_469_474,mini-swe_deepseek-v4-pro,1,quantumlib/OpenFermion,medium,27,1,-2.4077848396644814,small,0,8,-1.33958629646426,-0.536376819055569
openfermion_46_61,mini-swe_deepseek-v4-pro,1,quantumlib/OpenFermion,medium,267,3,0.7467408976720131,medium,0,6,0.4154540127722717,-0.9603726036024639
openfermion_542_589,mini-swe_deepseek-v4-pro,1,quantumlib/OpenFermion,strong,80,2,-0.7924454384937873,small,1,8,-0.44088202260207476,-0.536376819055569
openfermion_752_753,mini-swe_deepseek-v4-pro,1,quantumlib/OpenFermion,strong,421,1,9.326591834946107e-05,medium,1,18,5.1889082483783025e-05,0.7242581500382983
pennylane_166_588,mini-swe_deepseek-v4-pro,0,PennyLaneAI/pennylane,medium,233,2,0.14918299339303848,medium,0,3,0.08299890020184725,-1.9045075530901028
pennylane_2492_3742,mini-swe_deepseek-v4-pro,1,PennyLaneAI/pennylane,medium,47,1,-1.9293723180915965,small,0,8,-1.073418469755436,-0.536376819055569
pennylane_3982_3977,mini-swe_deepseek-v4-pro,1,PennyLaneAI/pennylane,strong,112,1,-1.1694221345517037,small,1,9,-0.6506153873972143,-0.35862174624823706
pennylane_4881_4928,mini-swe_deepseek-v4-pro,0,PennyLaneAI/pennylane,strong,109,2,-0.5208125741006229,medium,1,24,-0.28975736361422144,1.1872640605936275
pennylane_5759_5773,mini-swe_deepseek-v4-pro,0,PennyLaneAI/pennylane,medium,176,5,1.0510245280380164,large,0,21,0.5847441315411457,0.9715947454040306
pennylane_5895_5920,mini-swe_deepseek-v4-pro,1,PennyLaneAI/pennylane,medium,46,1,-1.9480592939223285,small,0,6,-1.0838150867341756,-0.9603726036024639
pennylane_991_1062,mini-swe_deepseek-v4-pro,1,PennyLaneAI/pennylane,medium,12,1,-3.088799413600608,small,0,6,-1.718473054080196,-0.9603726036024639
qiskit_finance_54_57,mini-swe_deepseek-v4-pro,0,qiskit-community/qiskit-finance,medium,61,1,-1.7022062220052714,small,0,11,-0.9470331780443507,-0.05102471713434138
qiskit_finance_72_112,mini-swe_deepseek-v4-pro,1,qiskit-community/qiskit-finance,medium,30,3,-1.1678090121656968,small,0,19,-0.649717916573735,0.8107957226902569
qiskit_machine_learning_112_151,mini-swe_deepseek-v4-pro,1,qiskit-community/qiskit-machine-learning,medium,64,5,0.1618616018678869,medium,0,41,0.09005272406989238,2.0625277012917924
qiskit_machine_learning_113_115,mini-swe_deepseek-v4-pro,1,qiskit-community/qiskit-machine-learning,medium,46,5,-0.12593306292076112,medium,0,25,-0.07006365460126839,1.253433827119435
qiskit_machine_learning_226_219,mini-swe_deepseek-v4-pro,1,qiskit-community/qiskit-machine-learning,medium,135,1,-1.0049793513819776,small,0,4,-0.5591266068144338,-1.5280392151867321
qiskit_machine_learning_227_244,mini-swe_deepseek-v4-pro,0,qiskit-community/qiskit-machine-learning,strong,450,5,1.8812110954722763,large,1,23,1.0466236694979534,1.1183927518041534
qiskit_machine_learning_320_412,mini-swe_deepseek-v4-pro,1,qiskit-community/qiskit-machine-learning,medium,108,2,-0.5289185534229176,medium,0,11,-0.2942671763851507,-0.05102471713434138
qiskit_machine_learning_326_360,mini-swe_deepseek-v4-pro,1,qiskit-community/qiskit-machine-learning,medium,84,6,0.6556421438406321,medium,0,9,0.3647706459501373,-0.35862174624823706
qiskit_machine_learning_328_348,mini-swe_deepseek-v4-pro,1,qiskit-community/qiskit-machine-learning,medium,61,1,-1.7022062220052714,small,0,4,-0.9470331780443507,-1.5280392151867321
qiskit_machine_learning_340_364,mini-swe_deepseek-v4-pro,0,qiskit-community/qiskit-machine-learning,strong,305,3,0.8644348002269172,large,1,20,0.4809337584882216,0.8931102323532976
qiskit_machine_learning_367_540,mini-swe_deepseek-v4-pro,1,qiskit-community/qiskit-machine-learning,medium,173,6,1.2915213454287657,large,0,19,0.7185460542099538,0.8107957226902569
qiskit_machine_learning_385_404,mini-swe_deepseek-v4-pro,1,qiskit-community/qiskit-machine-learning,medium,31,1,-2.289262566945091,small,0,9,-1.2736456817776005,-0.35862174624823706
qiskit_machine_learning_387_398,mini-swe_deepseek-v4-pro,1,qiskit-community/qiskit-machine-learning,medium,51,1,-1.8583265254759422,small,0,6,-1.033891694504773,-0.9603726036024639
qiskit_machine_learning_400_436,mini-swe_deepseek-v4-pro,0,qiskit-community/qiskit-machine-learning,medium,509,7,2.4674765456799252,large,0,18,1.3727961539538542,0.7242581500382983
qiskit_machine_learning_401_470,mini-swe_deepseek-v4-pro,0,qiskit-community/qiskit-machine-learning,medium,368,3,1.0306034966770588,large,0,19,0.5733827618206612,0.8107957226902569
qiskit_machine_learning_44_73,mini-swe_deepseek-v4-pro,0,qiskit-community/qiskit-machine-learning,medium,200,4,0.8614940744822128,large,0,33,0.47929766715465605,1.7060254281665224
qiskit_machine_learning_505_569,mini-swe_deepseek-v4-pro,0,qiskit-community/qiskit-machine-learning,medium,219,3,0.5715649467639573,medium,0,15,0.31799376655723727,0.4343273847868862
qiskit_machine_learning_551_548,mini-swe_deepseek-v4-pro,0,qiskit-community/qiskit-machine-learning,medium,123,3,0.06266387595896887,medium,0,36,0.0348634430016881,1.8486832784198364
qiskit_machine_learning_557_558,mini-swe_deepseek-v4-pro,0,qiskit-community/qiskit-machine-learning,medium,43,1,-2.0066034916048783,small,0,29,-1.1163865207182715,1.494861089707524
qiskit_machine_learning_597_609,mini-swe_deepseek-v4-pro,1,qiskit-community/qiskit-machine-learning,medium,94,2,-0.650937607684588,small,0,6,-0.36215324755886885,-0.9603726036024639
qiskit_machine_learning_62_143,mini-swe_deepseek-v4-pro,1,qiskit-community/qiskit-machine-learning,medium,27,1,-2.4077848396644814,small,0,17,-1.33958629646426,0.633040649882925
qiskit_machine_learning_638_639,mini-swe_deepseek-v4-pro,1,qiskit-community/qiskit-machine-learning,medium,139,5,0.8428761758040135,large,0,18,0.4689394816858285,0.7242581500382983
qiskit_machine_learning_63_102,mini-swe_deepseek-v4-pro,1,qiskit-community/qiskit-machine-learning,medium,104,2,-0.5621036733067326,medium,0,6,-0.31272992733804594,-0.9603726036024639
qiskit_machine_learning_90_117,mini-swe_deepseek-v4-pro,1,qiskit-community/qiskit-machine-learning,medium,31,8,0.20535624115613738,medium,0,25,0.11425124122988722,1.253433827119435
qiskit_machine_learning_920_924,mini-swe_deepseek-v4-pro,1,qiskit-community/qiskit-machine-learning,medium,131,4,0.48825622723189416,medium,0,5,0.271644434497863,-1.220442186072836
qiskit_machine_learning_960_1021,mini-swe_deepseek-v4-pro,1,qiskit-community/qiskit-machine-learning,strong,168,2,-0.13966146284480135,medium,1,6,-0.07770153656965387,-0.9603726036024639
qiskit_nature_1257_1270,mini-swe_deepseek-v4-pro,0,qiskit-community/qiskit-nature,strong,402,3,1.1088363614904493,large,1,27,0.6169081100622269,1.378462334274525
qiskit_nature_129_161,mini-swe_deepseek-v4-pro,1,qiskit-community/qiskit-nature,strong,9,1,-3.3216735587274937,small,1,9,-1.8480340549112653,-0.35862174624823706
qiskit_nature_129_341,mini-swe_deepseek-v4-pro,0,qiskit-community/qiskit-nature,strong,52,1,-1.8414193749193908,small,1,6,-1.024485294553783,-0.9603726036024639
qiskit_nature_1345_1356,mini-swe_deepseek-v4-pro,0,qiskit-community/qiskit-nature,strong,218,3,0.5675212105360191,medium,1,32,0.3157440083777577,1.6556601124212968
qiskit_nature_167_220,mini-swe_deepseek-v4-pro,0,qiskit-community/qiskit-nature,strong,527,8,2.693614897536842,large,1,8,1.498609653674515,-0.536376819055569
qiskit_nature_174_862,mini-swe_deepseek-v4-pro,0,qiskit-community/qiskit-nature,strong,187,7,1.581680902006152,large,1,15,0.879978155357902,0.4343273847868862
qiskit_nature_22_35,mini-swe_deepseek-v4-pro,0,qiskit-community/qiskit-nature,strong,470,2,0.7700910130901277,medium,1,11,0.4284449968999581,-0.05102471713434138
qiskit_nature_243_263,mini-swe_deepseek-v4-pro,0,qiskit-community/qiskit-nature,strong,432,10,2.8503786779317677,large,1,10,1.5858261725841691,-0.19782272353446417
qiskit_nature_252_318,mini-swe_deepseek-v4-pro,0,qiskit-community/qiskit-nature,medium,78,6,0.5906669073429984,medium,0,10,0.32862126292059574,-0.19782272353446417
qiskit_nature_271_286,mini-swe_deepseek-v4-pro,0,qiskit-community/qiskit-nature,strong,7,1,-3.5197354550697564,small,1,8,-1.9582270413530236,-0.536376819055569
qiskit_nature_337_520,mini-swe_deepseek-v4-pro,0,qiskit-community/qiskit-nature,strong,192,2,-0.021795940852246176,medium,1,24,-0.01212630929609253,1.1872640605936275
qiskit_nature_375_380,mini-swe_deepseek-v4-pro,1,qiskit-community/qiskit-nature,medium,98,2,-0.6143304167982303,small,0,5,-0.3417866057993629,-1.220442186072836
qiskit_nature_3_25,mini-swe_deepseek-v4-pro,0,qiskit-community/qiskit-nature,strong,543,7,2.5247608445465017,large,1,11,1.4046666352776431,-0.05102471713434138
qiskit_nature_42_49,mini-swe_deepseek-v4-pro,0,qiskit-community/qiskit-nature,strong,387,9,2.5949016888392977,large,1,8,1.4436899368157308,-0.536376819055569
qiskit_nature_45_50,mini-swe_deepseek-v4-pro,0,qiskit-community/qiskit-nature,strong,379,4,1.4267757292613634,large,1,11,0.793795684548233,-0.05102471713434138
qiskit_nature_460_482,mini-swe_deepseek-v4-pro,0,qiskit-community/qiskit-nature,strong,302,2,0.3785488392219383,medium,1,21,0.21060803656975613,0.9715947454040306
qiskit_nature_465_472,mini-swe_deepseek-v4-pro,1,qiskit-community/qiskit-nature,medium,14,1,-2.961783309874,small,0,7,-1.647806842889101,-0.7350900841516085
qiskit_nature_477_481,mini-swe_deepseek-v4-pro,1,qiskit-community/qiskit-nature,medium,9,1,-3.3216735587274937,small,0,6,-1.8480340549112653,-0.9603726036024639
qiskit_nature_47_77,mini-swe_deepseek-v4-pro,0,qiskit-community/qiskit-nature,strong,481,3,1.2677232081883598,large,1,7,0.7053058103129676,-0.7350900841516085
qiskit_nature_493_506,mini-swe_deepseek-v4-pro,1,qiskit-community/qiskit-nature,medium,152,2,-0.22794272063766297,medium,0,5,-0.1268173716832371,-1.220442186072836
qiskit_nature_541_544,mini-swe_deepseek-v4-pro,1,qiskit-community/qiskit-nature,medium,8,1,-3.415191401425101,small,0,6,-1.9000632970964064,-0.9603726036024639
qiskit_nature_563_620,mini-swe_deepseek-v4-pro,0,qiskit-community/qiskit-nature,medium,204,7,1.6585185492142407,large,0,5,0.9227272654764183,-1.220442186072836
qiskit_nature_571_632,mini-swe_deepseek-v4-pro,0,qiskit-community/qiskit-nature,medium,218,4,0.9376205825550574,large,0,9,0.5216511305256891,-0.35862174624823706
qiskit_nature_577_591,mini-swe_deepseek-v4-pro,1,qiskit-community/qiskit-nature,strong,98,2,-0.6143304167982303,small,1,8,-0.3417866057993629,-0.536376819055569
qiskit_nature_582_1313,mini-swe_deepseek-v4-pro,0,qiskit-community/qiskit-nature,strong,152,6,1.1773607452053574,large,1,12,0.6550320835527074,0.08401635818094032
qiskit_nature_665_756,mini-swe_deepseek-v4-pro,0,qiskit-community/qiskit-nature,medium,171,2,-0.12404348980874397,medium,0,21,-0.06901237867107428,0.9715947454040306
qiskit_nature_669_731,mini-swe_deepseek-v4-pro,1,qiskit-community/qiskit-nature,medium,130,2,-0.3657340531049745,medium,0,23,-0.20347844941079793,1.1183927518041534
qiskit_nature_683_684,mini-swe_deepseek-v4-pro,1,qiskit-community/qiskit-nature,medium,232,8,1.9675079399258386,large,0,3,1.0946354637221454,-1.9045075530901028
qiskit_nature_6_624,mini-swe_deepseek-v4-pro,1,qiskit-community/qiskit-nature,strong,181,2,-0.07388333297100758,medium,1,12,-0.04110545874142932,0.08401635818094032
qiskit_nature_715_716,mini-swe_deepseek-v4-pro,1,qiskit-community/qiskit-nature,medium,20,1,-2.66313103487332,small,0,6,-1.4816497642298072,-0.9603726036024639
qiskit_nature_787_799,mini-swe_deepseek-v4-pro,0,qiskit-community/qiskit-nature,strong,491,5,1.9584422689855572,large,1,26,1.0895917204607883,1.3171060169001922
qiskit_nature_795_1188,mini-swe_deepseek-v4-pro,0,qiskit-community/qiskit-nature,strong,332,4,1.3095871886739512,large,1,23,0.7285971001533672,1.1183927518041534
qiskit_nature_828_891,mini-swe_deepseek-v4-pro,0,qiskit-community/qiskit-nature,medium,119,3,0.03355967621490542,medium,0,24,0.018671137732360607,1.1872640605936275
qiskit_nature_82_96,mini-swe_deepseek-v4-pro,0,qiskit-community/qiskit-nature,strong,281,4,1.1620368689767768,large,1,7,0.6465065482696705,-0.7350900841516085
qiskit_nature_847_1043,mini-swe_deepseek-v4-pro,1,qiskit-community/qiskit-nature,strong,686,3,1.5822794224297119,large,1,12,0.8803111459741509,0.08401635818094032
qiskit_nature_848_858,mini-swe_deepseek-v4-pro,1,qiskit-community/qiskit-nature,medium,105,3,-0.07654927695515104,medium,0,20,-0.04258867350774438,0.8931102323532976
qiskit_nature_861_904,mini-swe_deepseek-v4-pro,1,qiskit-community/qiskit-nature,medium,10,1,-3.2370763797295434,small,0,21,-1.8009678802936944,0.9715947454040306
qiskit_nature_865_890,mini-swe_deepseek-v4-pro,0,qiskit-community/qiskit-nature,medium,154,2,-0.21641530450101645,medium,0,6,-0.12040402094030092,-0.9603726036024639
qiskit_nature_866_870,mini-swe_deepseek-v4-pro,0,qiskit-community/qiskit-nature,medium,391,6,2.0124347068081394,large,0,47,1.1196307541104513,2.287810220742648
qiskit_nature_881_903,mini-swe_deepseek-v4-pro,1,qiskit-community/qiskit-nature,medium,287,2,0.33348339598622295,medium,0,14,0.1855355927167312,0.32544362076902933
qiskit_nature_918_1046,mini-swe_deepseek-v4-pro,0,qiskit-community/qiskit-nature,strong,85,2,-0.7392799338710767,small,1,9,-0.4113030584587858,-0.35862174624823706
qiskit_nature_919_920,mini-swe_deepseek-v4-pro,0,qiskit-community/qiskit-nature,strong,84,1,-1.4221538991020484,small,1,9,-0.7912243001603873,-0.35862174624823706
qiskit_nature_91_729,mini-swe_deepseek-v4-pro,0,qiskit-community/qiskit-nature,strong,155,3,0.2664338213417917,medium,1,13,0.14823213856343004,0.2090448653360304
qiskit_nature_955_964,mini-swe_deepseek-v4-pro,1,qiskit-community/qiskit-nature,medium,84,8,1.0724649089991796,large,0,20,0.5966726228471004,0.8931102323532976
qiskit_nature_956_1027,mini-swe_deepseek-v4-pro,0,qiskit-community/qiskit-nature,medium,102,2,-0.5791734025919776,medium,0,16,-0.32222677899114266,0.5366079592280277
qiskit_nature_957_1038,mini-swe_deepseek-v4-pro,0,qiskit-community/qiskit-nature,medium,350,2,0.5090732422465318,medium,0,15,0.2832261122240112,0.4343273847868862
qiskit_nature_958_1085,mini-swe_deepseek-v4-pro,0,qiskit-community/qiskit-nature,strong,669,5,2.232531815176268,large,1,120,1.2420831698763217,3.8476970438981635
qiskit_nature_973_1018,mini-swe_deepseek-v4-pro,0,qiskit-community/qiskit-nature,strong,180,3,0.39836738122973625,medium,1,11,0.22163420753495203,-0.05102471713434138
qiskit_nature_9_232,mini-swe_deepseek-v4-pro,0,qiskit-community/qiskit-nature,strong,488,2,0.8033798607486109,medium,1,8,0.44696545745514804,-0.536376819055569
qiskit_optimization_133_139,mini-swe_deepseek-v4-pro,0,qiskit-community/qiskit-optimization,medium,76,1,-1.5098893202619357,small,0,7,-0.8400364556172191,-0.7350900841516085
qiskit_optimization_13_163,mini-swe_deepseek-v4-pro,0,qiskit-community/qiskit-optimization,medium,274,1,-0.3800068107956881,medium,0,10,-0.2114191882593319,-0.19782272353446417
qiskit_optimization_40_157,mini-swe_deepseek-v4-pro,1,qiskit-community/qiskit-optimization,medium,294,3,0.831940042489458,large,0,24,0.4628550948738714,1.1872640605936275
qiskit_optimization_41_114,mini-swe_deepseek-v4-pro,0,qiskit-community/qiskit-optimization,medium,211,11,2.36081339810875,large,0,14,1.3134534384128749,0.32544362076902933
qiskit_optimization_425_436,mini-swe_deepseek-v4-pro,1,qiskit-community/qiskit-optimization,medium,239,4,1.0188954922962765,large,0,4,0.5668689396680037,-1.5280392151867321
qiskit_optimization_433_467,mini-swe_deepseek-v4-pro,0,qiskit-community/qiskit-optimization,strong,111,2,-0.5048193744401559,medium,1,13,-0.2808594460142569,0.2090448653360304
qiskit_optimization_473_487,mini-swe_deepseek-v4-pro,0,qiskit-community/qiskit-optimization,strong,1480,9,3.7838110996396512,large,1,19,2.1051471933816797,0.8107957226902569
qiskit_optimization_628_646,mini-swe_deepseek-v4-pro,0,qiskit-community/qiskit-optimization,medium,20,1,-2.66313103487332,small,0,11,-1.4816497642298072,-0.05102471713434138
qiskit_optimization_80_122,mini-swe_deepseek-v4-pro,1,qiskit-community/qiskit-optimization,medium,1060,17,4.462677722082305,large,0,8,2.482838924623695,-0.536376819055569
qiskit_optimization_8_18,mini-swe_deepseek-v4-pro,0,qiskit-community/qiskit-optimization,strong,548,5,2.055740579806363,large,1,6,1.1437242499532634,-0.9603726036024639
tangelo_384_398,mini-swe_deepseek-v4-pro,1,sandbox-quantum/Tangelo,medium,28,2,-1.7041452573924138,small,0,5,-0.9481119726235778,-1.220442186072836
tangelo_387_390,mini-swe_deepseek-v4-pro,1,sandbox-quantum/Tangelo,medium,11,1,-3.159845206216262,small,0,4,-1.7579998293308592,-1.5280392151867321
tequila_400_411,mini-swe_deepseek-v4-pro,1,tequilahub/tequila,strong,32,1,-2.2619496868137166,small,1,16,-1.2584499884838185,0.5366079592280277
tequila_403_407,mini-swe_deepseek-v4-pro,0,tequilahub/tequila,strong,90,4,0.1581206717879453,medium,1,7,0.08797143400253778,-0.7350900841516085
qiskit_addon_sqd_148_230,mini-swe_deepseek-v4-pro,0,Qiskit/qiskit-addon-sqd,strong,139,2,-0.3067574780978939,medium,1,4,-0.17066645957249876,-1.5280392151867321
qiskit_addon_sqd_265_343,mini-swe_deepseek-v4-pro,1,Qiskit/qiskit-addon-sqd,medium,21,1,-2.621839935667211,small,0,6,-1.458677200505983,-0.9603726036024639
openqaoa_36_71,mini-swe_deepseek-v4-pro,0,entropicalabs/openqaoa,medium,311,1,-0.2679633884977829,medium,0,7,-0.1490831229071857,-0.7350900841516085
squlearn_274_279,mini-swe_deepseek-v4-pro,0,sQUlearn/squlearn,medium,276,14,2.968284347944471,large,0,11,1.6514237364622038,-0.05102471713434138
squlearn_112_154,mini-swe_deepseek-v4-pro,0,sQUlearn/squlearn,medium,287,11,2.632750703790038,large,0,11,1.464747475233386,-0.05102471713434138
openqaoa_112_85,mini-swe_deepseek-v4-pro,0,entropicalabs/openqaoa,strong,211,4,0.9087865391262202,large,1,9,0.5056091284278987,-0.35862174624823706
openqaoa_232_241,mini-swe_deepseek-v4-pro,1,entropicalabs/openqaoa,strong,34,1,-2.209722943322219,small,1,11,-1.2293933100225016,-0.05102471713434138
squlearn_266_301,mini-swe_deepseek-v4-pro,0,sQUlearn/squlearn,medium,2159,35,6.243301968112026,large,0,36,3.473500465405638,1.8486832784198364
squlearn_62_99,mini-swe_deepseek-v4-pro,0,sQUlearn/squlearn,medium,186,5,1.0998059549598023,large,0,11,0.6118839863778026,-0.05102471713434138
squlearn_275_339,mini-swe_deepseek-v4-pro,0,sQUlearn/squlearn,medium,230,16,3.0146885601268836,large,0,30,1.6772410128706896,1.5501812189499562
tequila_406_409,mini-swe_deepseek-v4-pro,0,tequilahub/tequila,strong,36,1,-2.160399223078648,small,1,7,-1.2019517468726433,-0.7350900841516085
openfermion_151_352,mini-swe_deepseek-v4-flash,1,quantumlib/OpenFermion,medium,85,1,-1.4117725109707369,small,0,10,-0.7854485493333659,-0.19782272353446417
openfermion_207_212,mini-swe_deepseek-v4-flash,0,quantumlib/OpenFermion,strong,60,1,-1.7166390370268574,small,1,6,-0.9550629657993954,-0.9603726036024639
openfermion_246_306,mini-swe_deepseek-v4-flash,1,quantumlib/OpenFermion,strong,180,6,1.3265297702705092,large,1,15,0.7380232123871494,0.4343273847868862
openfermion_258_262,mini-swe_deepseek-v4-flash,0,quantumlib/OpenFermion,strong,55,2,-1.1200558185024878,small,1,8,-0.6231501258019679,-0.536376819055569
openfermion_259_283,mini-swe_deepseek-v4-flash,0,quantumlib/OpenFermion,strong,124,2,-0.4073478567563112,medium,1,8,-0.2266305517900342,-0.536376819055569
openfermion_37_114,mini-swe_deepseek-v4-flash,0,quantumlib/OpenFermion,medium,159,1,-0.8607277824781633,small,0,7,-0.4788713357604195,-0.7350900841516085
openfermion_457_549,mini-swe_deepseek-v4-flash,1,quantumlib/OpenFermion,medium,68,1,-1.6072579220007603,small,0,10,-0.8942080919056972,-0.19782272353446417
openfermion_458_501,mini-swe_deepseek-v4-flash,0,quantumlib/OpenFermion,strong,266,2,0.2662816915220689,medium,1,10,0.1481475001777956,-0.19782272353446417
openfermion_469_474,mini-swe_deepseek-v4-flash,1,quantumlib/OpenFermion,medium,27,1,-2.4077848396644814,small,0,8,-1.33958629646426,-0.536376819055569
openfermion_46_61,mini-swe_deepseek-v4-flash,0,quantumlib/OpenFermion,medium,267,3,0.7467408976720131,medium,0,6,0.4154540127722717,-0.9603726036024639
openfermion_542_589,mini-swe_deepseek-v4-flash,1,quantumlib/OpenFermion,strong,80,2,-0.7924454384937873,small,1,8,-0.44088202260207476,-0.536376819055569
openfermion_752_753,mini-swe_deepseek-v4-flash,1,quantumlib/OpenFermion,strong,421,1,9.326591834946107e-05,medium,1,18,5.1889082483783025e-05,0.7242581500382983
pennylane_166_588,mini-swe_deepseek-v4-flash,0,PennyLaneAI/pennylane,medium,233,2,0.14918299339303848,medium,0,3,0.08299890020184725,-1.9045075530901028
pennylane_2492_3742,mini-swe_deepseek-v4-flash,0,PennyLaneAI/pennylane,medium,47,1,-1.9293723180915965,small,0,8,-1.073418469755436,-0.536376819055569
pennylane_3982_3977,mini-swe_deepseek-v4-flash,1,PennyLaneAI/pennylane,strong,112,1,-1.1694221345517037,small,1,9,-0.6506153873972143,-0.35862174624823706
pennylane_4881_4928,mini-swe_deepseek-v4-flash,0,PennyLaneAI/pennylane,strong,109,2,-0.5208125741006229,medium,1,24,-0.28975736361422144,1.1872640605936275
pennylane_5759_5773,mini-swe_deepseek-v4-flash,0,PennyLaneAI/pennylane,medium,176,5,1.0510245280380164,large,0,21,0.5847441315411457,0.9715947454040306
pennylane_5895_5920,mini-swe_deepseek-v4-flash,1,PennyLaneAI/pennylane,medium,46,1,-1.9480592939223285,small,0,6,-1.0838150867341756,-0.9603726036024639
pennylane_991_1062,mini-swe_deepseek-v4-flash,1,PennyLaneAI/pennylane,medium,12,1,-3.088799413600608,small,0,6,-1.718473054080196,-0.9603726036024639
qiskit_finance_54_57,mini-swe_deepseek-v4-flash,1,qiskit-community/qiskit-finance,medium,61,1,-1.7022062220052714,small,0,11,-0.9470331780443507,-0.05102471713434138
qiskit_finance_72_112,mini-swe_deepseek-v4-flash,1,qiskit-community/qiskit-finance,medium,30,3,-1.1678090121656968,small,0,19,-0.649717916573735,0.8107957226902569
qiskit_machine_learning_112_151,mini-swe_deepseek-v4-flash,1,qiskit-community/qiskit-machine-learning,medium,64,5,0.1618616018678869,medium,0,41,0.09005272406989238,2.0625277012917924
qiskit_machine_learning_113_115,mini-swe_deepseek-v4-flash,1,qiskit-community/qiskit-machine-learning,medium,46,5,-0.12593306292076112,medium,0,25,-0.07006365460126839,1.253433827119435
qiskit_machine_learning_226_219,mini-swe_deepseek-v4-flash,1,qiskit-community/qiskit-machine-learning,medium,135,1,-1.0049793513819776,small,0,4,-0.5591266068144338,-1.5280392151867321
qiskit_machine_learning_227_244,mini-swe_deepseek-v4-flash,0,qiskit-community/qiskit-machine-learning,strong,450,5,1.8812110954722763,large,1,23,1.0466236694979534,1.1183927518041534
qiskit_machine_learning_320_412,mini-swe_deepseek-v4-flash,0,qiskit-community/qiskit-machine-learning,medium,108,2,-0.5289185534229176,medium,0,11,-0.2942671763851507,-0.05102471713434138
qiskit_machine_learning_326_360,mini-swe_deepseek-v4-flash,1,qiskit-community/qiskit-machine-learning,medium,84,6,0.6556421438406321,medium,0,9,0.3647706459501373,-0.35862174624823706
qiskit_machine_learning_328_348,mini-swe_deepseek-v4-flash,1,qiskit-community/qiskit-machine-learning,medium,61,1,-1.7022062220052714,small,0,4,-0.9470331780443507,-1.5280392151867321
qiskit_machine_learning_340_364,mini-swe_deepseek-v4-flash,0,qiskit-community/qiskit-machine-learning,strong,305,3,0.8644348002269172,large,1,20,0.4809337584882216,0.8931102323532976
qiskit_machine_learning_367_540,mini-swe_deepseek-v4-flash,1,qiskit-community/qiskit-machine-learning,medium,173,6,1.2915213454287657,large,0,19,0.7185460542099538,0.8107957226902569
qiskit_machine_learning_385_404,mini-swe_deepseek-v4-flash,1,qiskit-community/qiskit-machine-learning,medium,31,1,-2.289262566945091,small,0,9,-1.2736456817776005,-0.35862174624823706
qiskit_machine_learning_387_398,mini-swe_deepseek-v4-flash,1,qiskit-community/qiskit-machine-learning,medium,51,1,-1.8583265254759422,small,0,6,-1.033891694504773,-0.9603726036024639
qiskit_machine_learning_400_436,mini-swe_deepseek-v4-flash,0,qiskit-community/qiskit-machine-learning,medium,509,7,2.4674765456799252,large,0,18,1.3727961539538542,0.7242581500382983
qiskit_machine_learning_401_470,mini-swe_deepseek-v4-flash,0,qiskit-community/qiskit-machine-learning,medium,368,3,1.0306034966770588,large,0,19,0.5733827618206612,0.8107957226902569
qiskit_machine_learning_44_73,mini-swe_deepseek-v4-flash,0,qiskit-community/qiskit-machine-learning,medium,200,4,0.8614940744822128,large,0,33,0.47929766715465605,1.7060254281665224
qiskit_machine_learning_505_569,mini-swe_deepseek-v4-flash,0,qiskit-community/qiskit-machine-learning,medium,219,3,0.5715649467639573,medium,0,15,0.31799376655723727,0.4343273847868862
qiskit_machine_learning_551_548,mini-swe_deepseek-v4-flash,0,qiskit-community/qiskit-machine-learning,medium,123,3,0.06266387595896887,medium,0,36,0.0348634430016881,1.8486832784198364
qiskit_machine_learning_557_558,mini-swe_deepseek-v4-flash,0,qiskit-community/qiskit-machine-learning,medium,43,1,-2.0066034916048783,small,0,29,-1.1163865207182715,1.494861089707524
qiskit_machine_learning_597_609,mini-swe_deepseek-v4-flash,1,qiskit-community/qiskit-machine-learning,medium,94,2,-0.650937607684588,small,0,6,-0.36215324755886885,-0.9603726036024639
qiskit_machine_learning_62_143,mini-swe_deepseek-v4-flash,0,qiskit-community/qiskit-machine-learning,medium,27,1,-2.4077848396644814,small,0,17,-1.33958629646426,0.633040649882925
qiskit_machine_learning_638_639,mini-swe_deepseek-v4-flash,1,qiskit-community/qiskit-machine-learning,medium,139,5,0.8428761758040135,large,0,18,0.4689394816858285,0.7242581500382983
qiskit_machine_learning_63_102,mini-swe_deepseek-v4-flash,1,qiskit-community/qiskit-machine-learning,medium,104,2,-0.5621036733067326,medium,0,6,-0.31272992733804594,-0.9603726036024639
qiskit_machine_learning_90_117,mini-swe_deepseek-v4-flash,1,qiskit-community/qiskit-machine-learning,medium,31,8,0.20535624115613738,medium,0,25,0.11425124122988722,1.253433827119435
qiskit_machine_learning_920_924,mini-swe_deepseek-v4-flash,1,qiskit-community/qiskit-machine-learning,medium,131,4,0.48825622723189416,medium,0,5,0.271644434497863,-1.220442186072836
qiskit_machine_learning_960_1021,mini-swe_deepseek-v4-flash,1,qiskit-community/qiskit-machine-learning,strong,168,2,-0.13966146284480135,medium,1,6,-0.07770153656965387,-0.9603726036024639
qiskit_nature_1257_1270,mini-swe_deepseek-v4-flash,0,qiskit-community/qiskit-nature,strong,402,3,1.1088363614904493,large,1,27,0.6169081100622269,1.378462334274525
qiskit_nature_129_161,mini-swe_deepseek-v4-flash,1,qiskit-community/qiskit-nature,strong,9,1,-3.3216735587274937,small,1,9,-1.8480340549112653,-0.35862174624823706
qiskit_nature_129_341,mini-swe_deepseek-v4-flash,0,qiskit-community/qiskit-nature,strong,52,1,-1.8414193749193908,small,1,6,-1.024485294553783,-0.9603726036024639
qiskit_nature_1345_1356,mini-swe_deepseek-v4-flash,0,qiskit-community/qiskit-nature,strong,218,3,0.5675212105360191,medium,1,32,0.3157440083777577,1.6556601124212968
qiskit_nature_167_220,mini-swe_deepseek-v4-flash,0,qiskit-community/qiskit-nature,strong,527,8,2.693614897536842,large,1,8,1.498609653674515,-0.536376819055569
qiskit_nature_174_862,mini-swe_deepseek-v4-flash,0,qiskit-community/qiskit-nature,strong,187,7,1.581680902006152,large,1,15,0.879978155357902,0.4343273847868862
qiskit_nature_22_35,mini-swe_deepseek-v4-flash,0,qiskit-community/qiskit-nature,strong,470,2,0.7700910130901277,medium,1,11,0.4284449968999581,-0.05102471713434138
qiskit_nature_243_263,mini-swe_deepseek-v4-flash,0,qiskit-community/qiskit-nature,strong,432,10,2.8503786779317677,large,1,10,1.5858261725841691,-0.19782272353446417
qiskit_nature_252_318,mini-swe_deepseek-v4-flash,0,qiskit-community/qiskit-nature,medium,78,6,0.5906669073429984,medium,0,10,0.32862126292059574,-0.19782272353446417
qiskit_nature_271_286,mini-swe_deepseek-v4-flash,0,qiskit-community/qiskit-nature,strong,7,1,-3.5197354550697564,small,1,8,-1.9582270413530236,-0.536376819055569
qiskit_nature_337_520,mini-swe_deepseek-v4-flash,0,qiskit-community/qiskit-nature,strong,192,2,-0.021795940852246176,medium,1,24,-0.01212630929609253,1.1872640605936275
qiskit_nature_375_380,mini-swe_deepseek-v4-flash,1,qiskit-community/qiskit-nature,medium,98,2,-0.6143304167982303,small,0,5,-0.3417866057993629,-1.220442186072836
qiskit_nature_3_25,mini-swe_deepseek-v4-flash,0,qiskit-community/qiskit-nature,strong,543,7,2.5247608445465017,large,1,11,1.4046666352776431,-0.05102471713434138
qiskit_nature_42_49,mini-swe_deepseek-v4-flash,0,qiskit-community/qiskit-nature,strong,387,9,2.5949016888392977,large,1,8,1.4436899368157308,-0.536376819055569
qiskit_nature_45_50,mini-swe_deepseek-v4-flash,0,qiskit-community/qiskit-nature,strong,379,4,1.4267757292613634,large,1,11,0.793795684548233,-0.05102471713434138
qiskit_nature_460_482,mini-swe_deepseek-v4-flash,0,qiskit-community/qiskit-nature,strong,302,2,0.3785488392219383,medium,1,21,0.21060803656975613,0.9715947454040306
qiskit_nature_465_472,mini-swe_deepseek-v4-flash,1,qiskit-community/qiskit-nature,medium,14,1,-2.961783309874,small,0,7,-1.647806842889101,-0.7350900841516085
qiskit_nature_477_481,mini-swe_deepseek-v4-flash,1,qiskit-community/qiskit-nature,medium,9,1,-3.3216735587274937,small,0,6,-1.8480340549112653,-0.9603726036024639
qiskit_nature_47_77,mini-swe_deepseek-v4-flash,0,qiskit-community/qiskit-nature,strong,481,3,1.2677232081883598,large,1,7,0.7053058103129676,-0.7350900841516085
qiskit_nature_493_506,mini-swe_deepseek-v4-flash,1,qiskit-community/qiskit-nature,medium,152,2,-0.22794272063766297,medium,0,5,-0.1268173716832371,-1.220442186072836
qiskit_nature_541_544,mini-swe_deepseek-v4-flash,1,qiskit-community/qiskit-nature,medium,8,1,-3.415191401425101,small,0,6,-1.9000632970964064,-0.9603726036024639
qiskit_nature_563_620,mini-swe_deepseek-v4-flash,0,qiskit-community/qiskit-nature,medium,204,7,1.6585185492142407,large,0,5,0.9227272654764183,-1.220442186072836
qiskit_nature_571_632,mini-swe_deepseek-v4-flash,0,qiskit-community/qiskit-nature,medium,218,4,0.9376205825550574,large,0,9,0.5216511305256891,-0.35862174624823706
qiskit_nature_577_591,mini-swe_deepseek-v4-flash,1,qiskit-community/qiskit-nature,strong,98,2,-0.6143304167982303,small,1,8,-0.3417866057993629,-0.536376819055569
qiskit_nature_582_1313,mini-swe_deepseek-v4-flash,0,qiskit-community/qiskit-nature,strong,152,6,1.1773607452053574,large,1,12,0.6550320835527074,0.08401635818094032
qiskit_nature_665_756,mini-swe_deepseek-v4-flash,0,qiskit-community/qiskit-nature,medium,171,2,-0.12404348980874397,medium,0,21,-0.06901237867107428,0.9715947454040306
qiskit_nature_669_731,mini-swe_deepseek-v4-flash,0,qiskit-community/qiskit-nature,medium,130,2,-0.3657340531049745,medium,0,23,-0.20347844941079793,1.1183927518041534
qiskit_nature_683_684,mini-swe_deepseek-v4-flash,0,qiskit-community/qiskit-nature,medium,232,8,1.9675079399258386,large,0,3,1.0946354637221454,-1.9045075530901028
qiskit_nature_6_624,mini-swe_deepseek-v4-flash,1,qiskit-community/qiskit-nature,strong,181,2,-0.07388333297100758,medium,1,12,-0.04110545874142932,0.08401635818094032
qiskit_nature_715_716,mini-swe_deepseek-v4-flash,0,qiskit-community/qiskit-nature,medium,20,1,-2.66313103487332,small,0,6,-1.4816497642298072,-0.9603726036024639
qiskit_nature_787_799,mini-swe_deepseek-v4-flash,0,qiskit-community/qiskit-nature,strong,491,5,1.9584422689855572,large,1,26,1.0895917204607883,1.3171060169001922
qiskit_nature_795_1188,mini-swe_deepseek-v4-flash,0,qiskit-community/qiskit-nature,strong,332,4,1.3095871886739512,large,1,23,0.7285971001533672,1.1183927518041534
qiskit_nature_828_891,mini-swe_deepseek-v4-flash,0,qiskit-community/qiskit-nature,medium,119,3,0.03355967621490542,medium,0,24,0.018671137732360607,1.1872640605936275
qiskit_nature_82_96,mini-swe_deepseek-v4-flash,0,qiskit-community/qiskit-nature,strong,281,4,1.1620368689767768,large,1,7,0.6465065482696705,-0.7350900841516085
qiskit_nature_847_1043,mini-swe_deepseek-v4-flash,1,qiskit-community/qiskit-nature,strong,686,3,1.5822794224297119,large,1,12,0.8803111459741509,0.08401635818094032
qiskit_nature_848_858,mini-swe_deepseek-v4-flash,1,qiskit-community/qiskit-nature,medium,105,3,-0.07654927695515104,medium,0,20,-0.04258867350774438,0.8931102323532976
qiskit_nature_861_904,mini-swe_deepseek-v4-flash,1,qiskit-community/qiskit-nature,medium,10,1,-3.2370763797295434,small,0,21,-1.8009678802936944,0.9715947454040306
qiskit_nature_865_890,mini-swe_deepseek-v4-flash,0,qiskit-community/qiskit-nature,medium,154,2,-0.21641530450101645,medium,0,6,-0.12040402094030092,-0.9603726036024639
qiskit_nature_866_870,mini-swe_deepseek-v4-flash,0,qiskit-community/qiskit-nature,medium,391,6,2.0124347068081394,large,0,47,1.1196307541104513,2.287810220742648
qiskit_nature_881_903,mini-swe_deepseek-v4-flash,1,qiskit-community/qiskit-nature,medium,287,2,0.33348339598622295,medium,0,14,0.1855355927167312,0.32544362076902933
qiskit_nature_918_1046,mini-swe_deepseek-v4-flash,0,qiskit-community/qiskit-nature,strong,85,2,-0.7392799338710767,small,1,9,-0.4113030584587858,-0.35862174624823706
qiskit_nature_919_920,mini-swe_deepseek-v4-flash,0,qiskit-community/qiskit-nature,strong,84,1,-1.4221538991020484,small,1,9,-0.7912243001603873,-0.35862174624823706
qiskit_nature_91_729,mini-swe_deepseek-v4-flash,1,qiskit-community/qiskit-nature,strong,155,3,0.2664338213417917,medium,1,13,0.14823213856343004,0.2090448653360304
qiskit_nature_955_964,mini-swe_deepseek-v4-flash,1,qiskit-community/qiskit-nature,medium,84,8,1.0724649089991796,large,0,20,0.5966726228471004,0.8931102323532976
qiskit_nature_956_1027,mini-swe_deepseek-v4-flash,0,qiskit-community/qiskit-nature,medium,102,2,-0.5791734025919776,medium,0,16,-0.32222677899114266,0.5366079592280277
qiskit_nature_957_1038,mini-swe_deepseek-v4-flash,0,qiskit-community/qiskit-nature,medium,350,2,0.5090732422465318,medium,0,15,0.2832261122240112,0.4343273847868862
qiskit_nature_958_1085,mini-swe_deepseek-v4-flash,0,qiskit-community/qiskit-nature,strong,669,5,2.232531815176268,large,1,120,1.2420831698763217,3.8476970438981635
qiskit_nature_973_1018,mini-swe_deepseek-v4-flash,0,qiskit-community/qiskit-nature,strong,180,3,0.39836738122973625,medium,1,11,0.22163420753495203,-0.05102471713434138
qiskit_nature_9_232,mini-swe_deepseek-v4-flash,0,qiskit-community/qiskit-nature,strong,488,2,0.8033798607486109,medium,1,8,0.44696545745514804,-0.536376819055569
qiskit_optimization_133_139,mini-swe_deepseek-v4-flash,1,qiskit-community/qiskit-optimization,medium,76,1,-1.5098893202619357,small,0,7,-0.8400364556172191,-0.7350900841516085
qiskit_optimization_13_163,mini-swe_deepseek-v4-flash,0,qiskit-community/qiskit-optimization,medium,274,1,-0.3800068107956881,medium,0,10,-0.2114191882593319,-0.19782272353446417
qiskit_optimization_40_157,mini-swe_deepseek-v4-flash,1,qiskit-community/qiskit-optimization,medium,294,3,0.831940042489458,large,0,24,0.4628550948738714,1.1872640605936275
qiskit_optimization_41_114,mini-swe_deepseek-v4-flash,0,qiskit-community/qiskit-optimization,medium,211,11,2.36081339810875,large,0,14,1.3134534384128749,0.32544362076902933
qiskit_optimization_425_436,mini-swe_deepseek-v4-flash,1,qiskit-community/qiskit-optimization,medium,239,4,1.0188954922962765,large,0,4,0.5668689396680037,-1.5280392151867321
qiskit_optimization_433_467,mini-swe_deepseek-v4-flash,0,qiskit-community/qiskit-optimization,strong,111,2,-0.5048193744401559,medium,1,13,-0.2808594460142569,0.2090448653360304
qiskit_optimization_473_487,mini-swe_deepseek-v4-flash,0,qiskit-community/qiskit-optimization,strong,1480,9,3.7838110996396512,large,1,19,2.1051471933816797,0.8107957226902569
qiskit_optimization_628_646,mini-swe_deepseek-v4-flash,0,qiskit-community/qiskit-optimization,medium,20,1,-2.66313103487332,small,0,11,-1.4816497642298072,-0.05102471713434138
qiskit_optimization_80_122,mini-swe_deepseek-v4-flash,1,qiskit-community/qiskit-optimization,medium,1060,17,4.462677722082305,large,0,8,2.482838924623695,-0.536376819055569
qiskit_optimization_8_18,mini-swe_deepseek-v4-flash,0,qiskit-community/qiskit-optimization,strong,548,5,2.055740579806363,large,1,6,1.1437242499532634,-0.9603726036024639
tangelo_384_398,mini-swe_deepseek-v4-flash,1,sandbox-quantum/Tangelo,medium,28,2,-1.7041452573924138,small,0,5,-0.9481119726235778,-1.220442186072836
tangelo_387_390,mini-swe_deepseek-v4-flash,1,sandbox-quantum/Tangelo,medium,11,1,-3.159845206216262,small,0,4,-1.7579998293308592,-1.5280392151867321
tequila_400_411,mini-swe_deepseek-v4-flash,1,tequilahub/tequila,strong,32,1,-2.2619496868137166,small,1,16,-1.2584499884838185,0.5366079592280277
tequila_403_407,mini-swe_deepseek-v4-flash,0,tequilahub/tequila,strong,90,4,0.1581206717879453,medium,1,7,0.08797143400253778,-0.7350900841516085
tequila_406_409,mini-swe_deepseek-v4-flash,1,tequilahub/tequila,strong,36,1,-2.160399223078648,small,1,7,-1.2019517468726433,-0.7350900841516085
qiskit_addon_sqd_148_230,mini-swe_deepseek-v4-flash,1,Qiskit/qiskit-addon-sqd,strong,139,2,-0.3067574780978939,medium,1,4,-0.17066645957249876,-1.5280392151867321
qiskit_addon_sqd_265_343,mini-swe_deepseek-v4-flash,1,Qiskit/qiskit-addon-sqd,medium,21,1,-2.621839935667211,small,0,6,-1.458677200505983,-0.9603726036024639
openqaoa_36_71,mini-swe_deepseek-v4-flash,1,entropicalabs/openqaoa,medium,311,1,-0.2679633884977829,medium,0,7,-0.1490831229071857,-0.7350900841516085
squlearn_274_279,mini-swe_deepseek-v4-flash,0,sQUlearn/squlearn,medium,276,14,2.968284347944471,large,0,11,1.6514237364622038,-0.05102471713434138
squlearn_112_154,mini-swe_deepseek-v4-flash,0,sQUlearn/squlearn,medium,287,11,2.632750703790038,large,0,11,1.464747475233386,-0.05102471713434138
openqaoa_112_85,mini-swe_deepseek-v4-flash,0,entropicalabs/openqaoa,strong,211,4,0.9087865391262202,large,1,9,0.5056091284278987,-0.35862174624823706
openqaoa_232_241,mini-swe_deepseek-v4-flash,1,entropicalabs/openqaoa,strong,34,1,-2.209722943322219,small,1,11,-1.2293933100225016,-0.05102471713434138
squlearn_266_301,mini-swe_deepseek-v4-flash,0,sQUlearn/squlearn,medium,2159,35,6.243301968112026,large,0,36,3.473500465405638,1.8486832784198364
squlearn_62_99,mini-swe_deepseek-v4-flash,0,sQUlearn/squlearn,medium,186,5,1.0998059549598023,large,0,11,0.6118839863778026,-0.05102471713434138
squlearn_275_339,mini-swe_deepseek-v4-flash,0,sQUlearn/squlearn,medium,230,16,3.0146885601268836,large,0,30,1.6772410128706896,1.5501812189499562
openfermion_151_352,openhands_gpt-5.5,1,quantumlib/OpenFermion,medium,85,1,-1.4117725109707369,small,0,10,-0.7854485493333659,-0.19782272353446417
openfermion_207_212,openhands_gpt-5.5,1,quantumlib/OpenFermion,strong,60,1,-1.7166390370268574,small,1,6,-0.9550629657993954,-0.9603726036024639
openfermion_246_306,openhands_gpt-5.5,1,quantumlib/OpenFermion,strong,180,6,1.3265297702705092,large,1,15,0.7380232123871494,0.4343273847868862
openfermion_258_262,openhands_gpt-5.5,0,quantumlib/OpenFermion,strong,55,2,-1.1200558185024878,small,1,8,-0.6231501258019679,-0.536376819055569
openfermion_259_283,openhands_gpt-5.5,1,quantumlib/OpenFermion,strong,124,2,-0.4073478567563112,medium,1,8,-0.2266305517900342,-0.536376819055569
openfermion_37_114,openhands_gpt-5.5,0,quantumlib/OpenFermion,medium,159,1,-0.8607277824781633,small,0,7,-0.4788713357604195,-0.7350900841516085
openfermion_457_549,openhands_gpt-5.5,0,quantumlib/OpenFermion,medium,68,1,-1.6072579220007603,small,0,10,-0.8942080919056972,-0.19782272353446417
openfermion_458_501,openhands_gpt-5.5,1,quantumlib/OpenFermion,strong,266,2,0.2662816915220689,medium,1,10,0.1481475001777956,-0.19782272353446417
openfermion_469_474,openhands_gpt-5.5,1,quantumlib/OpenFermion,medium,27,1,-2.4077848396644814,small,0,8,-1.33958629646426,-0.536376819055569
openfermion_46_61,openhands_gpt-5.5,1,quantumlib/OpenFermion,medium,267,3,0.7467408976720131,medium,0,6,0.4154540127722717,-0.9603726036024639
openfermion_542_589,openhands_gpt-5.5,1,quantumlib/OpenFermion,strong,80,2,-0.7924454384937873,small,1,8,-0.44088202260207476,-0.536376819055569
openfermion_752_753,openhands_gpt-5.5,1,quantumlib/OpenFermion,strong,421,1,9.326591834946107e-05,medium,1,18,5.1889082483783025e-05,0.7242581500382983
pennylane_166_588,openhands_gpt-5.5,0,PennyLaneAI/pennylane,medium,233,2,0.14918299339303848,medium,0,3,0.08299890020184725,-1.9045075530901028
pennylane_2492_3742,openhands_gpt-5.5,1,PennyLaneAI/pennylane,medium,47,1,-1.9293723180915965,small,0,8,-1.073418469755436,-0.536376819055569
pennylane_3982_3977,openhands_gpt-5.5,1,PennyLaneAI/pennylane,strong,112,1,-1.1694221345517037,small,1,9,-0.6506153873972143,-0.35862174624823706
pennylane_4881_4928,openhands_gpt-5.5,1,PennyLaneAI/pennylane,strong,109,2,-0.5208125741006229,medium,1,24,-0.28975736361422144,1.1872640605936275
pennylane_5759_5773,openhands_gpt-5.5,0,PennyLaneAI/pennylane,medium,176,5,1.0510245280380164,large,0,21,0.5847441315411457,0.9715947454040306
pennylane_5895_5920,openhands_gpt-5.5,1,PennyLaneAI/pennylane,medium,46,1,-1.9480592939223285,small,0,6,-1.0838150867341756,-0.9603726036024639
pennylane_991_1062,openhands_gpt-5.5,1,PennyLaneAI/pennylane,medium,12,1,-3.088799413600608,small,0,6,-1.718473054080196,-0.9603726036024639
qiskit_finance_54_57,openhands_gpt-5.5,1,qiskit-community/qiskit-finance,medium,61,1,-1.7022062220052714,small,0,11,-0.9470331780443507,-0.05102471713434138
qiskit_finance_72_112,openhands_gpt-5.5,1,qiskit-community/qiskit-finance,medium,30,3,-1.1678090121656968,small,0,19,-0.649717916573735,0.8107957226902569
qiskit_machine_learning_112_151,openhands_gpt-5.5,1,qiskit-community/qiskit-machine-learning,medium,64,5,0.1618616018678869,medium,0,41,0.09005272406989238,2.0625277012917924
qiskit_machine_learning_113_115,openhands_gpt-5.5,1,qiskit-community/qiskit-machine-learning,medium,46,5,-0.12593306292076112,medium,0,25,-0.07006365460126839,1.253433827119435
qiskit_machine_learning_226_219,openhands_gpt-5.5,1,qiskit-community/qiskit-machine-learning,medium,135,1,-1.0049793513819776,small,0,4,-0.5591266068144338,-1.5280392151867321
qiskit_machine_learning_227_244,openhands_gpt-5.5,0,qiskit-community/qiskit-machine-learning,strong,450,5,1.8812110954722763,large,1,23,1.0466236694979534,1.1183927518041534
qiskit_machine_learning_320_412,openhands_gpt-5.5,1,qiskit-community/qiskit-machine-learning,medium,108,2,-0.5289185534229176,medium,0,11,-0.2942671763851507,-0.05102471713434138
qiskit_machine_learning_326_360,openhands_gpt-5.5,1,qiskit-community/qiskit-machine-learning,medium,84,6,0.6556421438406321,medium,0,9,0.3647706459501373,-0.35862174624823706
qiskit_machine_learning_328_348,openhands_gpt-5.5,1,qiskit-community/qiskit-machine-learning,medium,61,1,-1.7022062220052714,small,0,4,-0.9470331780443507,-1.5280392151867321
qiskit_machine_learning_340_364,openhands_gpt-5.5,0,qiskit-community/qiskit-machine-learning,strong,305,3,0.8644348002269172,large,1,20,0.4809337584882216,0.8931102323532976
qiskit_machine_learning_367_540,openhands_gpt-5.5,0,qiskit-community/qiskit-machine-learning,medium,173,6,1.2915213454287657,large,0,19,0.7185460542099538,0.8107957226902569
qiskit_machine_learning_385_404,openhands_gpt-5.5,1,qiskit-community/qiskit-machine-learning,medium,31,1,-2.289262566945091,small,0,9,-1.2736456817776005,-0.35862174624823706
qiskit_machine_learning_387_398,openhands_gpt-5.5,1,qiskit-community/qiskit-machine-learning,medium,51,1,-1.8583265254759422,small,0,6,-1.033891694504773,-0.9603726036024639
qiskit_machine_learning_400_436,openhands_gpt-5.5,1,qiskit-community/qiskit-machine-learning,medium,509,7,2.4674765456799252,large,0,18,1.3727961539538542,0.7242581500382983
qiskit_machine_learning_401_470,openhands_gpt-5.5,0,qiskit-community/qiskit-machine-learning,medium,368,3,1.0306034966770588,large,0,19,0.5733827618206612,0.8107957226902569
qiskit_machine_learning_44_73,openhands_gpt-5.5,0,qiskit-community/qiskit-machine-learning,medium,200,4,0.8614940744822128,large,0,33,0.47929766715465605,1.7060254281665224
qiskit_machine_learning_505_569,openhands_gpt-5.5,0,qiskit-community/qiskit-machine-learning,medium,219,3,0.5715649467639573,medium,0,15,0.31799376655723727,0.4343273847868862
qiskit_machine_learning_551_548,openhands_gpt-5.5,0,qiskit-community/qiskit-machine-learning,medium,123,3,0.06266387595896887,medium,0,36,0.0348634430016881,1.8486832784198364
qiskit_machine_learning_557_558,openhands_gpt-5.5,0,qiskit-community/qiskit-machine-learning,medium,43,1,-2.0066034916048783,small,0,29,-1.1163865207182715,1.494861089707524
qiskit_machine_learning_597_609,openhands_gpt-5.5,1,qiskit-community/qiskit-machine-learning,medium,94,2,-0.650937607684588,small,0,6,-0.36215324755886885,-0.9603726036024639
qiskit_machine_learning_62_143,openhands_gpt-5.5,1,qiskit-community/qiskit-machine-learning,medium,27,1,-2.4077848396644814,small,0,17,-1.33958629646426,0.633040649882925
qiskit_machine_learning_638_639,openhands_gpt-5.5,1,qiskit-community/qiskit-machine-learning,medium,139,5,0.8428761758040135,large,0,18,0.4689394816858285,0.7242581500382983
qiskit_machine_learning_63_102,openhands_gpt-5.5,1,qiskit-community/qiskit-machine-learning,medium,104,2,-0.5621036733067326,medium,0,6,-0.31272992733804594,-0.9603726036024639
qiskit_machine_learning_90_117,openhands_gpt-5.5,1,qiskit-community/qiskit-machine-learning,medium,31,8,0.20535624115613738,medium,0,25,0.11425124122988722,1.253433827119435
qiskit_machine_learning_920_924,openhands_gpt-5.5,1,qiskit-community/qiskit-machine-learning,medium,131,4,0.48825622723189416,medium,0,5,0.271644434497863,-1.220442186072836
qiskit_machine_learning_960_1021,openhands_gpt-5.5,1,qiskit-community/qiskit-machine-learning,strong,168,2,-0.13966146284480135,medium,1,6,-0.07770153656965387,-0.9603726036024639
qiskit_nature_1257_1270,openhands_gpt-5.5,0,qiskit-community/qiskit-nature,strong,402,3,1.1088363614904493,large,1,27,0.6169081100622269,1.378462334274525
qiskit_nature_129_161,openhands_gpt-5.5,1,qiskit-community/qiskit-nature,strong,9,1,-3.3216735587274937,small,1,9,-1.8480340549112653,-0.35862174624823706
qiskit_nature_129_341,openhands_gpt-5.5,1,qiskit-community/qiskit-nature,strong,52,1,-1.8414193749193908,small,1,6,-1.024485294553783,-0.9603726036024639
qiskit_nature_1345_1356,openhands_gpt-5.5,1,qiskit-community/qiskit-nature,strong,218,3,0.5675212105360191,medium,1,32,0.3157440083777577,1.6556601124212968
qiskit_nature_167_220,openhands_gpt-5.5,0,qiskit-community/qiskit-nature,strong,527,8,2.693614897536842,large,1,8,1.498609653674515,-0.536376819055569
qiskit_nature_174_862,openhands_gpt-5.5,0,qiskit-community/qiskit-nature,strong,187,7,1.581680902006152,large,1,15,0.879978155357902,0.4343273847868862
qiskit_nature_22_35,openhands_gpt-5.5,0,qiskit-community/qiskit-nature,strong,470,2,0.7700910130901277,medium,1,11,0.4284449968999581,-0.05102471713434138
qiskit_nature_243_263,openhands_gpt-5.5,0,qiskit-community/qiskit-nature,strong,432,10,2.8503786779317677,large,1,10,1.5858261725841691,-0.19782272353446417
qiskit_nature_252_318,openhands_gpt-5.5,1,qiskit-community/qiskit-nature,medium,78,6,0.5906669073429984,medium,0,10,0.32862126292059574,-0.19782272353446417
qiskit_nature_271_286,openhands_gpt-5.5,0,qiskit-community/qiskit-nature,strong,7,1,-3.5197354550697564,small,1,8,-1.9582270413530236,-0.536376819055569
qiskit_nature_337_520,openhands_gpt-5.5,1,qiskit-community/qiskit-nature,strong,192,2,-0.021795940852246176,medium,1,24,-0.01212630929609253,1.1872640605936275
qiskit_nature_375_380,openhands_gpt-5.5,1,qiskit-community/qiskit-nature,medium,98,2,-0.6143304167982303,small,0,5,-0.3417866057993629,-1.220442186072836
qiskit_nature_3_25,openhands_gpt-5.5,0,qiskit-community/qiskit-nature,strong,543,7,2.5247608445465017,large,1,11,1.4046666352776431,-0.05102471713434138
qiskit_nature_42_49,openhands_gpt-5.5,0,qiskit-community/qiskit-nature,strong,387,9,2.5949016888392977,large,1,8,1.4436899368157308,-0.536376819055569
qiskit_nature_45_50,openhands_gpt-5.5,0,qiskit-community/qiskit-nature,strong,379,4,1.4267757292613634,large,1,11,0.793795684548233,-0.05102471713434138
qiskit_nature_460_482,openhands_gpt-5.5,0,qiskit-community/qiskit-nature,strong,302,2,0.3785488392219383,medium,1,21,0.21060803656975613,0.9715947454040306
qiskit_nature_465_472,openhands_gpt-5.5,1,qiskit-community/qiskit-nature,medium,14,1,-2.961783309874,small,0,7,-1.647806842889101,-0.7350900841516085
qiskit_nature_477_481,openhands_gpt-5.5,1,qiskit-community/qiskit-nature,medium,9,1,-3.3216735587274937,small,0,6,-1.8480340549112653,-0.9603726036024639
qiskit_nature_47_77,openhands_gpt-5.5,0,qiskit-community/qiskit-nature,strong,481,3,1.2677232081883598,large,1,7,0.7053058103129676,-0.7350900841516085
qiskit_nature_493_506,openhands_gpt-5.5,1,qiskit-community/qiskit-nature,medium,152,2,-0.22794272063766297,medium,0,5,-0.1268173716832371,-1.220442186072836
qiskit_nature_541_544,openhands_gpt-5.5,1,qiskit-community/qiskit-nature,medium,8,1,-3.415191401425101,small,0,6,-1.9000632970964064,-0.9603726036024639
qiskit_nature_563_620,openhands_gpt-5.5,0,qiskit-community/qiskit-nature,medium,204,7,1.6585185492142407,large,0,5,0.9227272654764183,-1.220442186072836
qiskit_nature_571_632,openhands_gpt-5.5,1,qiskit-community/qiskit-nature,medium,218,4,0.9376205825550574,large,0,9,0.5216511305256891,-0.35862174624823706
qiskit_nature_577_591,openhands_gpt-5.5,1,qiskit-community/qiskit-nature,strong,98,2,-0.6143304167982303,small,1,8,-0.3417866057993629,-0.536376819055569
qiskit_nature_582_1313,openhands_gpt-5.5,0,qiskit-community/qiskit-nature,strong,152,6,1.1773607452053574,large,1,12,0.6550320835527074,0.08401635818094032
qiskit_nature_665_756,openhands_gpt-5.5,0,qiskit-community/qiskit-nature,medium,171,2,-0.12404348980874397,medium,0,21,-0.06901237867107428,0.9715947454040306
qiskit_nature_669_731,openhands_gpt-5.5,0,qiskit-community/qiskit-nature,medium,130,2,-0.3657340531049745,medium,0,23,-0.20347844941079793,1.1183927518041534
qiskit_nature_683_684,openhands_gpt-5.5,1,qiskit-community/qiskit-nature,medium,232,8,1.9675079399258386,large,0,3,1.0946354637221454,-1.9045075530901028
qiskit_nature_6_624,openhands_gpt-5.5,1,qiskit-community/qiskit-nature,strong,181,2,-0.07388333297100758,medium,1,12,-0.04110545874142932,0.08401635818094032
qiskit_nature_715_716,openhands_gpt-5.5,1,qiskit-community/qiskit-nature,medium,20,1,-2.66313103487332,small,0,6,-1.4816497642298072,-0.9603726036024639
qiskit_nature_787_799,openhands_gpt-5.5,0,qiskit-community/qiskit-nature,strong,491,5,1.9584422689855572,large,1,26,1.0895917204607883,1.3171060169001922
qiskit_nature_795_1188,openhands_gpt-5.5,0,qiskit-community/qiskit-nature,strong,332,4,1.3095871886739512,large,1,23,0.7285971001533672,1.1183927518041534
qiskit_nature_828_891,openhands_gpt-5.5,0,qiskit-community/qiskit-nature,medium,119,3,0.03355967621490542,medium,0,24,0.018671137732360607,1.1872640605936275
qiskit_nature_82_96,openhands_gpt-5.5,0,qiskit-community/qiskit-nature,strong,281,4,1.1620368689767768,large,1,7,0.6465065482696705,-0.7350900841516085
qiskit_nature_847_1043,openhands_gpt-5.5,0,qiskit-community/qiskit-nature,strong,686,3,1.5822794224297119,large,1,12,0.8803111459741509,0.08401635818094032
qiskit_nature_848_858,openhands_gpt-5.5,1,qiskit-community/qiskit-nature,medium,105,3,-0.07654927695515104,medium,0,20,-0.04258867350774438,0.8931102323532976
qiskit_nature_861_904,openhands_gpt-5.5,1,qiskit-community/qiskit-nature,medium,10,1,-3.2370763797295434,small,0,21,-1.8009678802936944,0.9715947454040306
qiskit_nature_865_890,openhands_gpt-5.5,1,qiskit-community/qiskit-nature,medium,154,2,-0.21641530450101645,medium,0,6,-0.12040402094030092,-0.9603726036024639
qiskit_nature_866_870,openhands_gpt-5.5,0,qiskit-community/qiskit-nature,medium,391,6,2.0124347068081394,large,0,47,1.1196307541104513,2.287810220742648
qiskit_nature_881_903,openhands_gpt-5.5,0,qiskit-community/qiskit-nature,medium,287,2,0.33348339598622295,medium,0,14,0.1855355927167312,0.32544362076902933
qiskit_nature_918_1046,openhands_gpt-5.5,0,qiskit-community/qiskit-nature,strong,85,2,-0.7392799338710767,small,1,9,-0.4113030584587858,-0.35862174624823706
qiskit_nature_919_920,openhands_gpt-5.5,0,qiskit-community/qiskit-nature,strong,84,1,-1.4221538991020484,small,1,9,-0.7912243001603873,-0.35862174624823706
qiskit_nature_91_729,openhands_gpt-5.5,1,qiskit-community/qiskit-nature,strong,155,3,0.2664338213417917,medium,1,13,0.14823213856343004,0.2090448653360304
qiskit_nature_955_964,openhands_gpt-5.5,1,qiskit-community/qiskit-nature,medium,84,8,1.0724649089991796,large,0,20,0.5966726228471004,0.8931102323532976
qiskit_nature_956_1027,openhands_gpt-5.5,0,qiskit-community/qiskit-nature,medium,102,2,-0.5791734025919776,medium,0,16,-0.32222677899114266,0.5366079592280277
qiskit_nature_957_1038,openhands_gpt-5.5,0,qiskit-community/qiskit-nature,medium,350,2,0.5090732422465318,medium,0,15,0.2832261122240112,0.4343273847868862
qiskit_nature_958_1085,openhands_gpt-5.5,0,qiskit-community/qiskit-nature,strong,669,5,2.232531815176268,large,1,120,1.2420831698763217,3.8476970438981635
qiskit_nature_973_1018,openhands_gpt-5.5,0,qiskit-community/qiskit-nature,strong,180,3,0.39836738122973625,medium,1,11,0.22163420753495203,-0.05102471713434138
qiskit_nature_9_232,openhands_gpt-5.5,0,qiskit-community/qiskit-nature,strong,488,2,0.8033798607486109,medium,1,8,0.44696545745514804,-0.536376819055569
qiskit_optimization_133_139,openhands_gpt-5.5,1,qiskit-community/qiskit-optimization,medium,76,1,-1.5098893202619357,small,0,7,-0.8400364556172191,-0.7350900841516085
qiskit_optimization_13_163,openhands_gpt-5.5,0,qiskit-community/qiskit-optimization,medium,274,1,-0.3800068107956881,medium,0,10,-0.2114191882593319,-0.19782272353446417
qiskit_optimization_40_157,openhands_gpt-5.5,0,qiskit-community/qiskit-optimization,medium,294,3,0.831940042489458,large,0,24,0.4628550948738714,1.1872640605936275
qiskit_optimization_41_114,openhands_gpt-5.5,0,qiskit-community/qiskit-optimization,medium,211,11,2.36081339810875,large,0,14,1.3134534384128749,0.32544362076902933
qiskit_optimization_425_436,openhands_gpt-5.5,0,qiskit-community/qiskit-optimization,medium,239,4,1.0188954922962765,large,0,4,0.5668689396680037,-1.5280392151867321
qiskit_optimization_433_467,openhands_gpt-5.5,0,qiskit-community/qiskit-optimization,strong,111,2,-0.5048193744401559,medium,1,13,-0.2808594460142569,0.2090448653360304
qiskit_optimization_473_487,openhands_gpt-5.5,0,qiskit-community/qiskit-optimization,strong,1480,9,3.7838110996396512,large,1,19,2.1051471933816797,0.8107957226902569
qiskit_optimization_628_646,openhands_gpt-5.5,1,qiskit-community/qiskit-optimization,medium,20,1,-2.66313103487332,small,0,11,-1.4816497642298072,-0.05102471713434138
qiskit_optimization_80_122,openhands_gpt-5.5,1,qiskit-community/qiskit-optimization,medium,1060,17,4.462677722082305,large,0,8,2.482838924623695,-0.536376819055569
qiskit_optimization_8_18,openhands_gpt-5.5,0,qiskit-community/qiskit-optimization,strong,548,5,2.055740579806363,large,1,6,1.1437242499532634,-0.9603726036024639
tangelo_384_398,openhands_gpt-5.5,1,sandbox-quantum/Tangelo,medium,28,2,-1.7041452573924138,small,0,5,-0.9481119726235778,-1.220442186072836
tangelo_387_390,openhands_gpt-5.5,1,sandbox-quantum/Tangelo,medium,11,1,-3.159845206216262,small,0,4,-1.7579998293308592,-1.5280392151867321
tequila_400_411,openhands_gpt-5.5,0,tequilahub/tequila,strong,32,1,-2.2619496868137166,small,1,16,-1.2584499884838185,0.5366079592280277
tequila_403_407,openhands_gpt-5.5,0,tequilahub/tequila,strong,90,4,0.1581206717879453,medium,1,7,0.08797143400253778,-0.7350900841516085
tequila_406_409,openhands_gpt-5.5,1,tequilahub/tequila,strong,36,1,-2.160399223078648,small,1,7,-1.2019517468726433,-0.7350900841516085
qiskit_addon_sqd_148_230,openhands_gpt-5.5,1,Qiskit/qiskit-addon-sqd,strong,139,2,-0.3067574780978939,medium,1,4,-0.17066645957249876,-1.5280392151867321
qiskit_addon_sqd_265_343,openhands_gpt-5.5,1,Qiskit/qiskit-addon-sqd,medium,21,1,-2.621839935667211,small,0,6,-1.458677200505983,-0.9603726036024639
openqaoa_36_71,openhands_gpt-5.5,1,entropicalabs/openqaoa,medium,311,1,-0.2679633884977829,medium,0,7,-0.1490831229071857,-0.7350900841516085
squlearn_274_279,openhands_gpt-5.5,0,sQUlearn/squlearn,medium,276,14,2.968284347944471,large,0,11,1.6514237364622038,-0.05102471713434138
squlearn_112_154,openhands_gpt-5.5,0,sQUlearn/squlearn,medium,287,11,2.632750703790038,large,0,11,1.464747475233386,-0.05102471713434138
openqaoa_112_85,openhands_gpt-5.5,0,entropicalabs/openqaoa,strong,211,4,0.9087865391262202,large,1,9,0.5056091284278987,-0.35862174624823706
openqaoa_232_241,openhands_gpt-5.5,1,entropicalabs/openqaoa,strong,34,1,-2.209722943322219,small,1,11,-1.2293933100225016,-0.05102471713434138
squlearn_266_301,openhands_gpt-5.5,0,sQUlearn/squlearn,medium,2159,35,6.243301968112026,large,0,36,3.473500465405638,1.8486832784198364
squlearn_62_99,openhands_gpt-5.5,0,sQUlearn/squlearn,medium,186,5,1.0998059549598023,large,0,11,0.6118839863778026,-0.05102471713434138
squlearn_275_339,openhands_gpt-5.5,0,sQUlearn/squlearn,medium,230,16,3.0146885601268836,large,0,30,1.6772410128706896,1.5501812189499562
openfermion_151_352,openhands_glm-5.2,1,quantumlib/OpenFermion,medium,85,1,-1.4117725109707369,small,0,10,-0.7854485493333659,-0.19782272353446417
openfermion_207_212,openhands_glm-5.2,0,quantumlib/OpenFermion,strong,60,1,-1.7166390370268574,small,1,6,-0.9550629657993954,-0.9603726036024639
openfermion_246_306,openhands_glm-5.2,1,quantumlib/OpenFermion,strong,180,6,1.3265297702705092,large,1,15,0.7380232123871494,0.4343273847868862
openfermion_258_262,openhands_glm-5.2,0,quantumlib/OpenFermion,strong,55,2,-1.1200558185024878,small,1,8,-0.6231501258019679,-0.536376819055569
openfermion_259_283,openhands_glm-5.2,1,quantumlib/OpenFermion,strong,124,2,-0.4073478567563112,medium,1,8,-0.2266305517900342,-0.536376819055569
openfermion_37_114,openhands_glm-5.2,0,quantumlib/OpenFermion,medium,159,1,-0.8607277824781633,small,0,7,-0.4788713357604195,-0.7350900841516085
openfermion_457_549,openhands_glm-5.2,1,quantumlib/OpenFermion,medium,68,1,-1.6072579220007603,small,0,10,-0.8942080919056972,-0.19782272353446417
openfermion_458_501,openhands_glm-5.2,0,quantumlib/OpenFermion,strong,266,2,0.2662816915220689,medium,1,10,0.1481475001777956,-0.19782272353446417
openfermion_469_474,openhands_glm-5.2,1,quantumlib/OpenFermion,medium,27,1,-2.4077848396644814,small,0,8,-1.33958629646426,-0.536376819055569
openfermion_46_61,openhands_glm-5.2,1,quantumlib/OpenFermion,medium,267,3,0.7467408976720131,medium,0,6,0.4154540127722717,-0.9603726036024639
openfermion_542_589,openhands_glm-5.2,1,quantumlib/OpenFermion,strong,80,2,-0.7924454384937873,small,1,8,-0.44088202260207476,-0.536376819055569
openfermion_752_753,openhands_glm-5.2,1,quantumlib/OpenFermion,strong,421,1,9.326591834946107e-05,medium,1,18,5.1889082483783025e-05,0.7242581500382983
pennylane_166_588,openhands_glm-5.2,0,PennyLaneAI/pennylane,medium,233,2,0.14918299339303848,medium,0,3,0.08299890020184725,-1.9045075530901028
pennylane_2492_3742,openhands_glm-5.2,1,PennyLaneAI/pennylane,medium,47,1,-1.9293723180915965,small,0,8,-1.073418469755436,-0.536376819055569
pennylane_3982_3977,openhands_glm-5.2,1,PennyLaneAI/pennylane,strong,112,1,-1.1694221345517037,small,1,9,-0.6506153873972143,-0.35862174624823706
pennylane_4881_4928,openhands_glm-5.2,0,PennyLaneAI/pennylane,strong,109,2,-0.5208125741006229,medium,1,24,-0.28975736361422144,1.1872640605936275
pennylane_5759_5773,openhands_glm-5.2,0,PennyLaneAI/pennylane,medium,176,5,1.0510245280380164,large,0,21,0.5847441315411457,0.9715947454040306
pennylane_5895_5920,openhands_glm-5.2,1,PennyLaneAI/pennylane,medium,46,1,-1.9480592939223285,small,0,6,-1.0838150867341756,-0.9603726036024639
pennylane_991_1062,openhands_glm-5.2,1,PennyLaneAI/pennylane,medium,12,1,-3.088799413600608,small,0,6,-1.718473054080196,-0.9603726036024639
qiskit_finance_54_57,openhands_glm-5.2,0,qiskit-community/qiskit-finance,medium,61,1,-1.7022062220052714,small,0,11,-0.9470331780443507,-0.05102471713434138
qiskit_finance_72_112,openhands_glm-5.2,1,qiskit-community/qiskit-finance,medium,30,3,-1.1678090121656968,small,0,19,-0.649717916573735,0.8107957226902569
qiskit_machine_learning_112_151,openhands_glm-5.2,1,qiskit-community/qiskit-machine-learning,medium,64,5,0.1618616018678869,medium,0,41,0.09005272406989238,2.0625277012917924
qiskit_machine_learning_113_115,openhands_glm-5.2,1,qiskit-community/qiskit-machine-learning,medium,46,5,-0.12593306292076112,medium,0,25,-0.07006365460126839,1.253433827119435
qiskit_machine_learning_226_219,openhands_glm-5.2,1,qiskit-community/qiskit-machine-learning,medium,135,1,-1.0049793513819776,small,0,4,-0.5591266068144338,-1.5280392151867321
qiskit_machine_learning_227_244,openhands_glm-5.2,0,qiskit-community/qiskit-machine-learning,strong,450,5,1.8812110954722763,large,1,23,1.0466236694979534,1.1183927518041534
qiskit_machine_learning_320_412,openhands_glm-5.2,1,qiskit-community/qiskit-machine-learning,medium,108,2,-0.5289185534229176,medium,0,11,-0.2942671763851507,-0.05102471713434138
qiskit_machine_learning_326_360,openhands_glm-5.2,1,qiskit-community/qiskit-machine-learning,medium,84,6,0.6556421438406321,medium,0,9,0.3647706459501373,-0.35862174624823706
qiskit_machine_learning_328_348,openhands_glm-5.2,1,qiskit-community/qiskit-machine-learning,medium,61,1,-1.7022062220052714,small,0,4,-0.9470331780443507,-1.5280392151867321
qiskit_machine_learning_340_364,openhands_glm-5.2,0,qiskit-community/qiskit-machine-learning,strong,305,3,0.8644348002269172,large,1,20,0.4809337584882216,0.8931102323532976
qiskit_machine_learning_367_540,openhands_glm-5.2,1,qiskit-community/qiskit-machine-learning,medium,173,6,1.2915213454287657,large,0,19,0.7185460542099538,0.8107957226902569
qiskit_machine_learning_385_404,openhands_glm-5.2,1,qiskit-community/qiskit-machine-learning,medium,31,1,-2.289262566945091,small,0,9,-1.2736456817776005,-0.35862174624823706
qiskit_machine_learning_387_398,openhands_glm-5.2,1,qiskit-community/qiskit-machine-learning,medium,51,1,-1.8583265254759422,small,0,6,-1.033891694504773,-0.9603726036024639
qiskit_machine_learning_400_436,openhands_glm-5.2,0,qiskit-community/qiskit-machine-learning,medium,509,7,2.4674765456799252,large,0,18,1.3727961539538542,0.7242581500382983
qiskit_machine_learning_401_470,openhands_glm-5.2,0,qiskit-community/qiskit-machine-learning,medium,368,3,1.0306034966770588,large,0,19,0.5733827618206612,0.8107957226902569
qiskit_machine_learning_44_73,openhands_glm-5.2,0,qiskit-community/qiskit-machine-learning,medium,200,4,0.8614940744822128,large,0,33,0.47929766715465605,1.7060254281665224
qiskit_machine_learning_505_569,openhands_glm-5.2,0,qiskit-community/qiskit-machine-learning,medium,219,3,0.5715649467639573,medium,0,15,0.31799376655723727,0.4343273847868862
qiskit_machine_learning_551_548,openhands_glm-5.2,0,qiskit-community/qiskit-machine-learning,medium,123,3,0.06266387595896887,medium,0,36,0.0348634430016881,1.8486832784198364
qiskit_machine_learning_557_558,openhands_glm-5.2,0,qiskit-community/qiskit-machine-learning,medium,43,1,-2.0066034916048783,small,0,29,-1.1163865207182715,1.494861089707524
qiskit_machine_learning_597_609,openhands_glm-5.2,1,qiskit-community/qiskit-machine-learning,medium,94,2,-0.650937607684588,small,0,6,-0.36215324755886885,-0.9603726036024639
qiskit_machine_learning_62_143,openhands_glm-5.2,1,qiskit-community/qiskit-machine-learning,medium,27,1,-2.4077848396644814,small,0,17,-1.33958629646426,0.633040649882925
qiskit_machine_learning_638_639,openhands_glm-5.2,1,qiskit-community/qiskit-machine-learning,medium,139,5,0.8428761758040135,large,0,18,0.4689394816858285,0.7242581500382983
qiskit_machine_learning_63_102,openhands_glm-5.2,1,qiskit-community/qiskit-machine-learning,medium,104,2,-0.5621036733067326,medium,0,6,-0.31272992733804594,-0.9603726036024639
qiskit_machine_learning_90_117,openhands_glm-5.2,1,qiskit-community/qiskit-machine-learning,medium,31,8,0.20535624115613738,medium,0,25,0.11425124122988722,1.253433827119435
qiskit_machine_learning_920_924,openhands_glm-5.2,1,qiskit-community/qiskit-machine-learning,medium,131,4,0.48825622723189416,medium,0,5,0.271644434497863,-1.220442186072836
qiskit_machine_learning_960_1021,openhands_glm-5.2,1,qiskit-community/qiskit-machine-learning,strong,168,2,-0.13966146284480135,medium,1,6,-0.07770153656965387,-0.9603726036024639
qiskit_nature_1257_1270,openhands_glm-5.2,0,qiskit-community/qiskit-nature,strong,402,3,1.1088363614904493,large,1,27,0.6169081100622269,1.378462334274525
qiskit_nature_129_161,openhands_glm-5.2,1,qiskit-community/qiskit-nature,strong,9,1,-3.3216735587274937,small,1,9,-1.8480340549112653,-0.35862174624823706
qiskit_nature_129_341,openhands_glm-5.2,0,qiskit-community/qiskit-nature,strong,52,1,-1.8414193749193908,small,1,6,-1.024485294553783,-0.9603726036024639
qiskit_nature_1345_1356,openhands_glm-5.2,1,qiskit-community/qiskit-nature,strong,218,3,0.5675212105360191,medium,1,32,0.3157440083777577,1.6556601124212968
qiskit_nature_167_220,openhands_glm-5.2,0,qiskit-community/qiskit-nature,strong,527,8,2.693614897536842,large,1,8,1.498609653674515,-0.536376819055569
qiskit_nature_174_862,openhands_glm-5.2,0,qiskit-community/qiskit-nature,strong,187,7,1.581680902006152,large,1,15,0.879978155357902,0.4343273847868862
qiskit_nature_22_35,openhands_glm-5.2,0,qiskit-community/qiskit-nature,strong,470,2,0.7700910130901277,medium,1,11,0.4284449968999581,-0.05102471713434138
qiskit_nature_243_263,openhands_glm-5.2,0,qiskit-community/qiskit-nature,strong,432,10,2.8503786779317677,large,1,10,1.5858261725841691,-0.19782272353446417
qiskit_nature_252_318,openhands_glm-5.2,0,qiskit-community/qiskit-nature,medium,78,6,0.5906669073429984,medium,0,10,0.32862126292059574,-0.19782272353446417
qiskit_nature_271_286,openhands_glm-5.2,0,qiskit-community/qiskit-nature,strong,7,1,-3.5197354550697564,small,1,8,-1.9582270413530236,-0.536376819055569
qiskit_nature_337_520,openhands_glm-5.2,0,qiskit-community/qiskit-nature,strong,192,2,-0.021795940852246176,medium,1,24,-0.01212630929609253,1.1872640605936275
qiskit_nature_375_380,openhands_glm-5.2,1,qiskit-community/qiskit-nature,medium,98,2,-0.6143304167982303,small,0,5,-0.3417866057993629,-1.220442186072836
qiskit_nature_3_25,openhands_glm-5.2,0,qiskit-community/qiskit-nature,strong,543,7,2.5247608445465017,large,1,11,1.4046666352776431,-0.05102471713434138
qiskit_nature_42_49,openhands_glm-5.2,0,qiskit-community/qiskit-nature,strong,387,9,2.5949016888392977,large,1,8,1.4436899368157308,-0.536376819055569
qiskit_nature_45_50,openhands_glm-5.2,0,qiskit-community/qiskit-nature,strong,379,4,1.4267757292613634,large,1,11,0.793795684548233,-0.05102471713434138
qiskit_nature_460_482,openhands_glm-5.2,0,qiskit-community/qiskit-nature,strong,302,2,0.3785488392219383,medium,1,21,0.21060803656975613,0.9715947454040306
qiskit_nature_465_472,openhands_glm-5.2,1,qiskit-community/qiskit-nature,medium,14,1,-2.961783309874,small,0,7,-1.647806842889101,-0.7350900841516085
qiskit_nature_477_481,openhands_glm-5.2,1,qiskit-community/qiskit-nature,medium,9,1,-3.3216735587274937,small,0,6,-1.8480340549112653,-0.9603726036024639
qiskit_nature_47_77,openhands_glm-5.2,0,qiskit-community/qiskit-nature,strong,481,3,1.2677232081883598,large,1,7,0.7053058103129676,-0.7350900841516085
qiskit_nature_493_506,openhands_glm-5.2,1,qiskit-community/qiskit-nature,medium,152,2,-0.22794272063766297,medium,0,5,-0.1268173716832371,-1.220442186072836
qiskit_nature_541_544,openhands_glm-5.2,1,qiskit-community/qiskit-nature,medium,8,1,-3.415191401425101,small,0,6,-1.9000632970964064,-0.9603726036024639
qiskit_nature_563_620,openhands_glm-5.2,0,qiskit-community/qiskit-nature,medium,204,7,1.6585185492142407,large,0,5,0.9227272654764183,-1.220442186072836
qiskit_nature_571_632,openhands_glm-5.2,0,qiskit-community/qiskit-nature,medium,218,4,0.9376205825550574,large,0,9,0.5216511305256891,-0.35862174624823706
qiskit_nature_577_591,openhands_glm-5.2,0,qiskit-community/qiskit-nature,strong,98,2,-0.6143304167982303,small,1,8,-0.3417866057993629,-0.536376819055569
qiskit_nature_582_1313,openhands_glm-5.2,0,qiskit-community/qiskit-nature,strong,152,6,1.1773607452053574,large,1,12,0.6550320835527074,0.08401635818094032
qiskit_nature_665_756,openhands_glm-5.2,0,qiskit-community/qiskit-nature,medium,171,2,-0.12404348980874397,medium,0,21,-0.06901237867107428,0.9715947454040306
qiskit_nature_669_731,openhands_glm-5.2,1,qiskit-community/qiskit-nature,medium,130,2,-0.3657340531049745,medium,0,23,-0.20347844941079793,1.1183927518041534
qiskit_nature_683_684,openhands_glm-5.2,1,qiskit-community/qiskit-nature,medium,232,8,1.9675079399258386,large,0,3,1.0946354637221454,-1.9045075530901028
qiskit_nature_6_624,openhands_glm-5.2,1,qiskit-community/qiskit-nature,strong,181,2,-0.07388333297100758,medium,1,12,-0.04110545874142932,0.08401635818094032
qiskit_nature_715_716,openhands_glm-5.2,1,qiskit-community/qiskit-nature,medium,20,1,-2.66313103487332,small,0,6,-1.4816497642298072,-0.9603726036024639
qiskit_nature_787_799,openhands_glm-5.2,0,qiskit-community/qiskit-nature,strong,491,5,1.9584422689855572,large,1,26,1.0895917204607883,1.3171060169001922
qiskit_nature_795_1188,openhands_glm-5.2,0,qiskit-community/qiskit-nature,strong,332,4,1.3095871886739512,large,1,23,0.7285971001533672,1.1183927518041534
qiskit_nature_828_891,openhands_glm-5.2,0,qiskit-community/qiskit-nature,medium,119,3,0.03355967621490542,medium,0,24,0.018671137732360607,1.1872640605936275
qiskit_nature_82_96,openhands_glm-5.2,0,qiskit-community/qiskit-nature,strong,281,4,1.1620368689767768,large,1,7,0.6465065482696705,-0.7350900841516085
qiskit_nature_847_1043,openhands_glm-5.2,1,qiskit-community/qiskit-nature,strong,686,3,1.5822794224297119,large,1,12,0.8803111459741509,0.08401635818094032
qiskit_nature_848_858,openhands_glm-5.2,1,qiskit-community/qiskit-nature,medium,105,3,-0.07654927695515104,medium,0,20,-0.04258867350774438,0.8931102323532976
qiskit_nature_861_904,openhands_glm-5.2,1,qiskit-community/qiskit-nature,medium,10,1,-3.2370763797295434,small,0,21,-1.8009678802936944,0.9715947454040306
qiskit_nature_865_890,openhands_glm-5.2,0,qiskit-community/qiskit-nature,medium,154,2,-0.21641530450101645,medium,0,6,-0.12040402094030092,-0.9603726036024639
qiskit_nature_866_870,openhands_glm-5.2,0,qiskit-community/qiskit-nature,medium,391,6,2.0124347068081394,large,0,47,1.1196307541104513,2.287810220742648
qiskit_nature_881_903,openhands_glm-5.2,1,qiskit-community/qiskit-nature,medium,287,2,0.33348339598622295,medium,0,14,0.1855355927167312,0.32544362076902933
qiskit_nature_918_1046,openhands_glm-5.2,0,qiskit-community/qiskit-nature,strong,85,2,-0.7392799338710767,small,1,9,-0.4113030584587858,-0.35862174624823706
qiskit_nature_919_920,openhands_glm-5.2,0,qiskit-community/qiskit-nature,strong,84,1,-1.4221538991020484,small,1,9,-0.7912243001603873,-0.35862174624823706
qiskit_nature_91_729,openhands_glm-5.2,1,qiskit-community/qiskit-nature,strong,155,3,0.2664338213417917,medium,1,13,0.14823213856343004,0.2090448653360304
qiskit_nature_955_964,openhands_glm-5.2,1,qiskit-community/qiskit-nature,medium,84,8,1.0724649089991796,large,0,20,0.5966726228471004,0.8931102323532976
qiskit_nature_956_1027,openhands_glm-5.2,0,qiskit-community/qiskit-nature,medium,102,2,-0.5791734025919776,medium,0,16,-0.32222677899114266,0.5366079592280277
qiskit_nature_957_1038,openhands_glm-5.2,0,qiskit-community/qiskit-nature,medium,350,2,0.5090732422465318,medium,0,15,0.2832261122240112,0.4343273847868862
qiskit_nature_958_1085,openhands_glm-5.2,0,qiskit-community/qiskit-nature,strong,669,5,2.232531815176268,large,1,120,1.2420831698763217,3.8476970438981635
qiskit_nature_973_1018,openhands_glm-5.2,0,qiskit-community/qiskit-nature,strong,180,3,0.39836738122973625,medium,1,11,0.22163420753495203,-0.05102471713434138
qiskit_nature_9_232,openhands_glm-5.2,0,qiskit-community/qiskit-nature,strong,488,2,0.8033798607486109,medium,1,8,0.44696545745514804,-0.536376819055569
qiskit_optimization_133_139,openhands_glm-5.2,1,qiskit-community/qiskit-optimization,medium,76,1,-1.5098893202619357,small,0,7,-0.8400364556172191,-0.7350900841516085
qiskit_optimization_13_163,openhands_glm-5.2,0,qiskit-community/qiskit-optimization,medium,274,1,-0.3800068107956881,medium,0,10,-0.2114191882593319,-0.19782272353446417
qiskit_optimization_40_157,openhands_glm-5.2,1,qiskit-community/qiskit-optimization,medium,294,3,0.831940042489458,large,0,24,0.4628550948738714,1.1872640605936275
qiskit_optimization_41_114,openhands_glm-5.2,0,qiskit-community/qiskit-optimization,medium,211,11,2.36081339810875,large,0,14,1.3134534384128749,0.32544362076902933
qiskit_optimization_425_436,openhands_glm-5.2,0,qiskit-community/qiskit-optimization,medium,239,4,1.0188954922962765,large,0,4,0.5668689396680037,-1.5280392151867321
qiskit_optimization_433_467,openhands_glm-5.2,0,qiskit-community/qiskit-optimization,strong,111,2,-0.5048193744401559,medium,1,13,-0.2808594460142569,0.2090448653360304
qiskit_optimization_473_487,openhands_glm-5.2,0,qiskit-community/qiskit-optimization,strong,1480,9,3.7838110996396512,large,1,19,2.1051471933816797,0.8107957226902569
qiskit_optimization_628_646,openhands_glm-5.2,0,qiskit-community/qiskit-optimization,medium,20,1,-2.66313103487332,small,0,11,-1.4816497642298072,-0.05102471713434138
qiskit_optimization_80_122,openhands_glm-5.2,1,qiskit-community/qiskit-optimization,medium,1060,17,4.462677722082305,large,0,8,2.482838924623695,-0.536376819055569
qiskit_optimization_8_18,openhands_glm-5.2,0,qiskit-community/qiskit-optimization,strong,548,5,2.055740579806363,large,1,6,1.1437242499532634,-0.9603726036024639
tangelo_384_398,openhands_glm-5.2,1,sandbox-quantum/Tangelo,medium,28,2,-1.7041452573924138,small,0,5,-0.9481119726235778,-1.220442186072836
tangelo_387_390,openhands_glm-5.2,1,sandbox-quantum/Tangelo,medium,11,1,-3.159845206216262,small,0,4,-1.7579998293308592,-1.5280392151867321
tequila_400_411,openhands_glm-5.2,0,tequilahub/tequila,strong,32,1,-2.2619496868137166,small,1,16,-1.2584499884838185,0.5366079592280277
qiskit_addon_sqd_148_230,openhands_glm-5.2,0,Qiskit/qiskit-addon-sqd,strong,139,2,-0.3067574780978939,medium,1,4,-0.17066645957249876,-1.5280392151867321
qiskit_addon_sqd_265_343,openhands_glm-5.2,1,Qiskit/qiskit-addon-sqd,medium,21,1,-2.621839935667211,small,0,6,-1.458677200505983,-0.9603726036024639
openqaoa_36_71,openhands_glm-5.2,0,entropicalabs/openqaoa,medium,311,1,-0.2679633884977829,medium,0,7,-0.1490831229071857,-0.7350900841516085
squlearn_274_279,openhands_glm-5.2,0,sQUlearn/squlearn,medium,276,14,2.968284347944471,large,0,11,1.6514237364622038,-0.05102471713434138
squlearn_112_154,openhands_glm-5.2,0,sQUlearn/squlearn,medium,287,11,2.632750703790038,large,0,11,1.464747475233386,-0.05102471713434138
openqaoa_112_85,openhands_glm-5.2,0,entropicalabs/openqaoa,strong,211,4,0.9087865391262202,large,1,9,0.5056091284278987,-0.35862174624823706
openqaoa_232_241,openhands_glm-5.2,1,entropicalabs/openqaoa,strong,34,1,-2.209722943322219,small,1,11,-1.2293933100225016,-0.05102471713434138
squlearn_266_301,openhands_glm-5.2,0,sQUlearn/squlearn,medium,2159,35,6.243301968112026,large,0,36,3.473500465405638,1.8486832784198364
squlearn_62_99,openhands_glm-5.2,0,sQUlearn/squlearn,medium,186,5,1.0998059549598023,large,0,11,0.6118839863778026,-0.05102471713434138
squlearn_275_339,openhands_glm-5.2,0,sQUlearn/squlearn,medium,230,16,3.0146885601268836,large,0,30,1.6772410128706896,1.5501812189499562
tequila_403_407,openhands_glm-5.2,1,tequilahub/tequila,strong,90,4,0.1581206717879453,medium,1,7,0.08797143400253778,-0.7350900841516085
tequila_406_409,openhands_glm-5.2,1,tequilahub/tequila,strong,36,1,-2.160399223078648,small,1,7,-1.2019517468726433,-0.7350900841516085
openfermion_151_352,openhands_gemini-3-flash-preview,1,quantumlib/OpenFermion,medium,85,1,-1.4117725109707369,small,0,10,-0.7854485493333659,-0.19782272353446417
openfermion_207_212,openhands_gemini-3-flash-preview,0,quantumlib/OpenFermion,strong,60,1,-1.7166390370268574,small,1,6,-0.9550629657993954,-0.9603726036024639
openfermion_246_306,openhands_gemini-3-flash-preview,0,quantumlib/OpenFermion,strong,180,6,1.3265297702705092,large,1,15,0.7380232123871494,0.4343273847868862
openfermion_258_262,openhands_gemini-3-flash-preview,0,quantumlib/OpenFermion,strong,55,2,-1.1200558185024878,small,1,8,-0.6231501258019679,-0.536376819055569
openfermion_259_283,openhands_gemini-3-flash-preview,1,quantumlib/OpenFermion,strong,124,2,-0.4073478567563112,medium,1,8,-0.2266305517900342,-0.536376819055569
openfermion_37_114,openhands_gemini-3-flash-preview,0,quantumlib/OpenFermion,medium,159,1,-0.8607277824781633,small,0,7,-0.4788713357604195,-0.7350900841516085
openfermion_457_549,openhands_gemini-3-flash-preview,1,quantumlib/OpenFermion,medium,68,1,-1.6072579220007603,small,0,10,-0.8942080919056972,-0.19782272353446417
openfermion_458_501,openhands_gemini-3-flash-preview,0,quantumlib/OpenFermion,strong,266,2,0.2662816915220689,medium,1,10,0.1481475001777956,-0.19782272353446417
openfermion_469_474,openhands_gemini-3-flash-preview,1,quantumlib/OpenFermion,medium,27,1,-2.4077848396644814,small,0,8,-1.33958629646426,-0.536376819055569
openfermion_46_61,openhands_gemini-3-flash-preview,1,quantumlib/OpenFermion,medium,267,3,0.7467408976720131,medium,0,6,0.4154540127722717,-0.9603726036024639
openfermion_542_589,openhands_gemini-3-flash-preview,1,quantumlib/OpenFermion,strong,80,2,-0.7924454384937873,small,1,8,-0.44088202260207476,-0.536376819055569
openfermion_752_753,openhands_gemini-3-flash-preview,1,quantumlib/OpenFermion,strong,421,1,9.326591834946107e-05,medium,1,18,5.1889082483783025e-05,0.7242581500382983
pennylane_166_588,openhands_gemini-3-flash-preview,0,PennyLaneAI/pennylane,medium,233,2,0.14918299339303848,medium,0,3,0.08299890020184725,-1.9045075530901028
pennylane_2492_3742,openhands_gemini-3-flash-preview,0,PennyLaneAI/pennylane,medium,47,1,-1.9293723180915965,small,0,8,-1.073418469755436,-0.536376819055569
pennylane_3982_3977,openhands_gemini-3-flash-preview,1,PennyLaneAI/pennylane,strong,112,1,-1.1694221345517037,small,1,9,-0.6506153873972143,-0.35862174624823706
pennylane_4881_4928,openhands_gemini-3-flash-preview,0,PennyLaneAI/pennylane,strong,109,2,-0.5208125741006229,medium,1,24,-0.28975736361422144,1.1872640605936275
pennylane_5759_5773,openhands_gemini-3-flash-preview,0,PennyLaneAI/pennylane,medium,176,5,1.0510245280380164,large,0,21,0.5847441315411457,0.9715947454040306
pennylane_5895_5920,openhands_gemini-3-flash-preview,1,PennyLaneAI/pennylane,medium,46,1,-1.9480592939223285,small,0,6,-1.0838150867341756,-0.9603726036024639
pennylane_991_1062,openhands_gemini-3-flash-preview,1,PennyLaneAI/pennylane,medium,12,1,-3.088799413600608,small,0,6,-1.718473054080196,-0.9603726036024639
qiskit_finance_54_57,openhands_gemini-3-flash-preview,0,qiskit-community/qiskit-finance,medium,61,1,-1.7022062220052714,small,0,11,-0.9470331780443507,-0.05102471713434138
qiskit_finance_72_112,openhands_gemini-3-flash-preview,0,qiskit-community/qiskit-finance,medium,30,3,-1.1678090121656968,small,0,19,-0.649717916573735,0.8107957226902569
qiskit_machine_learning_112_151,openhands_gemini-3-flash-preview,1,qiskit-community/qiskit-machine-learning,medium,64,5,0.1618616018678869,medium,0,41,0.09005272406989238,2.0625277012917924
qiskit_machine_learning_113_115,openhands_gemini-3-flash-preview,1,qiskit-community/qiskit-machine-learning,medium,46,5,-0.12593306292076112,medium,0,25,-0.07006365460126839,1.253433827119435
qiskit_machine_learning_226_219,openhands_gemini-3-flash-preview,1,qiskit-community/qiskit-machine-learning,medium,135,1,-1.0049793513819776,small,0,4,-0.5591266068144338,-1.5280392151867321
qiskit_machine_learning_227_244,openhands_gemini-3-flash-preview,0,qiskit-community/qiskit-machine-learning,strong,450,5,1.8812110954722763,large,1,23,1.0466236694979534,1.1183927518041534
qiskit_machine_learning_320_412,openhands_gemini-3-flash-preview,0,qiskit-community/qiskit-machine-learning,medium,108,2,-0.5289185534229176,medium,0,11,-0.2942671763851507,-0.05102471713434138
qiskit_machine_learning_326_360,openhands_gemini-3-flash-preview,1,qiskit-community/qiskit-machine-learning,medium,84,6,0.6556421438406321,medium,0,9,0.3647706459501373,-0.35862174624823706
qiskit_machine_learning_328_348,openhands_gemini-3-flash-preview,1,qiskit-community/qiskit-machine-learning,medium,61,1,-1.7022062220052714,small,0,4,-0.9470331780443507,-1.5280392151867321
qiskit_machine_learning_340_364,openhands_gemini-3-flash-preview,0,qiskit-community/qiskit-machine-learning,strong,305,3,0.8644348002269172,large,1,20,0.4809337584882216,0.8931102323532976
qiskit_machine_learning_367_540,openhands_gemini-3-flash-preview,0,qiskit-community/qiskit-machine-learning,medium,173,6,1.2915213454287657,large,0,19,0.7185460542099538,0.8107957226902569
qiskit_machine_learning_385_404,openhands_gemini-3-flash-preview,1,qiskit-community/qiskit-machine-learning,medium,31,1,-2.289262566945091,small,0,9,-1.2736456817776005,-0.35862174624823706
qiskit_machine_learning_387_398,openhands_gemini-3-flash-preview,1,qiskit-community/qiskit-machine-learning,medium,51,1,-1.8583265254759422,small,0,6,-1.033891694504773,-0.9603726036024639
qiskit_machine_learning_400_436,openhands_gemini-3-flash-preview,1,qiskit-community/qiskit-machine-learning,medium,509,7,2.4674765456799252,large,0,18,1.3727961539538542,0.7242581500382983
qiskit_machine_learning_401_470,openhands_gemini-3-flash-preview,0,qiskit-community/qiskit-machine-learning,medium,368,3,1.0306034966770588,large,0,19,0.5733827618206612,0.8107957226902569
qiskit_machine_learning_44_73,openhands_gemini-3-flash-preview,1,qiskit-community/qiskit-machine-learning,medium,200,4,0.8614940744822128,large,0,33,0.47929766715465605,1.7060254281665224
qiskit_machine_learning_505_569,openhands_gemini-3-flash-preview,0,qiskit-community/qiskit-machine-learning,medium,219,3,0.5715649467639573,medium,0,15,0.31799376655723727,0.4343273847868862
qiskit_machine_learning_551_548,openhands_gemini-3-flash-preview,0,qiskit-community/qiskit-machine-learning,medium,123,3,0.06266387595896887,medium,0,36,0.0348634430016881,1.8486832784198364
qiskit_machine_learning_557_558,openhands_gemini-3-flash-preview,0,qiskit-community/qiskit-machine-learning,medium,43,1,-2.0066034916048783,small,0,29,-1.1163865207182715,1.494861089707524
qiskit_machine_learning_597_609,openhands_gemini-3-flash-preview,1,qiskit-community/qiskit-machine-learning,medium,94,2,-0.650937607684588,small,0,6,-0.36215324755886885,-0.9603726036024639
qiskit_machine_learning_62_143,openhands_gemini-3-flash-preview,0,qiskit-community/qiskit-machine-learning,medium,27,1,-2.4077848396644814,small,0,17,-1.33958629646426,0.633040649882925
qiskit_machine_learning_638_639,openhands_gemini-3-flash-preview,1,qiskit-community/qiskit-machine-learning,medium,139,5,0.8428761758040135,large,0,18,0.4689394816858285,0.7242581500382983
qiskit_machine_learning_63_102,openhands_gemini-3-flash-preview,1,qiskit-community/qiskit-machine-learning,medium,104,2,-0.5621036733067326,medium,0,6,-0.31272992733804594,-0.9603726036024639
qiskit_machine_learning_90_117,openhands_gemini-3-flash-preview,1,qiskit-community/qiskit-machine-learning,medium,31,8,0.20535624115613738,medium,0,25,0.11425124122988722,1.253433827119435
qiskit_machine_learning_920_924,openhands_gemini-3-flash-preview,1,qiskit-community/qiskit-machine-learning,medium,131,4,0.48825622723189416,medium,0,5,0.271644434497863,-1.220442186072836
qiskit_machine_learning_960_1021,openhands_gemini-3-flash-preview,1,qiskit-community/qiskit-machine-learning,strong,168,2,-0.13966146284480135,medium,1,6,-0.07770153656965387,-0.9603726036024639
qiskit_nature_1257_1270,openhands_gemini-3-flash-preview,0,qiskit-community/qiskit-nature,strong,402,3,1.1088363614904493,large,1,27,0.6169081100622269,1.378462334274525
qiskit_nature_129_161,openhands_gemini-3-flash-preview,1,qiskit-community/qiskit-nature,strong,9,1,-3.3216735587274937,small,1,9,-1.8480340549112653,-0.35862174624823706
qiskit_nature_129_341,openhands_gemini-3-flash-preview,0,qiskit-community/qiskit-nature,strong,52,1,-1.8414193749193908,small,1,6,-1.024485294553783,-0.9603726036024639
qiskit_nature_1345_1356,openhands_gemini-3-flash-preview,1,qiskit-community/qiskit-nature,strong,218,3,0.5675212105360191,medium,1,32,0.3157440083777577,1.6556601124212968
qiskit_nature_167_220,openhands_gemini-3-flash-preview,0,qiskit-community/qiskit-nature,strong,527,8,2.693614897536842,large,1,8,1.498609653674515,-0.536376819055569
qiskit_nature_174_862,openhands_gemini-3-flash-preview,0,qiskit-community/qiskit-nature,strong,187,7,1.581680902006152,large,1,15,0.879978155357902,0.4343273847868862
qiskit_nature_22_35,openhands_gemini-3-flash-preview,0,qiskit-community/qiskit-nature,strong,470,2,0.7700910130901277,medium,1,11,0.4284449968999581,-0.05102471713434138
qiskit_nature_243_263,openhands_gemini-3-flash-preview,0,qiskit-community/qiskit-nature,strong,432,10,2.8503786779317677,large,1,10,1.5858261725841691,-0.19782272353446417
qiskit_nature_252_318,openhands_gemini-3-flash-preview,0,qiskit-community/qiskit-nature,medium,78,6,0.5906669073429984,medium,0,10,0.32862126292059574,-0.19782272353446417
qiskit_nature_271_286,openhands_gemini-3-flash-preview,0,qiskit-community/qiskit-nature,strong,7,1,-3.5197354550697564,small,1,8,-1.9582270413530236,-0.536376819055569
qiskit_nature_337_520,openhands_gemini-3-flash-preview,0,qiskit-community/qiskit-nature,strong,192,2,-0.021795940852246176,medium,1,24,-0.01212630929609253,1.1872640605936275
qiskit_nature_375_380,openhands_gemini-3-flash-preview,1,qiskit-community/qiskit-nature,medium,98,2,-0.6143304167982303,small,0,5,-0.3417866057993629,-1.220442186072836
qiskit_nature_3_25,openhands_gemini-3-flash-preview,0,qiskit-community/qiskit-nature,strong,543,7,2.5247608445465017,large,1,11,1.4046666352776431,-0.05102471713434138
qiskit_nature_42_49,openhands_gemini-3-flash-preview,0,qiskit-community/qiskit-nature,strong,387,9,2.5949016888392977,large,1,8,1.4436899368157308,-0.536376819055569
qiskit_nature_45_50,openhands_gemini-3-flash-preview,0,qiskit-community/qiskit-nature,strong,379,4,1.4267757292613634,large,1,11,0.793795684548233,-0.05102471713434138
qiskit_nature_460_482,openhands_gemini-3-flash-preview,0,qiskit-community/qiskit-nature,strong,302,2,0.3785488392219383,medium,1,21,0.21060803656975613,0.9715947454040306
qiskit_nature_465_472,openhands_gemini-3-flash-preview,1,qiskit-community/qiskit-nature,medium,14,1,-2.961783309874,small,0,7,-1.647806842889101,-0.7350900841516085
qiskit_nature_477_481,openhands_gemini-3-flash-preview,1,qiskit-community/qiskit-nature,medium,9,1,-3.3216735587274937,small,0,6,-1.8480340549112653,-0.9603726036024639
qiskit_nature_47_77,openhands_gemini-3-flash-preview,0,qiskit-community/qiskit-nature,strong,481,3,1.2677232081883598,large,1,7,0.7053058103129676,-0.7350900841516085
qiskit_nature_493_506,openhands_gemini-3-flash-preview,1,qiskit-community/qiskit-nature,medium,152,2,-0.22794272063766297,medium,0,5,-0.1268173716832371,-1.220442186072836
qiskit_nature_541_544,openhands_gemini-3-flash-preview,1,qiskit-community/qiskit-nature,medium,8,1,-3.415191401425101,small,0,6,-1.9000632970964064,-0.9603726036024639
qiskit_nature_563_620,openhands_gemini-3-flash-preview,1,qiskit-community/qiskit-nature,medium,204,7,1.6585185492142407,large,0,5,0.9227272654764183,-1.220442186072836
qiskit_nature_571_632,openhands_gemini-3-flash-preview,1,qiskit-community/qiskit-nature,medium,218,4,0.9376205825550574,large,0,9,0.5216511305256891,-0.35862174624823706
qiskit_nature_577_591,openhands_gemini-3-flash-preview,0,qiskit-community/qiskit-nature,strong,98,2,-0.6143304167982303,small,1,8,-0.3417866057993629,-0.536376819055569
qiskit_nature_582_1313,openhands_gemini-3-flash-preview,0,qiskit-community/qiskit-nature,strong,152,6,1.1773607452053574,large,1,12,0.6550320835527074,0.08401635818094032
qiskit_nature_665_756,openhands_gemini-3-flash-preview,0,qiskit-community/qiskit-nature,medium,171,2,-0.12404348980874397,medium,0,21,-0.06901237867107428,0.9715947454040306
qiskit_nature_669_731,openhands_gemini-3-flash-preview,0,qiskit-community/qiskit-nature,medium,130,2,-0.3657340531049745,medium,0,23,-0.20347844941079793,1.1183927518041534
qiskit_nature_683_684,openhands_gemini-3-flash-preview,0,qiskit-community/qiskit-nature,medium,232,8,1.9675079399258386,large,0,3,1.0946354637221454,-1.9045075530901028
qiskit_nature_6_624,openhands_gemini-3-flash-preview,1,qiskit-community/qiskit-nature,strong,181,2,-0.07388333297100758,medium,1,12,-0.04110545874142932,0.08401635818094032
qiskit_nature_715_716,openhands_gemini-3-flash-preview,1,qiskit-community/qiskit-nature,medium,20,1,-2.66313103487332,small,0,6,-1.4816497642298072,-0.9603726036024639
qiskit_nature_787_799,openhands_gemini-3-flash-preview,0,qiskit-community/qiskit-nature,strong,491,5,1.9584422689855572,large,1,26,1.0895917204607883,1.3171060169001922
qiskit_nature_795_1188,openhands_gemini-3-flash-preview,0,qiskit-community/qiskit-nature,strong,332,4,1.3095871886739512,large,1,23,0.7285971001533672,1.1183927518041534
qiskit_nature_828_891,openhands_gemini-3-flash-preview,0,qiskit-community/qiskit-nature,medium,119,3,0.03355967621490542,medium,0,24,0.018671137732360607,1.1872640605936275
qiskit_nature_82_96,openhands_gemini-3-flash-preview,0,qiskit-community/qiskit-nature,strong,281,4,1.1620368689767768,large,1,7,0.6465065482696705,-0.7350900841516085
qiskit_nature_847_1043,openhands_gemini-3-flash-preview,0,qiskit-community/qiskit-nature,strong,686,3,1.5822794224297119,large,1,12,0.8803111459741509,0.08401635818094032
qiskit_nature_848_858,openhands_gemini-3-flash-preview,0,qiskit-community/qiskit-nature,medium,105,3,-0.07654927695515104,medium,0,20,-0.04258867350774438,0.8931102323532976
qiskit_nature_861_904,openhands_gemini-3-flash-preview,1,qiskit-community/qiskit-nature,medium,10,1,-3.2370763797295434,small,0,21,-1.8009678802936944,0.9715947454040306
qiskit_nature_865_890,openhands_gemini-3-flash-preview,1,qiskit-community/qiskit-nature,medium,154,2,-0.21641530450101645,medium,0,6,-0.12040402094030092,-0.9603726036024639
qiskit_nature_866_870,openhands_gemini-3-flash-preview,0,qiskit-community/qiskit-nature,medium,391,6,2.0124347068081394,large,0,47,1.1196307541104513,2.287810220742648
qiskit_nature_881_903,openhands_gemini-3-flash-preview,0,qiskit-community/qiskit-nature,medium,287,2,0.33348339598622295,medium,0,14,0.1855355927167312,0.32544362076902933
qiskit_nature_918_1046,openhands_gemini-3-flash-preview,0,qiskit-community/qiskit-nature,strong,85,2,-0.7392799338710767,small,1,9,-0.4113030584587858,-0.35862174624823706
qiskit_nature_919_920,openhands_gemini-3-flash-preview,0,qiskit-community/qiskit-nature,strong,84,1,-1.4221538991020484,small,1,9,-0.7912243001603873,-0.35862174624823706
qiskit_nature_91_729,openhands_gemini-3-flash-preview,0,qiskit-community/qiskit-nature,strong,155,3,0.2664338213417917,medium,1,13,0.14823213856343004,0.2090448653360304
qiskit_nature_955_964,openhands_gemini-3-flash-preview,1,qiskit-community/qiskit-nature,medium,84,8,1.0724649089991796,large,0,20,0.5966726228471004,0.8931102323532976
qiskit_nature_956_1027,openhands_gemini-3-flash-preview,0,qiskit-community/qiskit-nature,medium,102,2,-0.5791734025919776,medium,0,16,-0.32222677899114266,0.5366079592280277
qiskit_nature_957_1038,openhands_gemini-3-flash-preview,0,qiskit-community/qiskit-nature,medium,350,2,0.5090732422465318,medium,0,15,0.2832261122240112,0.4343273847868862
qiskit_nature_958_1085,openhands_gemini-3-flash-preview,0,qiskit-community/qiskit-nature,strong,669,5,2.232531815176268,large,1,120,1.2420831698763217,3.8476970438981635
qiskit_nature_973_1018,openhands_gemini-3-flash-preview,0,qiskit-community/qiskit-nature,strong,180,3,0.39836738122973625,medium,1,11,0.22163420753495203,-0.05102471713434138
qiskit_nature_9_232,openhands_gemini-3-flash-preview,0,qiskit-community/qiskit-nature,strong,488,2,0.8033798607486109,medium,1,8,0.44696545745514804,-0.536376819055569
qiskit_optimization_133_139,openhands_gemini-3-flash-preview,1,qiskit-community/qiskit-optimization,medium,76,1,-1.5098893202619357,small,0,7,-0.8400364556172191,-0.7350900841516085
qiskit_optimization_13_163,openhands_gemini-3-flash-preview,0,qiskit-community/qiskit-optimization,medium,274,1,-0.3800068107956881,medium,0,10,-0.2114191882593319,-0.19782272353446417
qiskit_optimization_40_157,openhands_gemini-3-flash-preview,1,qiskit-community/qiskit-optimization,medium,294,3,0.831940042489458,large,0,24,0.4628550948738714,1.1872640605936275
qiskit_optimization_41_114,openhands_gemini-3-flash-preview,0,qiskit-community/qiskit-optimization,medium,211,11,2.36081339810875,large,0,14,1.3134534384128749,0.32544362076902933
qiskit_optimization_425_436,openhands_gemini-3-flash-preview,0,qiskit-community/qiskit-optimization,medium,239,4,1.0188954922962765,large,0,4,0.5668689396680037,-1.5280392151867321
qiskit_optimization_433_467,openhands_gemini-3-flash-preview,0,qiskit-community/qiskit-optimization,strong,111,2,-0.5048193744401559,medium,1,13,-0.2808594460142569,0.2090448653360304
qiskit_optimization_473_487,openhands_gemini-3-flash-preview,0,qiskit-community/qiskit-optimization,strong,1480,9,3.7838110996396512,large,1,19,2.1051471933816797,0.8107957226902569
qiskit_optimization_628_646,openhands_gemini-3-flash-preview,1,qiskit-community/qiskit-optimization,medium,20,1,-2.66313103487332,small,0,11,-1.4816497642298072,-0.05102471713434138
qiskit_optimization_80_122,openhands_gemini-3-flash-preview,1,qiskit-community/qiskit-optimization,medium,1060,17,4.462677722082305,large,0,8,2.482838924623695,-0.536376819055569
qiskit_optimization_8_18,openhands_gemini-3-flash-preview,0,qiskit-community/qiskit-optimization,strong,548,5,2.055740579806363,large,1,6,1.1437242499532634,-0.9603726036024639
tangelo_384_398,openhands_gemini-3-flash-preview,1,sandbox-quantum/Tangelo,medium,28,2,-1.7041452573924138,small,0,5,-0.9481119726235778,-1.220442186072836
tangelo_387_390,openhands_gemini-3-flash-preview,1,sandbox-quantum/Tangelo,medium,11,1,-3.159845206216262,small,0,4,-1.7579998293308592,-1.5280392151867321
tequila_400_411,openhands_gemini-3-flash-preview,0,tequilahub/tequila,strong,32,1,-2.2619496868137166,small,1,16,-1.2584499884838185,0.5366079592280277
tequila_403_407,openhands_gemini-3-flash-preview,0,tequilahub/tequila,strong,90,4,0.1581206717879453,medium,1,7,0.08797143400253778,-0.7350900841516085
tequila_406_409,openhands_gemini-3-flash-preview,0,tequilahub/tequila,strong,36,1,-2.160399223078648,small,1,7,-1.2019517468726433,-0.7350900841516085
qiskit_addon_sqd_148_230,openhands_gemini-3-flash-preview,1,Qiskit/qiskit-addon-sqd,strong,139,2,-0.3067574780978939,medium,1,4,-0.17066645957249876,-1.5280392151867321
qiskit_addon_sqd_265_343,openhands_gemini-3-flash-preview,1,Qiskit/qiskit-addon-sqd,medium,21,1,-2.621839935667211,small,0,6,-1.458677200505983,-0.9603726036024639
openqaoa_36_71,openhands_gemini-3-flash-preview,0,entropicalabs/openqaoa,medium,311,1,-0.2679633884977829,medium,0,7,-0.1490831229071857,-0.7350900841516085
squlearn_274_279,openhands_gemini-3-flash-preview,0,sQUlearn/squlearn,medium,276,14,2.968284347944471,large,0,11,1.6514237364622038,-0.05102471713434138
squlearn_112_154,openhands_gemini-3-flash-preview,0,sQUlearn/squlearn,medium,287,11,2.632750703790038,large,0,11,1.464747475233386,-0.05102471713434138
openqaoa_112_85,openhands_gemini-3-flash-preview,0,entropicalabs/openqaoa,strong,211,4,0.9087865391262202,large,1,9,0.5056091284278987,-0.35862174624823706
openqaoa_232_241,openhands_gemini-3-flash-preview,1,entropicalabs/openqaoa,strong,34,1,-2.209722943322219,small,1,11,-1.2293933100225016,-0.05102471713434138
squlearn_266_301,openhands_gemini-3-flash-preview,0,sQUlearn/squlearn,medium,2159,35,6.243301968112026,large,0,36,3.473500465405638,1.8486832784198364
squlearn_62_99,openhands_gemini-3-flash-preview,0,sQUlearn/squlearn,medium,186,5,1.0998059549598023,large,0,11,0.6118839863778026,-0.05102471713434138
squlearn_275_339,openhands_gemini-3-flash-preview,0,sQUlearn/squlearn,medium,230,16,3.0146885601268836,large,0,30,1.6772410128706896,1.5501812189499562
openfermion_151_352,openhands_deepseek-v4-pro,1,quantumlib/OpenFermion,medium,85,1,-1.4117725109707369,small,0,10,-0.7854485493333659,-0.19782272353446417
openfermion_207_212,openhands_deepseek-v4-pro,0,quantumlib/OpenFermion,strong,60,1,-1.7166390370268574,small,1,6,-0.9550629657993954,-0.9603726036024639
openfermion_246_306,openhands_deepseek-v4-pro,1,quantumlib/OpenFermion,strong,180,6,1.3265297702705092,large,1,15,0.7380232123871494,0.4343273847868862
openfermion_258_262,openhands_deepseek-v4-pro,0,quantumlib/OpenFermion,strong,55,2,-1.1200558185024878,small,1,8,-0.6231501258019679,-0.536376819055569
openfermion_259_283,openhands_deepseek-v4-pro,1,quantumlib/OpenFermion,strong,124,2,-0.4073478567563112,medium,1,8,-0.2266305517900342,-0.536376819055569
openfermion_37_114,openhands_deepseek-v4-pro,0,quantumlib/OpenFermion,medium,159,1,-0.8607277824781633,small,0,7,-0.4788713357604195,-0.7350900841516085
openfermion_457_549,openhands_deepseek-v4-pro,0,quantumlib/OpenFermion,medium,68,1,-1.6072579220007603,small,0,10,-0.8942080919056972,-0.19782272353446417
openfermion_458_501,openhands_deepseek-v4-pro,0,quantumlib/OpenFermion,strong,266,2,0.2662816915220689,medium,1,10,0.1481475001777956,-0.19782272353446417
openfermion_469_474,openhands_deepseek-v4-pro,1,quantumlib/OpenFermion,medium,27,1,-2.4077848396644814,small,0,8,-1.33958629646426,-0.536376819055569
openfermion_46_61,openhands_deepseek-v4-pro,0,quantumlib/OpenFermion,medium,267,3,0.7467408976720131,medium,0,6,0.4154540127722717,-0.9603726036024639
openfermion_542_589,openhands_deepseek-v4-pro,1,quantumlib/OpenFermion,strong,80,2,-0.7924454384937873,small,1,8,-0.44088202260207476,-0.536376819055569
openfermion_752_753,openhands_deepseek-v4-pro,1,quantumlib/OpenFermion,strong,421,1,9.326591834946107e-05,medium,1,18,5.1889082483783025e-05,0.7242581500382983
pennylane_166_588,openhands_deepseek-v4-pro,0,PennyLaneAI/pennylane,medium,233,2,0.14918299339303848,medium,0,3,0.08299890020184725,-1.9045075530901028
pennylane_2492_3742,openhands_deepseek-v4-pro,1,PennyLaneAI/pennylane,medium,47,1,-1.9293723180915965,small,0,8,-1.073418469755436,-0.536376819055569
pennylane_3982_3977,openhands_deepseek-v4-pro,1,PennyLaneAI/pennylane,strong,112,1,-1.1694221345517037,small,1,9,-0.6506153873972143,-0.35862174624823706
pennylane_4881_4928,openhands_deepseek-v4-pro,0,PennyLaneAI/pennylane,strong,109,2,-0.5208125741006229,medium,1,24,-0.28975736361422144,1.1872640605936275
pennylane_5759_5773,openhands_deepseek-v4-pro,0,PennyLaneAI/pennylane,medium,176,5,1.0510245280380164,large,0,21,0.5847441315411457,0.9715947454040306
pennylane_5895_5920,openhands_deepseek-v4-pro,1,PennyLaneAI/pennylane,medium,46,1,-1.9480592939223285,small,0,6,-1.0838150867341756,-0.9603726036024639
pennylane_991_1062,openhands_deepseek-v4-pro,1,PennyLaneAI/pennylane,medium,12,1,-3.088799413600608,small,0,6,-1.718473054080196,-0.9603726036024639
qiskit_finance_54_57,openhands_deepseek-v4-pro,0,qiskit-community/qiskit-finance,medium,61,1,-1.7022062220052714,small,0,11,-0.9470331780443507,-0.05102471713434138
qiskit_finance_72_112,openhands_deepseek-v4-pro,1,qiskit-community/qiskit-finance,medium,30,3,-1.1678090121656968,small,0,19,-0.649717916573735,0.8107957226902569
qiskit_machine_learning_112_151,openhands_deepseek-v4-pro,1,qiskit-community/qiskit-machine-learning,medium,64,5,0.1618616018678869,medium,0,41,0.09005272406989238,2.0625277012917924
qiskit_machine_learning_113_115,openhands_deepseek-v4-pro,1,qiskit-community/qiskit-machine-learning,medium,46,5,-0.12593306292076112,medium,0,25,-0.07006365460126839,1.253433827119435
qiskit_machine_learning_226_219,openhands_deepseek-v4-pro,1,qiskit-community/qiskit-machine-learning,medium,135,1,-1.0049793513819776,small,0,4,-0.5591266068144338,-1.5280392151867321
qiskit_machine_learning_227_244,openhands_deepseek-v4-pro,0,qiskit-community/qiskit-machine-learning,strong,450,5,1.8812110954722763,large,1,23,1.0466236694979534,1.1183927518041534
qiskit_machine_learning_320_412,openhands_deepseek-v4-pro,0,qiskit-community/qiskit-machine-learning,medium,108,2,-0.5289185534229176,medium,0,11,-0.2942671763851507,-0.05102471713434138
qiskit_machine_learning_326_360,openhands_deepseek-v4-pro,1,qiskit-community/qiskit-machine-learning,medium,84,6,0.6556421438406321,medium,0,9,0.3647706459501373,-0.35862174624823706
qiskit_machine_learning_328_348,openhands_deepseek-v4-pro,1,qiskit-community/qiskit-machine-learning,medium,61,1,-1.7022062220052714,small,0,4,-0.9470331780443507,-1.5280392151867321
qiskit_machine_learning_340_364,openhands_deepseek-v4-pro,0,qiskit-community/qiskit-machine-learning,strong,305,3,0.8644348002269172,large,1,20,0.4809337584882216,0.8931102323532976
qiskit_machine_learning_367_540,openhands_deepseek-v4-pro,1,qiskit-community/qiskit-machine-learning,medium,173,6,1.2915213454287657,large,0,19,0.7185460542099538,0.8107957226902569
qiskit_machine_learning_385_404,openhands_deepseek-v4-pro,1,qiskit-community/qiskit-machine-learning,medium,31,1,-2.289262566945091,small,0,9,-1.2736456817776005,-0.35862174624823706
qiskit_machine_learning_387_398,openhands_deepseek-v4-pro,1,qiskit-community/qiskit-machine-learning,medium,51,1,-1.8583265254759422,small,0,6,-1.033891694504773,-0.9603726036024639
qiskit_machine_learning_400_436,openhands_deepseek-v4-pro,0,qiskit-community/qiskit-machine-learning,medium,509,7,2.4674765456799252,large,0,18,1.3727961539538542,0.7242581500382983
qiskit_machine_learning_401_470,openhands_deepseek-v4-pro,0,qiskit-community/qiskit-machine-learning,medium,368,3,1.0306034966770588,large,0,19,0.5733827618206612,0.8107957226902569
qiskit_machine_learning_44_73,openhands_deepseek-v4-pro,0,qiskit-community/qiskit-machine-learning,medium,200,4,0.8614940744822128,large,0,33,0.47929766715465605,1.7060254281665224
qiskit_machine_learning_505_569,openhands_deepseek-v4-pro,0,qiskit-community/qiskit-machine-learning,medium,219,3,0.5715649467639573,medium,0,15,0.31799376655723727,0.4343273847868862
qiskit_machine_learning_551_548,openhands_deepseek-v4-pro,0,qiskit-community/qiskit-machine-learning,medium,123,3,0.06266387595896887,medium,0,36,0.0348634430016881,1.8486832784198364
qiskit_machine_learning_557_558,openhands_deepseek-v4-pro,0,qiskit-community/qiskit-machine-learning,medium,43,1,-2.0066034916048783,small,0,29,-1.1163865207182715,1.494861089707524
qiskit_machine_learning_597_609,openhands_deepseek-v4-pro,1,qiskit-community/qiskit-machine-learning,medium,94,2,-0.650937607684588,small,0,6,-0.36215324755886885,-0.9603726036024639
qiskit_machine_learning_62_143,openhands_deepseek-v4-pro,1,qiskit-community/qiskit-machine-learning,medium,27,1,-2.4077848396644814,small,0,17,-1.33958629646426,0.633040649882925
qiskit_machine_learning_638_639,openhands_deepseek-v4-pro,0,qiskit-community/qiskit-machine-learning,medium,139,5,0.8428761758040135,large,0,18,0.4689394816858285,0.7242581500382983
qiskit_machine_learning_63_102,openhands_deepseek-v4-pro,1,qiskit-community/qiskit-machine-learning,medium,104,2,-0.5621036733067326,medium,0,6,-0.31272992733804594,-0.9603726036024639
qiskit_machine_learning_90_117,openhands_deepseek-v4-pro,1,qiskit-community/qiskit-machine-learning,medium,31,8,0.20535624115613738,medium,0,25,0.11425124122988722,1.253433827119435
qiskit_machine_learning_920_924,openhands_deepseek-v4-pro,1,qiskit-community/qiskit-machine-learning,medium,131,4,0.48825622723189416,medium,0,5,0.271644434497863,-1.220442186072836
qiskit_machine_learning_960_1021,openhands_deepseek-v4-pro,1,qiskit-community/qiskit-machine-learning,strong,168,2,-0.13966146284480135,medium,1,6,-0.07770153656965387,-0.9603726036024639
qiskit_nature_1257_1270,openhands_deepseek-v4-pro,0,qiskit-community/qiskit-nature,strong,402,3,1.1088363614904493,large,1,27,0.6169081100622269,1.378462334274525
qiskit_nature_129_161,openhands_deepseek-v4-pro,1,qiskit-community/qiskit-nature,strong,9,1,-3.3216735587274937,small,1,9,-1.8480340549112653,-0.35862174624823706
qiskit_nature_129_341,openhands_deepseek-v4-pro,1,qiskit-community/qiskit-nature,strong,52,1,-1.8414193749193908,small,1,6,-1.024485294553783,-0.9603726036024639
qiskit_nature_1345_1356,openhands_deepseek-v4-pro,0,qiskit-community/qiskit-nature,strong,218,3,0.5675212105360191,medium,1,32,0.3157440083777577,1.6556601124212968
qiskit_nature_167_220,openhands_deepseek-v4-pro,0,qiskit-community/qiskit-nature,strong,527,8,2.693614897536842,large,1,8,1.498609653674515,-0.536376819055569
qiskit_nature_174_862,openhands_deepseek-v4-pro,0,qiskit-community/qiskit-nature,strong,187,7,1.581680902006152,large,1,15,0.879978155357902,0.4343273847868862
qiskit_nature_22_35,openhands_deepseek-v4-pro,0,qiskit-community/qiskit-nature,strong,470,2,0.7700910130901277,medium,1,11,0.4284449968999581,-0.05102471713434138
qiskit_nature_243_263,openhands_deepseek-v4-pro,0,qiskit-community/qiskit-nature,strong,432,10,2.8503786779317677,large,1,10,1.5858261725841691,-0.19782272353446417
qiskit_nature_252_318,openhands_deepseek-v4-pro,0,qiskit-community/qiskit-nature,medium,78,6,0.5906669073429984,medium,0,10,0.32862126292059574,-0.19782272353446417
qiskit_nature_271_286,openhands_deepseek-v4-pro,0,qiskit-community/qiskit-nature,strong,7,1,-3.5197354550697564,small,1,8,-1.9582270413530236,-0.536376819055569
qiskit_nature_337_520,openhands_deepseek-v4-pro,0,qiskit-community/qiskit-nature,strong,192,2,-0.021795940852246176,medium,1,24,-0.01212630929609253,1.1872640605936275
qiskit_nature_375_380,openhands_deepseek-v4-pro,1,qiskit-community/qiskit-nature,medium,98,2,-0.6143304167982303,small,0,5,-0.3417866057993629,-1.220442186072836
qiskit_nature_3_25,openhands_deepseek-v4-pro,0,qiskit-community/qiskit-nature,strong,543,7,2.5247608445465017,large,1,11,1.4046666352776431,-0.05102471713434138
qiskit_nature_42_49,openhands_deepseek-v4-pro,0,qiskit-community/qiskit-nature,strong,387,9,2.5949016888392977,large,1,8,1.4436899368157308,-0.536376819055569
qiskit_nature_45_50,openhands_deepseek-v4-pro,0,qiskit-community/qiskit-nature,strong,379,4,1.4267757292613634,large,1,11,0.793795684548233,-0.05102471713434138
qiskit_nature_460_482,openhands_deepseek-v4-pro,0,qiskit-community/qiskit-nature,strong,302,2,0.3785488392219383,medium,1,21,0.21060803656975613,0.9715947454040306
qiskit_nature_465_472,openhands_deepseek-v4-pro,1,qiskit-community/qiskit-nature,medium,14,1,-2.961783309874,small,0,7,-1.647806842889101,-0.7350900841516085
qiskit_nature_477_481,openhands_deepseek-v4-pro,1,qiskit-community/qiskit-nature,medium,9,1,-3.3216735587274937,small,0,6,-1.8480340549112653,-0.9603726036024639
qiskit_nature_47_77,openhands_deepseek-v4-pro,0,qiskit-community/qiskit-nature,strong,481,3,1.2677232081883598,large,1,7,0.7053058103129676,-0.7350900841516085
qiskit_nature_493_506,openhands_deepseek-v4-pro,1,qiskit-community/qiskit-nature,medium,152,2,-0.22794272063766297,medium,0,5,-0.1268173716832371,-1.220442186072836
qiskit_nature_541_544,openhands_deepseek-v4-pro,0,qiskit-community/qiskit-nature,medium,8,1,-3.415191401425101,small,0,6,-1.9000632970964064,-0.9603726036024639
qiskit_nature_563_620,openhands_deepseek-v4-pro,0,qiskit-community/qiskit-nature,medium,204,7,1.6585185492142407,large,0,5,0.9227272654764183,-1.220442186072836
qiskit_nature_571_632,openhands_deepseek-v4-pro,0,qiskit-community/qiskit-nature,medium,218,4,0.9376205825550574,large,0,9,0.5216511305256891,-0.35862174624823706
qiskit_nature_577_591,openhands_deepseek-v4-pro,1,qiskit-community/qiskit-nature,strong,98,2,-0.6143304167982303,small,1,8,-0.3417866057993629,-0.536376819055569
qiskit_nature_582_1313,openhands_deepseek-v4-pro,0,qiskit-community/qiskit-nature,strong,152,6,1.1773607452053574,large,1,12,0.6550320835527074,0.08401635818094032
qiskit_nature_665_756,openhands_deepseek-v4-pro,0,qiskit-community/qiskit-nature,medium,171,2,-0.12404348980874397,medium,0,21,-0.06901237867107428,0.9715947454040306
qiskit_nature_669_731,openhands_deepseek-v4-pro,1,qiskit-community/qiskit-nature,medium,130,2,-0.3657340531049745,medium,0,23,-0.20347844941079793,1.1183927518041534
qiskit_nature_683_684,openhands_deepseek-v4-pro,1,qiskit-community/qiskit-nature,medium,232,8,1.9675079399258386,large,0,3,1.0946354637221454,-1.9045075530901028
qiskit_nature_6_624,openhands_deepseek-v4-pro,1,qiskit-community/qiskit-nature,strong,181,2,-0.07388333297100758,medium,1,12,-0.04110545874142932,0.08401635818094032
qiskit_nature_715_716,openhands_deepseek-v4-pro,1,qiskit-community/qiskit-nature,medium,20,1,-2.66313103487332,small,0,6,-1.4816497642298072,-0.9603726036024639
qiskit_nature_787_799,openhands_deepseek-v4-pro,0,qiskit-community/qiskit-nature,strong,491,5,1.9584422689855572,large,1,26,1.0895917204607883,1.3171060169001922
qiskit_nature_795_1188,openhands_deepseek-v4-pro,0,qiskit-community/qiskit-nature,strong,332,4,1.3095871886739512,large,1,23,0.7285971001533672,1.1183927518041534
qiskit_nature_828_891,openhands_deepseek-v4-pro,0,qiskit-community/qiskit-nature,medium,119,3,0.03355967621490542,medium,0,24,0.018671137732360607,1.1872640605936275
qiskit_nature_82_96,openhands_deepseek-v4-pro,0,qiskit-community/qiskit-nature,strong,281,4,1.1620368689767768,large,1,7,0.6465065482696705,-0.7350900841516085
qiskit_nature_847_1043,openhands_deepseek-v4-pro,0,qiskit-community/qiskit-nature,strong,686,3,1.5822794224297119,large,1,12,0.8803111459741509,0.08401635818094032
qiskit_nature_848_858,openhands_deepseek-v4-pro,0,qiskit-community/qiskit-nature,medium,105,3,-0.07654927695515104,medium,0,20,-0.04258867350774438,0.8931102323532976
qiskit_nature_861_904,openhands_deepseek-v4-pro,1,qiskit-community/qiskit-nature,medium,10,1,-3.2370763797295434,small,0,21,-1.8009678802936944,0.9715947454040306
qiskit_nature_865_890,openhands_deepseek-v4-pro,0,qiskit-community/qiskit-nature,medium,154,2,-0.21641530450101645,medium,0,6,-0.12040402094030092,-0.9603726036024639
qiskit_nature_866_870,openhands_deepseek-v4-pro,0,qiskit-community/qiskit-nature,medium,391,6,2.0124347068081394,large,0,47,1.1196307541104513,2.287810220742648
qiskit_nature_881_903,openhands_deepseek-v4-pro,1,qiskit-community/qiskit-nature,medium,287,2,0.33348339598622295,medium,0,14,0.1855355927167312,0.32544362076902933
qiskit_nature_918_1046,openhands_deepseek-v4-pro,0,qiskit-community/qiskit-nature,strong,85,2,-0.7392799338710767,small,1,9,-0.4113030584587858,-0.35862174624823706
qiskit_nature_919_920,openhands_deepseek-v4-pro,0,qiskit-community/qiskit-nature,strong,84,1,-1.4221538991020484,small,1,9,-0.7912243001603873,-0.35862174624823706
qiskit_nature_91_729,openhands_deepseek-v4-pro,1,qiskit-community/qiskit-nature,strong,155,3,0.2664338213417917,medium,1,13,0.14823213856343004,0.2090448653360304
qiskit_nature_955_964,openhands_deepseek-v4-pro,1,qiskit-community/qiskit-nature,medium,84,8,1.0724649089991796,large,0,20,0.5966726228471004,0.8931102323532976
qiskit_nature_956_1027,openhands_deepseek-v4-pro,0,qiskit-community/qiskit-nature,medium,102,2,-0.5791734025919776,medium,0,16,-0.32222677899114266,0.5366079592280277
qiskit_nature_957_1038,openhands_deepseek-v4-pro,0,qiskit-community/qiskit-nature,medium,350,2,0.5090732422465318,medium,0,15,0.2832261122240112,0.4343273847868862
qiskit_nature_958_1085,openhands_deepseek-v4-pro,0,qiskit-community/qiskit-nature,strong,669,5,2.232531815176268,large,1,120,1.2420831698763217,3.8476970438981635
qiskit_nature_973_1018,openhands_deepseek-v4-pro,0,qiskit-community/qiskit-nature,strong,180,3,0.39836738122973625,medium,1,11,0.22163420753495203,-0.05102471713434138
qiskit_nature_9_232,openhands_deepseek-v4-pro,0,qiskit-community/qiskit-nature,strong,488,2,0.8033798607486109,medium,1,8,0.44696545745514804,-0.536376819055569
qiskit_optimization_133_139,openhands_deepseek-v4-pro,1,qiskit-community/qiskit-optimization,medium,76,1,-1.5098893202619357,small,0,7,-0.8400364556172191,-0.7350900841516085
qiskit_optimization_13_163,openhands_deepseek-v4-pro,0,qiskit-community/qiskit-optimization,medium,274,1,-0.3800068107956881,medium,0,10,-0.2114191882593319,-0.19782272353446417
qiskit_optimization_40_157,openhands_deepseek-v4-pro,1,qiskit-community/qiskit-optimization,medium,294,3,0.831940042489458,large,0,24,0.4628550948738714,1.1872640605936275
qiskit_optimization_41_114,openhands_deepseek-v4-pro,0,qiskit-community/qiskit-optimization,medium,211,11,2.36081339810875,large,0,14,1.3134534384128749,0.32544362076902933
qiskit_optimization_425_436,openhands_deepseek-v4-pro,1,qiskit-community/qiskit-optimization,medium,239,4,1.0188954922962765,large,0,4,0.5668689396680037,-1.5280392151867321
qiskit_optimization_433_467,openhands_deepseek-v4-pro,0,qiskit-community/qiskit-optimization,strong,111,2,-0.5048193744401559,medium,1,13,-0.2808594460142569,0.2090448653360304
qiskit_optimization_473_487,openhands_deepseek-v4-pro,0,qiskit-community/qiskit-optimization,strong,1480,9,3.7838110996396512,large,1,19,2.1051471933816797,0.8107957226902569
qiskit_optimization_628_646,openhands_deepseek-v4-pro,1,qiskit-community/qiskit-optimization,medium,20,1,-2.66313103487332,small,0,11,-1.4816497642298072,-0.05102471713434138
qiskit_optimization_80_122,openhands_deepseek-v4-pro,1,qiskit-community/qiskit-optimization,medium,1060,17,4.462677722082305,large,0,8,2.482838924623695,-0.536376819055569
qiskit_optimization_8_18,openhands_deepseek-v4-pro,0,qiskit-community/qiskit-optimization,strong,548,5,2.055740579806363,large,1,6,1.1437242499532634,-0.9603726036024639
tangelo_384_398,openhands_deepseek-v4-pro,1,sandbox-quantum/Tangelo,medium,28,2,-1.7041452573924138,small,0,5,-0.9481119726235778,-1.220442186072836
tangelo_387_390,openhands_deepseek-v4-pro,1,sandbox-quantum/Tangelo,medium,11,1,-3.159845206216262,small,0,4,-1.7579998293308592,-1.5280392151867321
qiskit_addon_sqd_148_230,openhands_deepseek-v4-pro,1,Qiskit/qiskit-addon-sqd,strong,139,2,-0.3067574780978939,medium,1,4,-0.17066645957249876,-1.5280392151867321
qiskit_addon_sqd_265_343,openhands_deepseek-v4-pro,1,Qiskit/qiskit-addon-sqd,medium,21,1,-2.621839935667211,small,0,6,-1.458677200505983,-0.9603726036024639
openqaoa_36_71,openhands_deepseek-v4-pro,0,entropicalabs/openqaoa,medium,311,1,-0.2679633884977829,medium,0,7,-0.1490831229071857,-0.7350900841516085
openqaoa_112_85,openhands_deepseek-v4-pro,0,entropicalabs/openqaoa,strong,211,4,0.9087865391262202,large,1,9,0.5056091284278987,-0.35862174624823706
openqaoa_232_241,openhands_deepseek-v4-pro,1,entropicalabs/openqaoa,strong,34,1,-2.209722943322219,small,1,11,-1.2293933100225016,-0.05102471713434138
squlearn_62_99,openhands_deepseek-v4-pro,0,sQUlearn/squlearn,medium,186,5,1.0998059549598023,large,0,11,0.6118839863778026,-0.05102471713434138
tequila_400_411,openhands_deepseek-v4-pro,1,tequilahub/tequila,strong,32,1,-2.2619496868137166,small,1,16,-1.2584499884838185,0.5366079592280277
tequila_403_407,openhands_deepseek-v4-pro,0,tequilahub/tequila,strong,90,4,0.1581206717879453,medium,1,7,0.08797143400253778,-0.7350900841516085
tequila_406_409,openhands_deepseek-v4-pro,1,tequilahub/tequila,strong,36,1,-2.160399223078648,small,1,7,-1.2019517468726433,-0.7350900841516085
squlearn_274_279,openhands_deepseek-v4-pro,0,sQUlearn/squlearn,medium,276,14,2.968284347944471,large,0,11,1.6514237364622038,-0.05102471713434138
squlearn_112_154,openhands_deepseek-v4-pro,0,sQUlearn/squlearn,medium,287,11,2.632750703790038,large,0,11,1.464747475233386,-0.05102471713434138
squlearn_266_301,openhands_deepseek-v4-pro,0,sQUlearn/squlearn,medium,2159,35,6.243301968112026,large,0,36,3.473500465405638,1.8486832784198364
squlearn_275_339,openhands_deepseek-v4-pro,0,sQUlearn/squlearn,medium,230,16,3.0146885601268836,large,0,30,1.6772410128706896,1.5501812189499562
openfermion_151_352,openhands_deepseek-v4-flash,1,quantumlib/OpenFermion,medium,85,1,-1.4117725109707369,small,0,10,-0.7854485493333659,-0.19782272353446417
openfermion_207_212,openhands_deepseek-v4-flash,0,quantumlib/OpenFermion,strong,60,1,-1.7166390370268574,small,1,6,-0.9550629657993954,-0.9603726036024639
openfermion_246_306,openhands_deepseek-v4-flash,0,quantumlib/OpenFermion,strong,180,6,1.3265297702705092,large,1,15,0.7380232123871494,0.4343273847868862
openfermion_258_262,openhands_deepseek-v4-flash,0,quantumlib/OpenFermion,strong,55,2,-1.1200558185024878,small,1,8,-0.6231501258019679,-0.536376819055569
openfermion_259_283,openhands_deepseek-v4-flash,1,quantumlib/OpenFermion,strong,124,2,-0.4073478567563112,medium,1,8,-0.2266305517900342,-0.536376819055569
openfermion_37_114,openhands_deepseek-v4-flash,0,quantumlib/OpenFermion,medium,159,1,-0.8607277824781633,small,0,7,-0.4788713357604195,-0.7350900841516085
openfermion_457_549,openhands_deepseek-v4-flash,0,quantumlib/OpenFermion,medium,68,1,-1.6072579220007603,small,0,10,-0.8942080919056972,-0.19782272353446417
openfermion_458_501,openhands_deepseek-v4-flash,0,quantumlib/OpenFermion,strong,266,2,0.2662816915220689,medium,1,10,0.1481475001777956,-0.19782272353446417
openfermion_469_474,openhands_deepseek-v4-flash,1,quantumlib/OpenFermion,medium,27,1,-2.4077848396644814,small,0,8,-1.33958629646426,-0.536376819055569
openfermion_46_61,openhands_deepseek-v4-flash,0,quantumlib/OpenFermion,medium,267,3,0.7467408976720131,medium,0,6,0.4154540127722717,-0.9603726036024639
openfermion_542_589,openhands_deepseek-v4-flash,1,quantumlib/OpenFermion,strong,80,2,-0.7924454384937873,small,1,8,-0.44088202260207476,-0.536376819055569
openfermion_752_753,openhands_deepseek-v4-flash,1,quantumlib/OpenFermion,strong,421,1,9.326591834946107e-05,medium,1,18,5.1889082483783025e-05,0.7242581500382983
pennylane_166_588,openhands_deepseek-v4-flash,0,PennyLaneAI/pennylane,medium,233,2,0.14918299339303848,medium,0,3,0.08299890020184725,-1.9045075530901028
pennylane_2492_3742,openhands_deepseek-v4-flash,1,PennyLaneAI/pennylane,medium,47,1,-1.9293723180915965,small,0,8,-1.073418469755436,-0.536376819055569
pennylane_3982_3977,openhands_deepseek-v4-flash,1,PennyLaneAI/pennylane,strong,112,1,-1.1694221345517037,small,1,9,-0.6506153873972143,-0.35862174624823706
pennylane_4881_4928,openhands_deepseek-v4-flash,0,PennyLaneAI/pennylane,strong,109,2,-0.5208125741006229,medium,1,24,-0.28975736361422144,1.1872640605936275
pennylane_5759_5773,openhands_deepseek-v4-flash,0,PennyLaneAI/pennylane,medium,176,5,1.0510245280380164,large,0,21,0.5847441315411457,0.9715947454040306
pennylane_5895_5920,openhands_deepseek-v4-flash,1,PennyLaneAI/pennylane,medium,46,1,-1.9480592939223285,small,0,6,-1.0838150867341756,-0.9603726036024639
pennylane_991_1062,openhands_deepseek-v4-flash,1,PennyLaneAI/pennylane,medium,12,1,-3.088799413600608,small,0,6,-1.718473054080196,-0.9603726036024639
qiskit_finance_54_57,openhands_deepseek-v4-flash,0,qiskit-community/qiskit-finance,medium,61,1,-1.7022062220052714,small,0,11,-0.9470331780443507,-0.05102471713434138
qiskit_finance_72_112,openhands_deepseek-v4-flash,1,qiskit-community/qiskit-finance,medium,30,3,-1.1678090121656968,small,0,19,-0.649717916573735,0.8107957226902569
qiskit_machine_learning_112_151,openhands_deepseek-v4-flash,1,qiskit-community/qiskit-machine-learning,medium,64,5,0.1618616018678869,medium,0,41,0.09005272406989238,2.0625277012917924
qiskit_machine_learning_113_115,openhands_deepseek-v4-flash,1,qiskit-community/qiskit-machine-learning,medium,46,5,-0.12593306292076112,medium,0,25,-0.07006365460126839,1.253433827119435
qiskit_machine_learning_226_219,openhands_deepseek-v4-flash,1,qiskit-community/qiskit-machine-learning,medium,135,1,-1.0049793513819776,small,0,4,-0.5591266068144338,-1.5280392151867321
qiskit_machine_learning_227_244,openhands_deepseek-v4-flash,0,qiskit-community/qiskit-machine-learning,strong,450,5,1.8812110954722763,large,1,23,1.0466236694979534,1.1183927518041534
qiskit_machine_learning_320_412,openhands_deepseek-v4-flash,0,qiskit-community/qiskit-machine-learning,medium,108,2,-0.5289185534229176,medium,0,11,-0.2942671763851507,-0.05102471713434138
qiskit_machine_learning_326_360,openhands_deepseek-v4-flash,1,qiskit-community/qiskit-machine-learning,medium,84,6,0.6556421438406321,medium,0,9,0.3647706459501373,-0.35862174624823706
qiskit_machine_learning_328_348,openhands_deepseek-v4-flash,1,qiskit-community/qiskit-machine-learning,medium,61,1,-1.7022062220052714,small,0,4,-0.9470331780443507,-1.5280392151867321
qiskit_machine_learning_340_364,openhands_deepseek-v4-flash,0,qiskit-community/qiskit-machine-learning,strong,305,3,0.8644348002269172,large,1,20,0.4809337584882216,0.8931102323532976
qiskit_machine_learning_367_540,openhands_deepseek-v4-flash,0,qiskit-community/qiskit-machine-learning,medium,173,6,1.2915213454287657,large,0,19,0.7185460542099538,0.8107957226902569
qiskit_machine_learning_385_404,openhands_deepseek-v4-flash,1,qiskit-community/qiskit-machine-learning,medium,31,1,-2.289262566945091,small,0,9,-1.2736456817776005,-0.35862174624823706
qiskit_machine_learning_387_398,openhands_deepseek-v4-flash,1,qiskit-community/qiskit-machine-learning,medium,51,1,-1.8583265254759422,small,0,6,-1.033891694504773,-0.9603726036024639
qiskit_machine_learning_400_436,openhands_deepseek-v4-flash,0,qiskit-community/qiskit-machine-learning,medium,509,7,2.4674765456799252,large,0,18,1.3727961539538542,0.7242581500382983
qiskit_machine_learning_401_470,openhands_deepseek-v4-flash,0,qiskit-community/qiskit-machine-learning,medium,368,3,1.0306034966770588,large,0,19,0.5733827618206612,0.8107957226902569
qiskit_machine_learning_44_73,openhands_deepseek-v4-flash,0,qiskit-community/qiskit-machine-learning,medium,200,4,0.8614940744822128,large,0,33,0.47929766715465605,1.7060254281665224
qiskit_machine_learning_505_569,openhands_deepseek-v4-flash,0,qiskit-community/qiskit-machine-learning,medium,219,3,0.5715649467639573,medium,0,15,0.31799376655723727,0.4343273847868862
qiskit_machine_learning_551_548,openhands_deepseek-v4-flash,0,qiskit-community/qiskit-machine-learning,medium,123,3,0.06266387595896887,medium,0,36,0.0348634430016881,1.8486832784198364
qiskit_machine_learning_557_558,openhands_deepseek-v4-flash,0,qiskit-community/qiskit-machine-learning,medium,43,1,-2.0066034916048783,small,0,29,-1.1163865207182715,1.494861089707524
qiskit_machine_learning_597_609,openhands_deepseek-v4-flash,1,qiskit-community/qiskit-machine-learning,medium,94,2,-0.650937607684588,small,0,6,-0.36215324755886885,-0.9603726036024639
qiskit_machine_learning_62_143,openhands_deepseek-v4-flash,1,qiskit-community/qiskit-machine-learning,medium,27,1,-2.4077848396644814,small,0,17,-1.33958629646426,0.633040649882925
qiskit_machine_learning_638_639,openhands_deepseek-v4-flash,0,qiskit-community/qiskit-machine-learning,medium,139,5,0.8428761758040135,large,0,18,0.4689394816858285,0.7242581500382983
qiskit_machine_learning_63_102,openhands_deepseek-v4-flash,1,qiskit-community/qiskit-machine-learning,medium,104,2,-0.5621036733067326,medium,0,6,-0.31272992733804594,-0.9603726036024639
qiskit_machine_learning_90_117,openhands_deepseek-v4-flash,1,qiskit-community/qiskit-machine-learning,medium,31,8,0.20535624115613738,medium,0,25,0.11425124122988722,1.253433827119435
qiskit_machine_learning_920_924,openhands_deepseek-v4-flash,1,qiskit-community/qiskit-machine-learning,medium,131,4,0.48825622723189416,medium,0,5,0.271644434497863,-1.220442186072836
qiskit_machine_learning_960_1021,openhands_deepseek-v4-flash,1,qiskit-community/qiskit-machine-learning,strong,168,2,-0.13966146284480135,medium,1,6,-0.07770153656965387,-0.9603726036024639
qiskit_nature_1257_1270,openhands_deepseek-v4-flash,0,qiskit-community/qiskit-nature,strong,402,3,1.1088363614904493,large,1,27,0.6169081100622269,1.378462334274525
qiskit_nature_129_161,openhands_deepseek-v4-flash,1,qiskit-community/qiskit-nature,strong,9,1,-3.3216735587274937,small,1,9,-1.8480340549112653,-0.35862174624823706
qiskit_nature_129_341,openhands_deepseek-v4-flash,0,qiskit-community/qiskit-nature,strong,52,1,-1.8414193749193908,small,1,6,-1.024485294553783,-0.9603726036024639
qiskit_nature_1345_1356,openhands_deepseek-v4-flash,1,qiskit-community/qiskit-nature,strong,218,3,0.5675212105360191,medium,1,32,0.3157440083777577,1.6556601124212968
qiskit_nature_167_220,openhands_deepseek-v4-flash,0,qiskit-community/qiskit-nature,strong,527,8,2.693614897536842,large,1,8,1.498609653674515,-0.536376819055569
qiskit_nature_174_862,openhands_deepseek-v4-flash,0,qiskit-community/qiskit-nature,strong,187,7,1.581680902006152,large,1,15,0.879978155357902,0.4343273847868862
qiskit_nature_22_35,openhands_deepseek-v4-flash,0,qiskit-community/qiskit-nature,strong,470,2,0.7700910130901277,medium,1,11,0.4284449968999581,-0.05102471713434138
qiskit_nature_243_263,openhands_deepseek-v4-flash,0,qiskit-community/qiskit-nature,strong,432,10,2.8503786779317677,large,1,10,1.5858261725841691,-0.19782272353446417
qiskit_nature_252_318,openhands_deepseek-v4-flash,0,qiskit-community/qiskit-nature,medium,78,6,0.5906669073429984,medium,0,10,0.32862126292059574,-0.19782272353446417
qiskit_nature_271_286,openhands_deepseek-v4-flash,0,qiskit-community/qiskit-nature,strong,7,1,-3.5197354550697564,small,1,8,-1.9582270413530236,-0.536376819055569
qiskit_nature_337_520,openhands_deepseek-v4-flash,0,qiskit-community/qiskit-nature,strong,192,2,-0.021795940852246176,medium,1,24,-0.01212630929609253,1.1872640605936275
qiskit_nature_375_380,openhands_deepseek-v4-flash,1,qiskit-community/qiskit-nature,medium,98,2,-0.6143304167982303,small,0,5,-0.3417866057993629,-1.220442186072836
qiskit_nature_3_25,openhands_deepseek-v4-flash,0,qiskit-community/qiskit-nature,strong,543,7,2.5247608445465017,large,1,11,1.4046666352776431,-0.05102471713434138
qiskit_nature_42_49,openhands_deepseek-v4-flash,0,qiskit-community/qiskit-nature,strong,387,9,2.5949016888392977,large,1,8,1.4436899368157308,-0.536376819055569
qiskit_nature_45_50,openhands_deepseek-v4-flash,0,qiskit-community/qiskit-nature,strong,379,4,1.4267757292613634,large,1,11,0.793795684548233,-0.05102471713434138
qiskit_nature_460_482,openhands_deepseek-v4-flash,0,qiskit-community/qiskit-nature,strong,302,2,0.3785488392219383,medium,1,21,0.21060803656975613,0.9715947454040306
qiskit_nature_465_472,openhands_deepseek-v4-flash,1,qiskit-community/qiskit-nature,medium,14,1,-2.961783309874,small,0,7,-1.647806842889101,-0.7350900841516085
qiskit_nature_477_481,openhands_deepseek-v4-flash,1,qiskit-community/qiskit-nature,medium,9,1,-3.3216735587274937,small,0,6,-1.8480340549112653,-0.9603726036024639
qiskit_nature_47_77,openhands_deepseek-v4-flash,0,qiskit-community/qiskit-nature,strong,481,3,1.2677232081883598,large,1,7,0.7053058103129676,-0.7350900841516085
qiskit_nature_493_506,openhands_deepseek-v4-flash,1,qiskit-community/qiskit-nature,medium,152,2,-0.22794272063766297,medium,0,5,-0.1268173716832371,-1.220442186072836
qiskit_nature_541_544,openhands_deepseek-v4-flash,1,qiskit-community/qiskit-nature,medium,8,1,-3.415191401425101,small,0,6,-1.9000632970964064,-0.9603726036024639
qiskit_nature_563_620,openhands_deepseek-v4-flash,0,qiskit-community/qiskit-nature,medium,204,7,1.6585185492142407,large,0,5,0.9227272654764183,-1.220442186072836
qiskit_nature_571_632,openhands_deepseek-v4-flash,1,qiskit-community/qiskit-nature,medium,218,4,0.9376205825550574,large,0,9,0.5216511305256891,-0.35862174624823706
qiskit_nature_577_591,openhands_deepseek-v4-flash,1,qiskit-community/qiskit-nature,strong,98,2,-0.6143304167982303,small,1,8,-0.3417866057993629,-0.536376819055569
qiskit_nature_582_1313,openhands_deepseek-v4-flash,0,qiskit-community/qiskit-nature,strong,152,6,1.1773607452053574,large,1,12,0.6550320835527074,0.08401635818094032
qiskit_nature_665_756,openhands_deepseek-v4-flash,0,qiskit-community/qiskit-nature,medium,171,2,-0.12404348980874397,medium,0,21,-0.06901237867107428,0.9715947454040306
qiskit_nature_669_731,openhands_deepseek-v4-flash,1,qiskit-community/qiskit-nature,medium,130,2,-0.3657340531049745,medium,0,23,-0.20347844941079793,1.1183927518041534
qiskit_nature_683_684,openhands_deepseek-v4-flash,0,qiskit-community/qiskit-nature,medium,232,8,1.9675079399258386,large,0,3,1.0946354637221454,-1.9045075530901028
qiskit_nature_6_624,openhands_deepseek-v4-flash,1,qiskit-community/qiskit-nature,strong,181,2,-0.07388333297100758,medium,1,12,-0.04110545874142932,0.08401635818094032
qiskit_nature_715_716,openhands_deepseek-v4-flash,1,qiskit-community/qiskit-nature,medium,20,1,-2.66313103487332,small,0,6,-1.4816497642298072,-0.9603726036024639
qiskit_nature_787_799,openhands_deepseek-v4-flash,0,qiskit-community/qiskit-nature,strong,491,5,1.9584422689855572,large,1,26,1.0895917204607883,1.3171060169001922
qiskit_nature_795_1188,openhands_deepseek-v4-flash,0,qiskit-community/qiskit-nature,strong,332,4,1.3095871886739512,large,1,23,0.7285971001533672,1.1183927518041534
qiskit_nature_828_891,openhands_deepseek-v4-flash,0,qiskit-community/qiskit-nature,medium,119,3,0.03355967621490542,medium,0,24,0.018671137732360607,1.1872640605936275
qiskit_nature_82_96,openhands_deepseek-v4-flash,0,qiskit-community/qiskit-nature,strong,281,4,1.1620368689767768,large,1,7,0.6465065482696705,-0.7350900841516085
qiskit_nature_847_1043,openhands_deepseek-v4-flash,0,qiskit-community/qiskit-nature,strong,686,3,1.5822794224297119,large,1,12,0.8803111459741509,0.08401635818094032
qiskit_nature_848_858,openhands_deepseek-v4-flash,1,qiskit-community/qiskit-nature,medium,105,3,-0.07654927695515104,medium,0,20,-0.04258867350774438,0.8931102323532976
qiskit_nature_861_904,openhands_deepseek-v4-flash,1,qiskit-community/qiskit-nature,medium,10,1,-3.2370763797295434,small,0,21,-1.8009678802936944,0.9715947454040306
qiskit_nature_865_890,openhands_deepseek-v4-flash,0,qiskit-community/qiskit-nature,medium,154,2,-0.21641530450101645,medium,0,6,-0.12040402094030092,-0.9603726036024639
qiskit_nature_866_870,openhands_deepseek-v4-flash,0,qiskit-community/qiskit-nature,medium,391,6,2.0124347068081394,large,0,47,1.1196307541104513,2.287810220742648
qiskit_nature_881_903,openhands_deepseek-v4-flash,0,qiskit-community/qiskit-nature,medium,287,2,0.33348339598622295,medium,0,14,0.1855355927167312,0.32544362076902933
qiskit_nature_918_1046,openhands_deepseek-v4-flash,0,qiskit-community/qiskit-nature,strong,85,2,-0.7392799338710767,small,1,9,-0.4113030584587858,-0.35862174624823706
qiskit_nature_919_920,openhands_deepseek-v4-flash,0,qiskit-community/qiskit-nature,strong,84,1,-1.4221538991020484,small,1,9,-0.7912243001603873,-0.35862174624823706
qiskit_nature_91_729,openhands_deepseek-v4-flash,0,qiskit-community/qiskit-nature,strong,155,3,0.2664338213417917,medium,1,13,0.14823213856343004,0.2090448653360304
qiskit_nature_955_964,openhands_deepseek-v4-flash,1,qiskit-community/qiskit-nature,medium,84,8,1.0724649089991796,large,0,20,0.5966726228471004,0.8931102323532976
qiskit_nature_956_1027,openhands_deepseek-v4-flash,0,qiskit-community/qiskit-nature,medium,102,2,-0.5791734025919776,medium,0,16,-0.32222677899114266,0.5366079592280277
qiskit_nature_957_1038,openhands_deepseek-v4-flash,0,qiskit-community/qiskit-nature,medium,350,2,0.5090732422465318,medium,0,15,0.2832261122240112,0.4343273847868862
qiskit_nature_958_1085,openhands_deepseek-v4-flash,0,qiskit-community/qiskit-nature,strong,669,5,2.232531815176268,large,1,120,1.2420831698763217,3.8476970438981635
qiskit_nature_973_1018,openhands_deepseek-v4-flash,0,qiskit-community/qiskit-nature,strong,180,3,0.39836738122973625,medium,1,11,0.22163420753495203,-0.05102471713434138
qiskit_nature_9_232,openhands_deepseek-v4-flash,0,qiskit-community/qiskit-nature,strong,488,2,0.8033798607486109,medium,1,8,0.44696545745514804,-0.536376819055569
qiskit_optimization_133_139,openhands_deepseek-v4-flash,1,qiskit-community/qiskit-optimization,medium,76,1,-1.5098893202619357,small,0,7,-0.8400364556172191,-0.7350900841516085
qiskit_optimization_13_163,openhands_deepseek-v4-flash,0,qiskit-community/qiskit-optimization,medium,274,1,-0.3800068107956881,medium,0,10,-0.2114191882593319,-0.19782272353446417
qiskit_optimization_40_157,openhands_deepseek-v4-flash,1,qiskit-community/qiskit-optimization,medium,294,3,0.831940042489458,large,0,24,0.4628550948738714,1.1872640605936275
qiskit_optimization_41_114,openhands_deepseek-v4-flash,0,qiskit-community/qiskit-optimization,medium,211,11,2.36081339810875,large,0,14,1.3134534384128749,0.32544362076902933
qiskit_optimization_425_436,openhands_deepseek-v4-flash,1,qiskit-community/qiskit-optimization,medium,239,4,1.0188954922962765,large,0,4,0.5668689396680037,-1.5280392151867321
qiskit_optimization_433_467,openhands_deepseek-v4-flash,0,qiskit-community/qiskit-optimization,strong,111,2,-0.5048193744401559,medium,1,13,-0.2808594460142569,0.2090448653360304
qiskit_optimization_473_487,openhands_deepseek-v4-flash,0,qiskit-community/qiskit-optimization,strong,1480,9,3.7838110996396512,large,1,19,2.1051471933816797,0.8107957226902569
qiskit_optimization_628_646,openhands_deepseek-v4-flash,0,qiskit-community/qiskit-optimization,medium,20,1,-2.66313103487332,small,0,11,-1.4816497642298072,-0.05102471713434138
qiskit_optimization_80_122,openhands_deepseek-v4-flash,1,qiskit-community/qiskit-optimization,medium,1060,17,4.462677722082305,large,0,8,2.482838924623695,-0.536376819055569
qiskit_optimization_8_18,openhands_deepseek-v4-flash,0,qiskit-community/qiskit-optimization,strong,548,5,2.055740579806363,large,1,6,1.1437242499532634,-0.9603726036024639
tangelo_384_398,openhands_deepseek-v4-flash,1,sandbox-quantum/Tangelo,medium,28,2,-1.7041452573924138,small,0,5,-0.9481119726235778,-1.220442186072836
tangelo_387_390,openhands_deepseek-v4-flash,1,sandbox-quantum/Tangelo,medium,11,1,-3.159845206216262,small,0,4,-1.7579998293308592,-1.5280392151867321
tequila_400_411,openhands_deepseek-v4-flash,0,tequilahub/tequila,strong,32,1,-2.2619496868137166,small,1,16,-1.2584499884838185,0.5366079592280277
qiskit_addon_sqd_148_230,openhands_deepseek-v4-flash,1,Qiskit/qiskit-addon-sqd,strong,139,2,-0.3067574780978939,medium,1,4,-0.17066645957249876,-1.5280392151867321
qiskit_addon_sqd_265_343,openhands_deepseek-v4-flash,1,Qiskit/qiskit-addon-sqd,medium,21,1,-2.621839935667211,small,0,6,-1.458677200505983,-0.9603726036024639
openqaoa_36_71,openhands_deepseek-v4-flash,0,entropicalabs/openqaoa,medium,311,1,-0.2679633884977829,medium,0,7,-0.1490831229071857,-0.7350900841516085
squlearn_274_279,openhands_deepseek-v4-flash,0,sQUlearn/squlearn,medium,276,14,2.968284347944471,large,0,11,1.6514237364622038,-0.05102471713434138
squlearn_112_154,openhands_deepseek-v4-flash,0,sQUlearn/squlearn,medium,287,11,2.632750703790038,large,0,11,1.464747475233386,-0.05102471713434138
openqaoa_112_85,openhands_deepseek-v4-flash,0,entropicalabs/openqaoa,strong,211,4,0.9087865391262202,large,1,9,0.5056091284278987,-0.35862174624823706
openqaoa_232_241,openhands_deepseek-v4-flash,1,entropicalabs/openqaoa,strong,34,1,-2.209722943322219,small,1,11,-1.2293933100225016,-0.05102471713434138
squlearn_266_301,openhands_deepseek-v4-flash,0,sQUlearn/squlearn,medium,2159,35,6.243301968112026,large,0,36,3.473500465405638,1.8486832784198364
squlearn_62_99,openhands_deepseek-v4-flash,0,sQUlearn/squlearn,medium,186,5,1.0998059549598023,large,0,11,0.6118839863778026,-0.05102471713434138
squlearn_275_339,openhands_deepseek-v4-flash,0,sQUlearn/squlearn,medium,230,16,3.0146885601268836,large,0,30,1.6772410128706896,1.5501812189499562
tequila_403_407,openhands_deepseek-v4-flash,0,tequilahub/tequila,strong,90,4,0.1581206717879453,medium,1,7,0.08797143400253778,-0.7350900841516085
tequila_406_409,openhands_deepseek-v4-flash,0,tequilahub/tequila,strong,36,1,-2.160399223078648,small,1,7,-1.2019517468726433,-0.7350900841516085
openfermion_151_352,autocoderover_gpt-5.5,1,quantumlib/OpenFermion,medium,85,1,-1.4117725109707369,small,0,10,-0.7854485493333659,-0.19782272353446417
openfermion_207_212,autocoderover_gpt-5.5,0,quantumlib/OpenFermion,strong,60,1,-1.7166390370268574,small,1,6,-0.9550629657993954,-0.9603726036024639
openfermion_246_306,autocoderover_gpt-5.5,0,quantumlib/OpenFermion,strong,180,6,1.3265297702705092,large,1,15,0.7380232123871494,0.4343273847868862
openfermion_258_262,autocoderover_gpt-5.5,0,quantumlib/OpenFermion,strong,55,2,-1.1200558185024878,small,1,8,-0.6231501258019679,-0.536376819055569
openfermion_259_283,autocoderover_gpt-5.5,1,quantumlib/OpenFermion,strong,124,2,-0.4073478567563112,medium,1,8,-0.2266305517900342,-0.536376819055569
openfermion_37_114,autocoderover_gpt-5.5,0,quantumlib/OpenFermion,medium,159,1,-0.8607277824781633,small,0,7,-0.4788713357604195,-0.7350900841516085
openfermion_457_549,autocoderover_gpt-5.5,0,quantumlib/OpenFermion,medium,68,1,-1.6072579220007603,small,0,10,-0.8942080919056972,-0.19782272353446417
openfermion_458_501,autocoderover_gpt-5.5,1,quantumlib/OpenFermion,strong,266,2,0.2662816915220689,medium,1,10,0.1481475001777956,-0.19782272353446417
openfermion_469_474,autocoderover_gpt-5.5,1,quantumlib/OpenFermion,medium,27,1,-2.4077848396644814,small,0,8,-1.33958629646426,-0.536376819055569
openfermion_46_61,autocoderover_gpt-5.5,0,quantumlib/OpenFermion,medium,267,3,0.7467408976720131,medium,0,6,0.4154540127722717,-0.9603726036024639
openfermion_542_589,autocoderover_gpt-5.5,1,quantumlib/OpenFermion,strong,80,2,-0.7924454384937873,small,1,8,-0.44088202260207476,-0.536376819055569
openfermion_752_753,autocoderover_gpt-5.5,0,quantumlib/OpenFermion,strong,421,1,9.326591834946107e-05,medium,1,18,5.1889082483783025e-05,0.7242581500382983
pennylane_166_588,autocoderover_gpt-5.5,0,PennyLaneAI/pennylane,medium,233,2,0.14918299339303848,medium,0,3,0.08299890020184725,-1.9045075530901028
pennylane_2492_3742,autocoderover_gpt-5.5,0,PennyLaneAI/pennylane,medium,47,1,-1.9293723180915965,small,0,8,-1.073418469755436,-0.536376819055569
pennylane_3982_3977,autocoderover_gpt-5.5,1,PennyLaneAI/pennylane,strong,112,1,-1.1694221345517037,small,1,9,-0.6506153873972143,-0.35862174624823706
pennylane_4881_4928,autocoderover_gpt-5.5,0,PennyLaneAI/pennylane,strong,109,2,-0.5208125741006229,medium,1,24,-0.28975736361422144,1.1872640605936275
pennylane_5759_5773,autocoderover_gpt-5.5,0,PennyLaneAI/pennylane,medium,176,5,1.0510245280380164,large,0,21,0.5847441315411457,0.9715947454040306
pennylane_5895_5920,autocoderover_gpt-5.5,0,PennyLaneAI/pennylane,medium,46,1,-1.9480592939223285,small,0,6,-1.0838150867341756,-0.9603726036024639
pennylane_991_1062,autocoderover_gpt-5.5,1,PennyLaneAI/pennylane,medium,12,1,-3.088799413600608,small,0,6,-1.718473054080196,-0.9603726036024639
qiskit_finance_54_57,autocoderover_gpt-5.5,0,qiskit-community/qiskit-finance,medium,61,1,-1.7022062220052714,small,0,11,-0.9470331780443507,-0.05102471713434138
qiskit_finance_72_112,autocoderover_gpt-5.5,0,qiskit-community/qiskit-finance,medium,30,3,-1.1678090121656968,small,0,19,-0.649717916573735,0.8107957226902569
qiskit_machine_learning_112_151,autocoderover_gpt-5.5,1,qiskit-community/qiskit-machine-learning,medium,64,5,0.1618616018678869,medium,0,41,0.09005272406989238,2.0625277012917924
qiskit_machine_learning_113_115,autocoderover_gpt-5.5,0,qiskit-community/qiskit-machine-learning,medium,46,5,-0.12593306292076112,medium,0,25,-0.07006365460126839,1.253433827119435
qiskit_machine_learning_226_219,autocoderover_gpt-5.5,0,qiskit-community/qiskit-machine-learning,medium,135,1,-1.0049793513819776,small,0,4,-0.5591266068144338,-1.5280392151867321
qiskit_machine_learning_227_244,autocoderover_gpt-5.5,0,qiskit-community/qiskit-machine-learning,strong,450,5,1.8812110954722763,large,1,23,1.0466236694979534,1.1183927518041534
qiskit_machine_learning_320_412,autocoderover_gpt-5.5,1,qiskit-community/qiskit-machine-learning,medium,108,2,-0.5289185534229176,medium,0,11,-0.2942671763851507,-0.05102471713434138
qiskit_machine_learning_326_360,autocoderover_gpt-5.5,0,qiskit-community/qiskit-machine-learning,medium,84,6,0.6556421438406321,medium,0,9,0.3647706459501373,-0.35862174624823706
qiskit_machine_learning_328_348,autocoderover_gpt-5.5,0,qiskit-community/qiskit-machine-learning,medium,61,1,-1.7022062220052714,small,0,4,-0.9470331780443507,-1.5280392151867321
qiskit_machine_learning_340_364,autocoderover_gpt-5.5,0,qiskit-community/qiskit-machine-learning,strong,305,3,0.8644348002269172,large,1,20,0.4809337584882216,0.8931102323532976
qiskit_machine_learning_367_540,autocoderover_gpt-5.5,1,qiskit-community/qiskit-machine-learning,medium,173,6,1.2915213454287657,large,0,19,0.7185460542099538,0.8107957226902569
qiskit_machine_learning_385_404,autocoderover_gpt-5.5,1,qiskit-community/qiskit-machine-learning,medium,31,1,-2.289262566945091,small,0,9,-1.2736456817776005,-0.35862174624823706
qiskit_machine_learning_387_398,autocoderover_gpt-5.5,1,qiskit-community/qiskit-machine-learning,medium,51,1,-1.8583265254759422,small,0,6,-1.033891694504773,-0.9603726036024639
qiskit_machine_learning_400_436,autocoderover_gpt-5.5,0,qiskit-community/qiskit-machine-learning,medium,509,7,2.4674765456799252,large,0,18,1.3727961539538542,0.7242581500382983
qiskit_machine_learning_401_470,autocoderover_gpt-5.5,0,qiskit-community/qiskit-machine-learning,medium,368,3,1.0306034966770588,large,0,19,0.5733827618206612,0.8107957226902569
qiskit_machine_learning_44_73,autocoderover_gpt-5.5,0,qiskit-community/qiskit-machine-learning,medium,200,4,0.8614940744822128,large,0,33,0.47929766715465605,1.7060254281665224
qiskit_machine_learning_505_569,autocoderover_gpt-5.5,0,qiskit-community/qiskit-machine-learning,medium,219,3,0.5715649467639573,medium,0,15,0.31799376655723727,0.4343273847868862
qiskit_machine_learning_551_548,autocoderover_gpt-5.5,0,qiskit-community/qiskit-machine-learning,medium,123,3,0.06266387595896887,medium,0,36,0.0348634430016881,1.8486832784198364
qiskit_machine_learning_557_558,autocoderover_gpt-5.5,0,qiskit-community/qiskit-machine-learning,medium,43,1,-2.0066034916048783,small,0,29,-1.1163865207182715,1.494861089707524
qiskit_machine_learning_597_609,autocoderover_gpt-5.5,0,qiskit-community/qiskit-machine-learning,medium,94,2,-0.650937607684588,small,0,6,-0.36215324755886885,-0.9603726036024639
qiskit_machine_learning_62_143,autocoderover_gpt-5.5,1,qiskit-community/qiskit-machine-learning,medium,27,1,-2.4077848396644814,small,0,17,-1.33958629646426,0.633040649882925
qiskit_machine_learning_638_639,autocoderover_gpt-5.5,0,qiskit-community/qiskit-machine-learning,medium,139,5,0.8428761758040135,large,0,18,0.4689394816858285,0.7242581500382983
qiskit_machine_learning_63_102,autocoderover_gpt-5.5,1,qiskit-community/qiskit-machine-learning,medium,104,2,-0.5621036733067326,medium,0,6,-0.31272992733804594,-0.9603726036024639
qiskit_machine_learning_90_117,autocoderover_gpt-5.5,1,qiskit-community/qiskit-machine-learning,medium,31,8,0.20535624115613738,medium,0,25,0.11425124122988722,1.253433827119435
qiskit_machine_learning_920_924,autocoderover_gpt-5.5,1,qiskit-community/qiskit-machine-learning,medium,131,4,0.48825622723189416,medium,0,5,0.271644434497863,-1.220442186072836
qiskit_machine_learning_960_1021,autocoderover_gpt-5.5,1,qiskit-community/qiskit-machine-learning,strong,168,2,-0.13966146284480135,medium,1,6,-0.07770153656965387,-0.9603726036024639
qiskit_nature_1257_1270,autocoderover_gpt-5.5,0,qiskit-community/qiskit-nature,strong,402,3,1.1088363614904493,large,1,27,0.6169081100622269,1.378462334274525
qiskit_nature_129_161,autocoderover_gpt-5.5,0,qiskit-community/qiskit-nature,strong,9,1,-3.3216735587274937,small,1,9,-1.8480340549112653,-0.35862174624823706
qiskit_nature_129_341,autocoderover_gpt-5.5,0,qiskit-community/qiskit-nature,strong,52,1,-1.8414193749193908,small,1,6,-1.024485294553783,-0.9603726036024639
qiskit_nature_1345_1356,autocoderover_gpt-5.5,0,qiskit-community/qiskit-nature,strong,218,3,0.5675212105360191,medium,1,32,0.3157440083777577,1.6556601124212968
qiskit_nature_167_220,autocoderover_gpt-5.5,0,qiskit-community/qiskit-nature,strong,527,8,2.693614897536842,large,1,8,1.498609653674515,-0.536376819055569
qiskit_nature_174_862,autocoderover_gpt-5.5,0,qiskit-community/qiskit-nature,strong,187,7,1.581680902006152,large,1,15,0.879978155357902,0.4343273847868862
qiskit_nature_22_35,autocoderover_gpt-5.5,0,qiskit-community/qiskit-nature,strong,470,2,0.7700910130901277,medium,1,11,0.4284449968999581,-0.05102471713434138
qiskit_nature_243_263,autocoderover_gpt-5.5,0,qiskit-community/qiskit-nature,strong,432,10,2.8503786779317677,large,1,10,1.5858261725841691,-0.19782272353446417
qiskit_nature_252_318,autocoderover_gpt-5.5,1,qiskit-community/qiskit-nature,medium,78,6,0.5906669073429984,medium,0,10,0.32862126292059574,-0.19782272353446417
qiskit_nature_271_286,autocoderover_gpt-5.5,0,qiskit-community/qiskit-nature,strong,7,1,-3.5197354550697564,small,1,8,-1.9582270413530236,-0.536376819055569
qiskit_nature_337_520,autocoderover_gpt-5.5,0,qiskit-community/qiskit-nature,strong,192,2,-0.021795940852246176,medium,1,24,-0.01212630929609253,1.1872640605936275
qiskit_nature_375_380,autocoderover_gpt-5.5,1,qiskit-community/qiskit-nature,medium,98,2,-0.6143304167982303,small,0,5,-0.3417866057993629,-1.220442186072836
qiskit_nature_3_25,autocoderover_gpt-5.5,0,qiskit-community/qiskit-nature,strong,543,7,2.5247608445465017,large,1,11,1.4046666352776431,-0.05102471713434138
qiskit_nature_42_49,autocoderover_gpt-5.5,0,qiskit-community/qiskit-nature,strong,387,9,2.5949016888392977,large,1,8,1.4436899368157308,-0.536376819055569
qiskit_nature_45_50,autocoderover_gpt-5.5,1,qiskit-community/qiskit-nature,strong,379,4,1.4267757292613634,large,1,11,0.793795684548233,-0.05102471713434138
qiskit_nature_460_482,autocoderover_gpt-5.5,0,qiskit-community/qiskit-nature,strong,302,2,0.3785488392219383,medium,1,21,0.21060803656975613,0.9715947454040306
qiskit_nature_465_472,autocoderover_gpt-5.5,0,qiskit-community/qiskit-nature,medium,14,1,-2.961783309874,small,0,7,-1.647806842889101,-0.7350900841516085
qiskit_nature_477_481,autocoderover_gpt-5.5,1,qiskit-community/qiskit-nature,medium,9,1,-3.3216735587274937,small,0,6,-1.8480340549112653,-0.9603726036024639
qiskit_nature_47_77,autocoderover_gpt-5.5,0,qiskit-community/qiskit-nature,strong,481,3,1.2677232081883598,large,1,7,0.7053058103129676,-0.7350900841516085
qiskit_nature_493_506,autocoderover_gpt-5.5,1,qiskit-community/qiskit-nature,medium,152,2,-0.22794272063766297,medium,0,5,-0.1268173716832371,-1.220442186072836
qiskit_nature_541_544,autocoderover_gpt-5.5,1,qiskit-community/qiskit-nature,medium,8,1,-3.415191401425101,small,0,6,-1.9000632970964064,-0.9603726036024639
qiskit_nature_563_620,autocoderover_gpt-5.5,0,qiskit-community/qiskit-nature,medium,204,7,1.6585185492142407,large,0,5,0.9227272654764183,-1.220442186072836
qiskit_nature_571_632,autocoderover_gpt-5.5,0,qiskit-community/qiskit-nature,medium,218,4,0.9376205825550574,large,0,9,0.5216511305256891,-0.35862174624823706
qiskit_nature_577_591,autocoderover_gpt-5.5,0,qiskit-community/qiskit-nature,strong,98,2,-0.6143304167982303,small,1,8,-0.3417866057993629,-0.536376819055569
qiskit_nature_582_1313,autocoderover_gpt-5.5,0,qiskit-community/qiskit-nature,strong,152,6,1.1773607452053574,large,1,12,0.6550320835527074,0.08401635818094032
qiskit_nature_665_756,autocoderover_gpt-5.5,0,qiskit-community/qiskit-nature,medium,171,2,-0.12404348980874397,medium,0,21,-0.06901237867107428,0.9715947454040306
qiskit_nature_669_731,autocoderover_gpt-5.5,0,qiskit-community/qiskit-nature,medium,130,2,-0.3657340531049745,medium,0,23,-0.20347844941079793,1.1183927518041534
qiskit_nature_683_684,autocoderover_gpt-5.5,0,qiskit-community/qiskit-nature,medium,232,8,1.9675079399258386,large,0,3,1.0946354637221454,-1.9045075530901028
qiskit_nature_6_624,autocoderover_gpt-5.5,0,qiskit-community/qiskit-nature,strong,181,2,-0.07388333297100758,medium,1,12,-0.04110545874142932,0.08401635818094032
qiskit_nature_715_716,autocoderover_gpt-5.5,1,qiskit-community/qiskit-nature,medium,20,1,-2.66313103487332,small,0,6,-1.4816497642298072,-0.9603726036024639
qiskit_nature_787_799,autocoderover_gpt-5.5,0,qiskit-community/qiskit-nature,strong,491,5,1.9584422689855572,large,1,26,1.0895917204607883,1.3171060169001922
qiskit_nature_795_1188,autocoderover_gpt-5.5,0,qiskit-community/qiskit-nature,strong,332,4,1.3095871886739512,large,1,23,0.7285971001533672,1.1183927518041534
qiskit_nature_828_891,autocoderover_gpt-5.5,0,qiskit-community/qiskit-nature,medium,119,3,0.03355967621490542,medium,0,24,0.018671137732360607,1.1872640605936275
qiskit_nature_82_96,autocoderover_gpt-5.5,0,qiskit-community/qiskit-nature,strong,281,4,1.1620368689767768,large,1,7,0.6465065482696705,-0.7350900841516085
qiskit_nature_847_1043,autocoderover_gpt-5.5,0,qiskit-community/qiskit-nature,strong,686,3,1.5822794224297119,large,1,12,0.8803111459741509,0.08401635818094032
qiskit_nature_848_858,autocoderover_gpt-5.5,0,qiskit-community/qiskit-nature,medium,105,3,-0.07654927695515104,medium,0,20,-0.04258867350774438,0.8931102323532976
qiskit_nature_861_904,autocoderover_gpt-5.5,0,qiskit-community/qiskit-nature,medium,10,1,-3.2370763797295434,small,0,21,-1.8009678802936944,0.9715947454040306
qiskit_nature_865_890,autocoderover_gpt-5.5,1,qiskit-community/qiskit-nature,medium,154,2,-0.21641530450101645,medium,0,6,-0.12040402094030092,-0.9603726036024639
qiskit_nature_866_870,autocoderover_gpt-5.5,0,qiskit-community/qiskit-nature,medium,391,6,2.0124347068081394,large,0,47,1.1196307541104513,2.287810220742648
qiskit_nature_881_903,autocoderover_gpt-5.5,0,qiskit-community/qiskit-nature,medium,287,2,0.33348339598622295,medium,0,14,0.1855355927167312,0.32544362076902933
qiskit_nature_918_1046,autocoderover_gpt-5.5,0,qiskit-community/qiskit-nature,strong,85,2,-0.7392799338710767,small,1,9,-0.4113030584587858,-0.35862174624823706
qiskit_nature_919_920,autocoderover_gpt-5.5,1,qiskit-community/qiskit-nature,strong,84,1,-1.4221538991020484,small,1,9,-0.7912243001603873,-0.35862174624823706
qiskit_nature_91_729,autocoderover_gpt-5.5,0,qiskit-community/qiskit-nature,strong,155,3,0.2664338213417917,medium,1,13,0.14823213856343004,0.2090448653360304
qiskit_nature_955_964,autocoderover_gpt-5.5,1,qiskit-community/qiskit-nature,medium,84,8,1.0724649089991796,large,0,20,0.5966726228471004,0.8931102323532976
qiskit_nature_956_1027,autocoderover_gpt-5.5,0,qiskit-community/qiskit-nature,medium,102,2,-0.5791734025919776,medium,0,16,-0.32222677899114266,0.5366079592280277
qiskit_nature_957_1038,autocoderover_gpt-5.5,0,qiskit-community/qiskit-nature,medium,350,2,0.5090732422465318,medium,0,15,0.2832261122240112,0.4343273847868862
qiskit_nature_958_1085,autocoderover_gpt-5.5,0,qiskit-community/qiskit-nature,strong,669,5,2.232531815176268,large,1,120,1.2420831698763217,3.8476970438981635
qiskit_nature_973_1018,autocoderover_gpt-5.5,0,qiskit-community/qiskit-nature,strong,180,3,0.39836738122973625,medium,1,11,0.22163420753495203,-0.05102471713434138
qiskit_nature_9_232,autocoderover_gpt-5.5,0,qiskit-community/qiskit-nature,strong,488,2,0.8033798607486109,medium,1,8,0.44696545745514804,-0.536376819055569
qiskit_optimization_133_139,autocoderover_gpt-5.5,1,qiskit-community/qiskit-optimization,medium,76,1,-1.5098893202619357,small,0,7,-0.8400364556172191,-0.7350900841516085
qiskit_optimization_13_163,autocoderover_gpt-5.5,0,qiskit-community/qiskit-optimization,medium,274,1,-0.3800068107956881,medium,0,10,-0.2114191882593319,-0.19782272353446417
qiskit_optimization_40_157,autocoderover_gpt-5.5,0,qiskit-community/qiskit-optimization,medium,294,3,0.831940042489458,large,0,24,0.4628550948738714,1.1872640605936275
qiskit_optimization_41_114,autocoderover_gpt-5.5,0,qiskit-community/qiskit-optimization,medium,211,11,2.36081339810875,large,0,14,1.3134534384128749,0.32544362076902933
qiskit_optimization_425_436,autocoderover_gpt-5.5,0,qiskit-community/qiskit-optimization,medium,239,4,1.0188954922962765,large,0,4,0.5668689396680037,-1.5280392151867321
qiskit_optimization_433_467,autocoderover_gpt-5.5,0,qiskit-community/qiskit-optimization,strong,111,2,-0.5048193744401559,medium,1,13,-0.2808594460142569,0.2090448653360304
qiskit_optimization_473_487,autocoderover_gpt-5.5,0,qiskit-community/qiskit-optimization,strong,1480,9,3.7838110996396512,large,1,19,2.1051471933816797,0.8107957226902569
qiskit_optimization_628_646,autocoderover_gpt-5.5,1,qiskit-community/qiskit-optimization,medium,20,1,-2.66313103487332,small,0,11,-1.4816497642298072,-0.05102471713434138
qiskit_optimization_80_122,autocoderover_gpt-5.5,1,qiskit-community/qiskit-optimization,medium,1060,17,4.462677722082305,large,0,8,2.482838924623695,-0.536376819055569
qiskit_optimization_8_18,autocoderover_gpt-5.5,0,qiskit-community/qiskit-optimization,strong,548,5,2.055740579806363,large,1,6,1.1437242499532634,-0.9603726036024639
tangelo_384_398,autocoderover_gpt-5.5,0,sandbox-quantum/Tangelo,medium,28,2,-1.7041452573924138,small,0,5,-0.9481119726235778,-1.220442186072836
tangelo_387_390,autocoderover_gpt-5.5,0,sandbox-quantum/Tangelo,medium,11,1,-3.159845206216262,small,0,4,-1.7579998293308592,-1.5280392151867321
tequila_400_411,autocoderover_gpt-5.5,0,tequilahub/tequila,strong,32,1,-2.2619496868137166,small,1,16,-1.2584499884838185,0.5366079592280277
tequila_403_407,autocoderover_gpt-5.5,0,tequilahub/tequila,strong,90,4,0.1581206717879453,medium,1,7,0.08797143400253778,-0.7350900841516085
tequila_406_409,autocoderover_gpt-5.5,0,tequilahub/tequila,strong,36,1,-2.160399223078648,small,1,7,-1.2019517468726433,-0.7350900841516085
qiskit_addon_sqd_148_230,autocoderover_gpt-5.5,1,Qiskit/qiskit-addon-sqd,strong,139,2,-0.3067574780978939,medium,1,4,-0.17066645957249876,-1.5280392151867321
qiskit_addon_sqd_265_343,autocoderover_gpt-5.5,1,Qiskit/qiskit-addon-sqd,medium,21,1,-2.621839935667211,small,0,6,-1.458677200505983,-0.9603726036024639
openqaoa_36_71,autocoderover_gpt-5.5,0,entropicalabs/openqaoa,medium,311,1,-0.2679633884977829,medium,0,7,-0.1490831229071857,-0.7350900841516085
squlearn_274_279,autocoderover_gpt-5.5,0,sQUlearn/squlearn,medium,276,14,2.968284347944471,large,0,11,1.6514237364622038,-0.05102471713434138
squlearn_112_154,autocoderover_gpt-5.5,0,sQUlearn/squlearn,medium,287,11,2.632750703790038,large,0,11,1.464747475233386,-0.05102471713434138
openqaoa_112_85,autocoderover_gpt-5.5,0,entropicalabs/openqaoa,strong,211,4,0.9087865391262202,large,1,9,0.5056091284278987,-0.35862174624823706
openqaoa_232_241,autocoderover_gpt-5.5,1,entropicalabs/openqaoa,strong,34,1,-2.209722943322219,small,1,11,-1.2293933100225016,-0.05102471713434138
squlearn_266_301,autocoderover_gpt-5.5,0,sQUlearn/squlearn,medium,2159,35,6.243301968112026,large,0,36,3.473500465405638,1.8486832784198364
squlearn_62_99,autocoderover_gpt-5.5,0,sQUlearn/squlearn,medium,186,5,1.0998059549598023,large,0,11,0.6118839863778026,-0.05102471713434138
squlearn_275_339,autocoderover_gpt-5.5,0,sQUlearn/squlearn,medium,230,16,3.0146885601268836,large,0,30,1.6772410128706896,1.5501812189499562
openfermion_151_352,autocoderover_glm-5.2,0,quantumlib/OpenFermion,medium,85,1,-1.4117725109707369,small,0,10,-0.7854485493333659,-0.19782272353446417
openfermion_207_212,autocoderover_glm-5.2,0,quantumlib/OpenFermion,strong,60,1,-1.7166390370268574,small,1,6,-0.9550629657993954,-0.9603726036024639
openfermion_246_306,autocoderover_glm-5.2,0,quantumlib/OpenFermion,strong,180,6,1.3265297702705092,large,1,15,0.7380232123871494,0.4343273847868862
openfermion_258_262,autocoderover_glm-5.2,0,quantumlib/OpenFermion,strong,55,2,-1.1200558185024878,small,1,8,-0.6231501258019679,-0.536376819055569
openfermion_259_283,autocoderover_glm-5.2,0,quantumlib/OpenFermion,strong,124,2,-0.4073478567563112,medium,1,8,-0.2266305517900342,-0.536376819055569
openfermion_37_114,autocoderover_glm-5.2,0,quantumlib/OpenFermion,medium,159,1,-0.8607277824781633,small,0,7,-0.4788713357604195,-0.7350900841516085
openfermion_457_549,autocoderover_glm-5.2,0,quantumlib/OpenFermion,medium,68,1,-1.6072579220007603,small,0,10,-0.8942080919056972,-0.19782272353446417
openfermion_458_501,autocoderover_glm-5.2,0,quantumlib/OpenFermion,strong,266,2,0.2662816915220689,medium,1,10,0.1481475001777956,-0.19782272353446417
openfermion_469_474,autocoderover_glm-5.2,1,quantumlib/OpenFermion,medium,27,1,-2.4077848396644814,small,0,8,-1.33958629646426,-0.536376819055569
openfermion_46_61,autocoderover_glm-5.2,0,quantumlib/OpenFermion,medium,267,3,0.7467408976720131,medium,0,6,0.4154540127722717,-0.9603726036024639
openfermion_542_589,autocoderover_glm-5.2,1,quantumlib/OpenFermion,strong,80,2,-0.7924454384937873,small,1,8,-0.44088202260207476,-0.536376819055569
openfermion_752_753,autocoderover_glm-5.2,0,quantumlib/OpenFermion,strong,421,1,9.326591834946107e-05,medium,1,18,5.1889082483783025e-05,0.7242581500382983
pennylane_166_588,autocoderover_glm-5.2,0,PennyLaneAI/pennylane,medium,233,2,0.14918299339303848,medium,0,3,0.08299890020184725,-1.9045075530901028
pennylane_2492_3742,autocoderover_glm-5.2,0,PennyLaneAI/pennylane,medium,47,1,-1.9293723180915965,small,0,8,-1.073418469755436,-0.536376819055569
pennylane_3982_3977,autocoderover_glm-5.2,1,PennyLaneAI/pennylane,strong,112,1,-1.1694221345517037,small,1,9,-0.6506153873972143,-0.35862174624823706
pennylane_4881_4928,autocoderover_glm-5.2,0,PennyLaneAI/pennylane,strong,109,2,-0.5208125741006229,medium,1,24,-0.28975736361422144,1.1872640605936275
pennylane_5759_5773,autocoderover_glm-5.2,0,PennyLaneAI/pennylane,medium,176,5,1.0510245280380164,large,0,21,0.5847441315411457,0.9715947454040306
pennylane_5895_5920,autocoderover_glm-5.2,0,PennyLaneAI/pennylane,medium,46,1,-1.9480592939223285,small,0,6,-1.0838150867341756,-0.9603726036024639
pennylane_991_1062,autocoderover_glm-5.2,1,PennyLaneAI/pennylane,medium,12,1,-3.088799413600608,small,0,6,-1.718473054080196,-0.9603726036024639
qiskit_finance_54_57,autocoderover_glm-5.2,0,qiskit-community/qiskit-finance,medium,61,1,-1.7022062220052714,small,0,11,-0.9470331780443507,-0.05102471713434138
qiskit_finance_72_112,autocoderover_glm-5.2,0,qiskit-community/qiskit-finance,medium,30,3,-1.1678090121656968,small,0,19,-0.649717916573735,0.8107957226902569
qiskit_machine_learning_112_151,autocoderover_glm-5.2,0,qiskit-community/qiskit-machine-learning,medium,64,5,0.1618616018678869,medium,0,41,0.09005272406989238,2.0625277012917924
qiskit_machine_learning_113_115,autocoderover_glm-5.2,0,qiskit-community/qiskit-machine-learning,medium,46,5,-0.12593306292076112,medium,0,25,-0.07006365460126839,1.253433827119435
qiskit_machine_learning_226_219,autocoderover_glm-5.2,0,qiskit-community/qiskit-machine-learning,medium,135,1,-1.0049793513819776,small,0,4,-0.5591266068144338,-1.5280392151867321
qiskit_machine_learning_227_244,autocoderover_glm-5.2,0,qiskit-community/qiskit-machine-learning,strong,450,5,1.8812110954722763,large,1,23,1.0466236694979534,1.1183927518041534
qiskit_machine_learning_320_412,autocoderover_glm-5.2,0,qiskit-community/qiskit-machine-learning,medium,108,2,-0.5289185534229176,medium,0,11,-0.2942671763851507,-0.05102471713434138
qiskit_machine_learning_326_360,autocoderover_glm-5.2,0,qiskit-community/qiskit-machine-learning,medium,84,6,0.6556421438406321,medium,0,9,0.3647706459501373,-0.35862174624823706
qiskit_machine_learning_328_348,autocoderover_glm-5.2,0,qiskit-community/qiskit-machine-learning,medium,61,1,-1.7022062220052714,small,0,4,-0.9470331780443507,-1.5280392151867321
qiskit_machine_learning_340_364,autocoderover_glm-5.2,0,qiskit-community/qiskit-machine-learning,strong,305,3,0.8644348002269172,large,1,20,0.4809337584882216,0.8931102323532976
qiskit_machine_learning_367_540,autocoderover_glm-5.2,0,qiskit-community/qiskit-machine-learning,medium,173,6,1.2915213454287657,large,0,19,0.7185460542099538,0.8107957226902569
qiskit_machine_learning_385_404,autocoderover_glm-5.2,1,qiskit-community/qiskit-machine-learning,medium,31,1,-2.289262566945091,small,0,9,-1.2736456817776005,-0.35862174624823706
qiskit_machine_learning_387_398,autocoderover_glm-5.2,1,qiskit-community/qiskit-machine-learning,medium,51,1,-1.8583265254759422,small,0,6,-1.033891694504773,-0.9603726036024639
qiskit_machine_learning_400_436,autocoderover_glm-5.2,0,qiskit-community/qiskit-machine-learning,medium,509,7,2.4674765456799252,large,0,18,1.3727961539538542,0.7242581500382983
qiskit_machine_learning_401_470,autocoderover_glm-5.2,0,qiskit-community/qiskit-machine-learning,medium,368,3,1.0306034966770588,large,0,19,0.5733827618206612,0.8107957226902569
qiskit_machine_learning_44_73,autocoderover_glm-5.2,0,qiskit-community/qiskit-machine-learning,medium,200,4,0.8614940744822128,large,0,33,0.47929766715465605,1.7060254281665224
qiskit_machine_learning_505_569,autocoderover_glm-5.2,0,qiskit-community/qiskit-machine-learning,medium,219,3,0.5715649467639573,medium,0,15,0.31799376655723727,0.4343273847868862
qiskit_machine_learning_551_548,autocoderover_glm-5.2,0,qiskit-community/qiskit-machine-learning,medium,123,3,0.06266387595896887,medium,0,36,0.0348634430016881,1.8486832784198364
qiskit_machine_learning_557_558,autocoderover_glm-5.2,0,qiskit-community/qiskit-machine-learning,medium,43,1,-2.0066034916048783,small,0,29,-1.1163865207182715,1.494861089707524
qiskit_machine_learning_597_609,autocoderover_glm-5.2,0,qiskit-community/qiskit-machine-learning,medium,94,2,-0.650937607684588,small,0,6,-0.36215324755886885,-0.9603726036024639
qiskit_machine_learning_62_143,autocoderover_glm-5.2,0,qiskit-community/qiskit-machine-learning,medium,27,1,-2.4077848396644814,small,0,17,-1.33958629646426,0.633040649882925
qiskit_machine_learning_638_639,autocoderover_glm-5.2,0,qiskit-community/qiskit-machine-learning,medium,139,5,0.8428761758040135,large,0,18,0.4689394816858285,0.7242581500382983
qiskit_machine_learning_63_102,autocoderover_glm-5.2,1,qiskit-community/qiskit-machine-learning,medium,104,2,-0.5621036733067326,medium,0,6,-0.31272992733804594,-0.9603726036024639
qiskit_machine_learning_90_117,autocoderover_glm-5.2,0,qiskit-community/qiskit-machine-learning,medium,31,8,0.20535624115613738,medium,0,25,0.11425124122988722,1.253433827119435
qiskit_machine_learning_920_924,autocoderover_glm-5.2,1,qiskit-community/qiskit-machine-learning,medium,131,4,0.48825622723189416,medium,0,5,0.271644434497863,-1.220442186072836
qiskit_machine_learning_960_1021,autocoderover_glm-5.2,0,qiskit-community/qiskit-machine-learning,strong,168,2,-0.13966146284480135,medium,1,6,-0.07770153656965387,-0.9603726036024639
qiskit_nature_1257_1270,autocoderover_glm-5.2,0,qiskit-community/qiskit-nature,strong,402,3,1.1088363614904493,large,1,27,0.6169081100622269,1.378462334274525
qiskit_nature_129_161,autocoderover_glm-5.2,0,qiskit-community/qiskit-nature,strong,9,1,-3.3216735587274937,small,1,9,-1.8480340549112653,-0.35862174624823706
qiskit_nature_129_341,autocoderover_glm-5.2,0,qiskit-community/qiskit-nature,strong,52,1,-1.8414193749193908,small,1,6,-1.024485294553783,-0.9603726036024639
qiskit_nature_1345_1356,autocoderover_glm-5.2,0,qiskit-community/qiskit-nature,strong,218,3,0.5675212105360191,medium,1,32,0.3157440083777577,1.6556601124212968
qiskit_nature_167_220,autocoderover_glm-5.2,0,qiskit-community/qiskit-nature,strong,527,8,2.693614897536842,large,1,8,1.498609653674515,-0.536376819055569
qiskit_nature_174_862,autocoderover_glm-5.2,0,qiskit-community/qiskit-nature,strong,187,7,1.581680902006152,large,1,15,0.879978155357902,0.4343273847868862
qiskit_nature_22_35,autocoderover_glm-5.2,0,qiskit-community/qiskit-nature,strong,470,2,0.7700910130901277,medium,1,11,0.4284449968999581,-0.05102471713434138
qiskit_nature_243_263,autocoderover_glm-5.2,0,qiskit-community/qiskit-nature,strong,432,10,2.8503786779317677,large,1,10,1.5858261725841691,-0.19782272353446417
qiskit_nature_252_318,autocoderover_glm-5.2,0,qiskit-community/qiskit-nature,medium,78,6,0.5906669073429984,medium,0,10,0.32862126292059574,-0.19782272353446417
qiskit_nature_271_286,autocoderover_glm-5.2,0,qiskit-community/qiskit-nature,strong,7,1,-3.5197354550697564,small,1,8,-1.9582270413530236,-0.536376819055569
qiskit_nature_337_520,autocoderover_glm-5.2,0,qiskit-community/qiskit-nature,strong,192,2,-0.021795940852246176,medium,1,24,-0.01212630929609253,1.1872640605936275
qiskit_nature_375_380,autocoderover_glm-5.2,1,qiskit-community/qiskit-nature,medium,98,2,-0.6143304167982303,small,0,5,-0.3417866057993629,-1.220442186072836
qiskit_nature_3_25,autocoderover_glm-5.2,0,qiskit-community/qiskit-nature,strong,543,7,2.5247608445465017,large,1,11,1.4046666352776431,-0.05102471713434138
qiskit_nature_42_49,autocoderover_glm-5.2,0,qiskit-community/qiskit-nature,strong,387,9,2.5949016888392977,large,1,8,1.4436899368157308,-0.536376819055569
qiskit_nature_45_50,autocoderover_glm-5.2,0,qiskit-community/qiskit-nature,strong,379,4,1.4267757292613634,large,1,11,0.793795684548233,-0.05102471713434138
qiskit_nature_460_482,autocoderover_glm-5.2,0,qiskit-community/qiskit-nature,strong,302,2,0.3785488392219383,medium,1,21,0.21060803656975613,0.9715947454040306
qiskit_nature_465_472,autocoderover_glm-5.2,0,qiskit-community/qiskit-nature,medium,14,1,-2.961783309874,small,0,7,-1.647806842889101,-0.7350900841516085
qiskit_nature_477_481,autocoderover_glm-5.2,0,qiskit-community/qiskit-nature,medium,9,1,-3.3216735587274937,small,0,6,-1.8480340549112653,-0.9603726036024639
qiskit_nature_47_77,autocoderover_glm-5.2,0,qiskit-community/qiskit-nature,strong,481,3,1.2677232081883598,large,1,7,0.7053058103129676,-0.7350900841516085
qiskit_nature_493_506,autocoderover_glm-5.2,1,qiskit-community/qiskit-nature,medium,152,2,-0.22794272063766297,medium,0,5,-0.1268173716832371,-1.220442186072836
qiskit_nature_541_544,autocoderover_glm-5.2,1,qiskit-community/qiskit-nature,medium,8,1,-3.415191401425101,small,0,6,-1.9000632970964064,-0.9603726036024639
qiskit_nature_563_620,autocoderover_glm-5.2,0,qiskit-community/qiskit-nature,medium,204,7,1.6585185492142407,large,0,5,0.9227272654764183,-1.220442186072836
qiskit_nature_571_632,autocoderover_glm-5.2,0,qiskit-community/qiskit-nature,medium,218,4,0.9376205825550574,large,0,9,0.5216511305256891,-0.35862174624823706
qiskit_nature_577_591,autocoderover_glm-5.2,0,qiskit-community/qiskit-nature,strong,98,2,-0.6143304167982303,small,1,8,-0.3417866057993629,-0.536376819055569
qiskit_nature_582_1313,autocoderover_glm-5.2,0,qiskit-community/qiskit-nature,strong,152,6,1.1773607452053574,large,1,12,0.6550320835527074,0.08401635818094032
qiskit_nature_665_756,autocoderover_glm-5.2,0,qiskit-community/qiskit-nature,medium,171,2,-0.12404348980874397,medium,0,21,-0.06901237867107428,0.9715947454040306
qiskit_nature_669_731,autocoderover_glm-5.2,0,qiskit-community/qiskit-nature,medium,130,2,-0.3657340531049745,medium,0,23,-0.20347844941079793,1.1183927518041534
qiskit_nature_683_684,autocoderover_glm-5.2,0,qiskit-community/qiskit-nature,medium,232,8,1.9675079399258386,large,0,3,1.0946354637221454,-1.9045075530901028
qiskit_nature_6_624,autocoderover_glm-5.2,0,qiskit-community/qiskit-nature,strong,181,2,-0.07388333297100758,medium,1,12,-0.04110545874142932,0.08401635818094032
qiskit_nature_715_716,autocoderover_glm-5.2,1,qiskit-community/qiskit-nature,medium,20,1,-2.66313103487332,small,0,6,-1.4816497642298072,-0.9603726036024639
qiskit_nature_787_799,autocoderover_glm-5.2,0,qiskit-community/qiskit-nature,strong,491,5,1.9584422689855572,large,1,26,1.0895917204607883,1.3171060169001922
qiskit_nature_795_1188,autocoderover_glm-5.2,0,qiskit-community/qiskit-nature,strong,332,4,1.3095871886739512,large,1,23,0.7285971001533672,1.1183927518041534
qiskit_nature_828_891,autocoderover_glm-5.2,0,qiskit-community/qiskit-nature,medium,119,3,0.03355967621490542,medium,0,24,0.018671137732360607,1.1872640605936275
qiskit_nature_82_96,autocoderover_glm-5.2,0,qiskit-community/qiskit-nature,strong,281,4,1.1620368689767768,large,1,7,0.6465065482696705,-0.7350900841516085
qiskit_nature_847_1043,autocoderover_glm-5.2,0,qiskit-community/qiskit-nature,strong,686,3,1.5822794224297119,large,1,12,0.8803111459741509,0.08401635818094032
qiskit_nature_848_858,autocoderover_glm-5.2,0,qiskit-community/qiskit-nature,medium,105,3,-0.07654927695515104,medium,0,20,-0.04258867350774438,0.8931102323532976
qiskit_nature_861_904,autocoderover_glm-5.2,1,qiskit-community/qiskit-nature,medium,10,1,-3.2370763797295434,small,0,21,-1.8009678802936944,0.9715947454040306
qiskit_nature_865_890,autocoderover_glm-5.2,0,qiskit-community/qiskit-nature,medium,154,2,-0.21641530450101645,medium,0,6,-0.12040402094030092,-0.9603726036024639
qiskit_nature_866_870,autocoderover_glm-5.2,0,qiskit-community/qiskit-nature,medium,391,6,2.0124347068081394,large,0,47,1.1196307541104513,2.287810220742648
qiskit_nature_881_903,autocoderover_glm-5.2,0,qiskit-community/qiskit-nature,medium,287,2,0.33348339598622295,medium,0,14,0.1855355927167312,0.32544362076902933
qiskit_nature_918_1046,autocoderover_glm-5.2,0,qiskit-community/qiskit-nature,strong,85,2,-0.7392799338710767,small,1,9,-0.4113030584587858,-0.35862174624823706
qiskit_nature_919_920,autocoderover_glm-5.2,0,qiskit-community/qiskit-nature,strong,84,1,-1.4221538991020484,small,1,9,-0.7912243001603873,-0.35862174624823706
qiskit_nature_91_729,autocoderover_glm-5.2,0,qiskit-community/qiskit-nature,strong,155,3,0.2664338213417917,medium,1,13,0.14823213856343004,0.2090448653360304
qiskit_nature_955_964,autocoderover_glm-5.2,1,qiskit-community/qiskit-nature,medium,84,8,1.0724649089991796,large,0,20,0.5966726228471004,0.8931102323532976
qiskit_nature_956_1027,autocoderover_glm-5.2,0,qiskit-community/qiskit-nature,medium,102,2,-0.5791734025919776,medium,0,16,-0.32222677899114266,0.5366079592280277
qiskit_nature_957_1038,autocoderover_glm-5.2,0,qiskit-community/qiskit-nature,medium,350,2,0.5090732422465318,medium,0,15,0.2832261122240112,0.4343273847868862
qiskit_nature_958_1085,autocoderover_glm-5.2,0,qiskit-community/qiskit-nature,strong,669,5,2.232531815176268,large,1,120,1.2420831698763217,3.8476970438981635
qiskit_nature_973_1018,autocoderover_glm-5.2,0,qiskit-community/qiskit-nature,strong,180,3,0.39836738122973625,medium,1,11,0.22163420753495203,-0.05102471713434138
qiskit_nature_9_232,autocoderover_glm-5.2,0,qiskit-community/qiskit-nature,strong,488,2,0.8033798607486109,medium,1,8,0.44696545745514804,-0.536376819055569
qiskit_optimization_133_139,autocoderover_glm-5.2,0,qiskit-community/qiskit-optimization,medium,76,1,-1.5098893202619357,small,0,7,-0.8400364556172191,-0.7350900841516085
qiskit_optimization_13_163,autocoderover_glm-5.2,0,qiskit-community/qiskit-optimization,medium,274,1,-0.3800068107956881,medium,0,10,-0.2114191882593319,-0.19782272353446417
qiskit_optimization_40_157,autocoderover_glm-5.2,0,qiskit-community/qiskit-optimization,medium,294,3,0.831940042489458,large,0,24,0.4628550948738714,1.1872640605936275
qiskit_optimization_41_114,autocoderover_glm-5.2,0,qiskit-community/qiskit-optimization,medium,211,11,2.36081339810875,large,0,14,1.3134534384128749,0.32544362076902933
qiskit_optimization_425_436,autocoderover_glm-5.2,0,qiskit-community/qiskit-optimization,medium,239,4,1.0188954922962765,large,0,4,0.5668689396680037,-1.5280392151867321
qiskit_optimization_433_467,autocoderover_glm-5.2,0,qiskit-community/qiskit-optimization,strong,111,2,-0.5048193744401559,medium,1,13,-0.2808594460142569,0.2090448653360304
qiskit_optimization_473_487,autocoderover_glm-5.2,0,qiskit-community/qiskit-optimization,strong,1480,9,3.7838110996396512,large,1,19,2.1051471933816797,0.8107957226902569
qiskit_optimization_628_646,autocoderover_glm-5.2,0,qiskit-community/qiskit-optimization,medium,20,1,-2.66313103487332,small,0,11,-1.4816497642298072,-0.05102471713434138
qiskit_optimization_80_122,autocoderover_glm-5.2,0,qiskit-community/qiskit-optimization,medium,1060,17,4.462677722082305,large,0,8,2.482838924623695,-0.536376819055569
qiskit_optimization_8_18,autocoderover_glm-5.2,0,qiskit-community/qiskit-optimization,strong,548,5,2.055740579806363,large,1,6,1.1437242499532634,-0.9603726036024639
tangelo_384_398,autocoderover_glm-5.2,1,sandbox-quantum/Tangelo,medium,28,2,-1.7041452573924138,small,0,5,-0.9481119726235778,-1.220442186072836
tangelo_387_390,autocoderover_glm-5.2,1,sandbox-quantum/Tangelo,medium,11,1,-3.159845206216262,small,0,4,-1.7579998293308592,-1.5280392151867321
tequila_400_411,autocoderover_glm-5.2,0,tequilahub/tequila,strong,32,1,-2.2619496868137166,small,1,16,-1.2584499884838185,0.5366079592280277
tequila_403_407,autocoderover_glm-5.2,0,tequilahub/tequila,strong,90,4,0.1581206717879453,medium,1,7,0.08797143400253778,-0.7350900841516085
tequila_406_409,autocoderover_glm-5.2,0,tequilahub/tequila,strong,36,1,-2.160399223078648,small,1,7,-1.2019517468726433,-0.7350900841516085
qiskit_addon_sqd_148_230,autocoderover_glm-5.2,0,Qiskit/qiskit-addon-sqd,strong,139,2,-0.3067574780978939,medium,1,4,-0.17066645957249876,-1.5280392151867321
qiskit_addon_sqd_265_343,autocoderover_glm-5.2,0,Qiskit/qiskit-addon-sqd,medium,21,1,-2.621839935667211,small,0,6,-1.458677200505983,-0.9603726036024639
openqaoa_36_71,autocoderover_glm-5.2,0,entropicalabs/openqaoa,medium,311,1,-0.2679633884977829,medium,0,7,-0.1490831229071857,-0.7350900841516085
squlearn_274_279,autocoderover_glm-5.2,0,sQUlearn/squlearn,medium,276,14,2.968284347944471,large,0,11,1.6514237364622038,-0.05102471713434138
squlearn_112_154,autocoderover_glm-5.2,0,sQUlearn/squlearn,medium,287,11,2.632750703790038,large,0,11,1.464747475233386,-0.05102471713434138
openqaoa_112_85,autocoderover_glm-5.2,0,entropicalabs/openqaoa,strong,211,4,0.9087865391262202,large,1,9,0.5056091284278987,-0.35862174624823706
openqaoa_232_241,autocoderover_glm-5.2,0,entropicalabs/openqaoa,strong,34,1,-2.209722943322219,small,1,11,-1.2293933100225016,-0.05102471713434138
squlearn_266_301,autocoderover_glm-5.2,0,sQUlearn/squlearn,medium,2159,35,6.243301968112026,large,0,36,3.473500465405638,1.8486832784198364
squlearn_62_99,autocoderover_glm-5.2,0,sQUlearn/squlearn,medium,186,5,1.0998059549598023,large,0,11,0.6118839863778026,-0.05102471713434138
squlearn_275_339,autocoderover_glm-5.2,0,sQUlearn/squlearn,medium,230,16,3.0146885601268836,large,0,30,1.6772410128706896,1.5501812189499562
openfermion_151_352,autocoderover_gemini-3-flash-preview,1,quantumlib/OpenFermion,medium,85,1,-1.4117725109707369,small,0,10,-0.7854485493333659,-0.19782272353446417
openfermion_207_212,autocoderover_gemini-3-flash-preview,0,quantumlib/OpenFermion,strong,60,1,-1.7166390370268574,small,1,6,-0.9550629657993954,-0.9603726036024639
openfermion_246_306,autocoderover_gemini-3-flash-preview,0,quantumlib/OpenFermion,strong,180,6,1.3265297702705092,large,1,15,0.7380232123871494,0.4343273847868862
openfermion_258_262,autocoderover_gemini-3-flash-preview,0,quantumlib/OpenFermion,strong,55,2,-1.1200558185024878,small,1,8,-0.6231501258019679,-0.536376819055569
openfermion_259_283,autocoderover_gemini-3-flash-preview,0,quantumlib/OpenFermion,strong,124,2,-0.4073478567563112,medium,1,8,-0.2266305517900342,-0.536376819055569
openfermion_37_114,autocoderover_gemini-3-flash-preview,0,quantumlib/OpenFermion,medium,159,1,-0.8607277824781633,small,0,7,-0.4788713357604195,-0.7350900841516085
openfermion_457_549,autocoderover_gemini-3-flash-preview,0,quantumlib/OpenFermion,medium,68,1,-1.6072579220007603,small,0,10,-0.8942080919056972,-0.19782272353446417
openfermion_458_501,autocoderover_gemini-3-flash-preview,0,quantumlib/OpenFermion,strong,266,2,0.2662816915220689,medium,1,10,0.1481475001777956,-0.19782272353446417
openfermion_469_474,autocoderover_gemini-3-flash-preview,0,quantumlib/OpenFermion,medium,27,1,-2.4077848396644814,small,0,8,-1.33958629646426,-0.536376819055569
openfermion_46_61,autocoderover_gemini-3-flash-preview,0,quantumlib/OpenFermion,medium,267,3,0.7467408976720131,medium,0,6,0.4154540127722717,-0.9603726036024639
openfermion_542_589,autocoderover_gemini-3-flash-preview,1,quantumlib/OpenFermion,strong,80,2,-0.7924454384937873,small,1,8,-0.44088202260207476,-0.536376819055569
openfermion_752_753,autocoderover_gemini-3-flash-preview,1,quantumlib/OpenFermion,strong,421,1,9.326591834946107e-05,medium,1,18,5.1889082483783025e-05,0.7242581500382983
pennylane_166_588,autocoderover_gemini-3-flash-preview,0,PennyLaneAI/pennylane,medium,233,2,0.14918299339303848,medium,0,3,0.08299890020184725,-1.9045075530901028
pennylane_2492_3742,autocoderover_gemini-3-flash-preview,0,PennyLaneAI/pennylane,medium,47,1,-1.9293723180915965,small,0,8,-1.073418469755436,-0.536376819055569
pennylane_3982_3977,autocoderover_gemini-3-flash-preview,0,PennyLaneAI/pennylane,strong,112,1,-1.1694221345517037,small,1,9,-0.6506153873972143,-0.35862174624823706
pennylane_4881_4928,autocoderover_gemini-3-flash-preview,0,PennyLaneAI/pennylane,strong,109,2,-0.5208125741006229,medium,1,24,-0.28975736361422144,1.1872640605936275
pennylane_5759_5773,autocoderover_gemini-3-flash-preview,0,PennyLaneAI/pennylane,medium,176,5,1.0510245280380164,large,0,21,0.5847441315411457,0.9715947454040306
pennylane_5895_5920,autocoderover_gemini-3-flash-preview,1,PennyLaneAI/pennylane,medium,46,1,-1.9480592939223285,small,0,6,-1.0838150867341756,-0.9603726036024639
pennylane_991_1062,autocoderover_gemini-3-flash-preview,1,PennyLaneAI/pennylane,medium,12,1,-3.088799413600608,small,0,6,-1.718473054080196,-0.9603726036024639
qiskit_finance_54_57,autocoderover_gemini-3-flash-preview,0,qiskit-community/qiskit-finance,medium,61,1,-1.7022062220052714,small,0,11,-0.9470331780443507,-0.05102471713434138
qiskit_finance_72_112,autocoderover_gemini-3-flash-preview,1,qiskit-community/qiskit-finance,medium,30,3,-1.1678090121656968,small,0,19,-0.649717916573735,0.8107957226902569
qiskit_machine_learning_112_151,autocoderover_gemini-3-flash-preview,0,qiskit-community/qiskit-machine-learning,medium,64,5,0.1618616018678869,medium,0,41,0.09005272406989238,2.0625277012917924
qiskit_machine_learning_113_115,autocoderover_gemini-3-flash-preview,0,qiskit-community/qiskit-machine-learning,medium,46,5,-0.12593306292076112,medium,0,25,-0.07006365460126839,1.253433827119435
qiskit_machine_learning_226_219,autocoderover_gemini-3-flash-preview,0,qiskit-community/qiskit-machine-learning,medium,135,1,-1.0049793513819776,small,0,4,-0.5591266068144338,-1.5280392151867321
qiskit_machine_learning_227_244,autocoderover_gemini-3-flash-preview,0,qiskit-community/qiskit-machine-learning,strong,450,5,1.8812110954722763,large,1,23,1.0466236694979534,1.1183927518041534
qiskit_machine_learning_320_412,autocoderover_gemini-3-flash-preview,0,qiskit-community/qiskit-machine-learning,medium,108,2,-0.5289185534229176,medium,0,11,-0.2942671763851507,-0.05102471713434138
qiskit_machine_learning_326_360,autocoderover_gemini-3-flash-preview,0,qiskit-community/qiskit-machine-learning,medium,84,6,0.6556421438406321,medium,0,9,0.3647706459501373,-0.35862174624823706
qiskit_machine_learning_328_348,autocoderover_gemini-3-flash-preview,0,qiskit-community/qiskit-machine-learning,medium,61,1,-1.7022062220052714,small,0,4,-0.9470331780443507,-1.5280392151867321
qiskit_machine_learning_340_364,autocoderover_gemini-3-flash-preview,0,qiskit-community/qiskit-machine-learning,strong,305,3,0.8644348002269172,large,1,20,0.4809337584882216,0.8931102323532976
qiskit_machine_learning_367_540,autocoderover_gemini-3-flash-preview,0,qiskit-community/qiskit-machine-learning,medium,173,6,1.2915213454287657,large,0,19,0.7185460542099538,0.8107957226902569
qiskit_machine_learning_385_404,autocoderover_gemini-3-flash-preview,1,qiskit-community/qiskit-machine-learning,medium,31,1,-2.289262566945091,small,0,9,-1.2736456817776005,-0.35862174624823706
qiskit_machine_learning_387_398,autocoderover_gemini-3-flash-preview,1,qiskit-community/qiskit-machine-learning,medium,51,1,-1.8583265254759422,small,0,6,-1.033891694504773,-0.9603726036024639
qiskit_machine_learning_400_436,autocoderover_gemini-3-flash-preview,0,qiskit-community/qiskit-machine-learning,medium,509,7,2.4674765456799252,large,0,18,1.3727961539538542,0.7242581500382983
qiskit_machine_learning_401_470,autocoderover_gemini-3-flash-preview,0,qiskit-community/qiskit-machine-learning,medium,368,3,1.0306034966770588,large,0,19,0.5733827618206612,0.8107957226902569
qiskit_machine_learning_44_73,autocoderover_gemini-3-flash-preview,0,qiskit-community/qiskit-machine-learning,medium,200,4,0.8614940744822128,large,0,33,0.47929766715465605,1.7060254281665224
qiskit_machine_learning_505_569,autocoderover_gemini-3-flash-preview,0,qiskit-community/qiskit-machine-learning,medium,219,3,0.5715649467639573,medium,0,15,0.31799376655723727,0.4343273847868862
qiskit_machine_learning_551_548,autocoderover_gemini-3-flash-preview,0,qiskit-community/qiskit-machine-learning,medium,123,3,0.06266387595896887,medium,0,36,0.0348634430016881,1.8486832784198364
qiskit_machine_learning_557_558,autocoderover_gemini-3-flash-preview,0,qiskit-community/qiskit-machine-learning,medium,43,1,-2.0066034916048783,small,0,29,-1.1163865207182715,1.494861089707524
qiskit_machine_learning_597_609,autocoderover_gemini-3-flash-preview,1,qiskit-community/qiskit-machine-learning,medium,94,2,-0.650937607684588,small,0,6,-0.36215324755886885,-0.9603726036024639
qiskit_machine_learning_62_143,autocoderover_gemini-3-flash-preview,0,qiskit-community/qiskit-machine-learning,medium,27,1,-2.4077848396644814,small,0,17,-1.33958629646426,0.633040649882925
qiskit_machine_learning_638_639,autocoderover_gemini-3-flash-preview,0,qiskit-community/qiskit-machine-learning,medium,139,5,0.8428761758040135,large,0,18,0.4689394816858285,0.7242581500382983
qiskit_machine_learning_63_102,autocoderover_gemini-3-flash-preview,1,qiskit-community/qiskit-machine-learning,medium,104,2,-0.5621036733067326,medium,0,6,-0.31272992733804594,-0.9603726036024639
qiskit_machine_learning_90_117,autocoderover_gemini-3-flash-preview,1,qiskit-community/qiskit-machine-learning,medium,31,8,0.20535624115613738,medium,0,25,0.11425124122988722,1.253433827119435
qiskit_machine_learning_920_924,autocoderover_gemini-3-flash-preview,0,qiskit-community/qiskit-machine-learning,medium,131,4,0.48825622723189416,medium,0,5,0.271644434497863,-1.220442186072836
qiskit_machine_learning_960_1021,autocoderover_gemini-3-flash-preview,0,qiskit-community/qiskit-machine-learning,strong,168,2,-0.13966146284480135,medium,1,6,-0.07770153656965387,-0.9603726036024639
qiskit_nature_1257_1270,autocoderover_gemini-3-flash-preview,0,qiskit-community/qiskit-nature,strong,402,3,1.1088363614904493,large,1,27,0.6169081100622269,1.378462334274525
qiskit_nature_129_161,autocoderover_gemini-3-flash-preview,1,qiskit-community/qiskit-nature,strong,9,1,-3.3216735587274937,small,1,9,-1.8480340549112653,-0.35862174624823706
qiskit_nature_129_341,autocoderover_gemini-3-flash-preview,0,qiskit-community/qiskit-nature,strong,52,1,-1.8414193749193908,small,1,6,-1.024485294553783,-0.9603726036024639
qiskit_nature_1345_1356,autocoderover_gemini-3-flash-preview,0,qiskit-community/qiskit-nature,strong,218,3,0.5675212105360191,medium,1,32,0.3157440083777577,1.6556601124212968
qiskit_nature_167_220,autocoderover_gemini-3-flash-preview,0,qiskit-community/qiskit-nature,strong,527,8,2.693614897536842,large,1,8,1.498609653674515,-0.536376819055569
qiskit_nature_174_862,autocoderover_gemini-3-flash-preview,0,qiskit-community/qiskit-nature,strong,187,7,1.581680902006152,large,1,15,0.879978155357902,0.4343273847868862
qiskit_nature_22_35,autocoderover_gemini-3-flash-preview,0,qiskit-community/qiskit-nature,strong,470,2,0.7700910130901277,medium,1,11,0.4284449968999581,-0.05102471713434138
qiskit_nature_243_263,autocoderover_gemini-3-flash-preview,0,qiskit-community/qiskit-nature,strong,432,10,2.8503786779317677,large,1,10,1.5858261725841691,-0.19782272353446417
qiskit_nature_252_318,autocoderover_gemini-3-flash-preview,1,qiskit-community/qiskit-nature,medium,78,6,0.5906669073429984,medium,0,10,0.32862126292059574,-0.19782272353446417
qiskit_nature_271_286,autocoderover_gemini-3-flash-preview,0,qiskit-community/qiskit-nature,strong,7,1,-3.5197354550697564,small,1,8,-1.9582270413530236,-0.536376819055569
qiskit_nature_337_520,autocoderover_gemini-3-flash-preview,0,qiskit-community/qiskit-nature,strong,192,2,-0.021795940852246176,medium,1,24,-0.01212630929609253,1.1872640605936275
qiskit_nature_375_380,autocoderover_gemini-3-flash-preview,1,qiskit-community/qiskit-nature,medium,98,2,-0.6143304167982303,small,0,5,-0.3417866057993629,-1.220442186072836
qiskit_nature_3_25,autocoderover_gemini-3-flash-preview,0,qiskit-community/qiskit-nature,strong,543,7,2.5247608445465017,large,1,11,1.4046666352776431,-0.05102471713434138
qiskit_nature_42_49,autocoderover_gemini-3-flash-preview,0,qiskit-community/qiskit-nature,strong,387,9,2.5949016888392977,large,1,8,1.4436899368157308,-0.536376819055569
qiskit_nature_45_50,autocoderover_gemini-3-flash-preview,0,qiskit-community/qiskit-nature,strong,379,4,1.4267757292613634,large,1,11,0.793795684548233,-0.05102471713434138
qiskit_nature_460_482,autocoderover_gemini-3-flash-preview,0,qiskit-community/qiskit-nature,strong,302,2,0.3785488392219383,medium,1,21,0.21060803656975613,0.9715947454040306
qiskit_nature_465_472,autocoderover_gemini-3-flash-preview,1,qiskit-community/qiskit-nature,medium,14,1,-2.961783309874,small,0,7,-1.647806842889101,-0.7350900841516085
qiskit_nature_477_481,autocoderover_gemini-3-flash-preview,1,qiskit-community/qiskit-nature,medium,9,1,-3.3216735587274937,small,0,6,-1.8480340549112653,-0.9603726036024639
qiskit_nature_47_77,autocoderover_gemini-3-flash-preview,0,qiskit-community/qiskit-nature,strong,481,3,1.2677232081883598,large,1,7,0.7053058103129676,-0.7350900841516085
qiskit_nature_493_506,autocoderover_gemini-3-flash-preview,0,qiskit-community/qiskit-nature,medium,152,2,-0.22794272063766297,medium,0,5,-0.1268173716832371,-1.220442186072836
qiskit_nature_541_544,autocoderover_gemini-3-flash-preview,1,qiskit-community/qiskit-nature,medium,8,1,-3.415191401425101,small,0,6,-1.9000632970964064,-0.9603726036024639
qiskit_nature_563_620,autocoderover_gemini-3-flash-preview,0,qiskit-community/qiskit-nature,medium,204,7,1.6585185492142407,large,0,5,0.9227272654764183,-1.220442186072836
qiskit_nature_571_632,autocoderover_gemini-3-flash-preview,0,qiskit-community/qiskit-nature,medium,218,4,0.9376205825550574,large,0,9,0.5216511305256891,-0.35862174624823706
qiskit_nature_577_591,autocoderover_gemini-3-flash-preview,0,qiskit-community/qiskit-nature,strong,98,2,-0.6143304167982303,small,1,8,-0.3417866057993629,-0.536376819055569
qiskit_nature_582_1313,autocoderover_gemini-3-flash-preview,0,qiskit-community/qiskit-nature,strong,152,6,1.1773607452053574,large,1,12,0.6550320835527074,0.08401635818094032
qiskit_nature_665_756,autocoderover_gemini-3-flash-preview,0,qiskit-community/qiskit-nature,medium,171,2,-0.12404348980874397,medium,0,21,-0.06901237867107428,0.9715947454040306
qiskit_nature_669_731,autocoderover_gemini-3-flash-preview,0,qiskit-community/qiskit-nature,medium,130,2,-0.3657340531049745,medium,0,23,-0.20347844941079793,1.1183927518041534
qiskit_nature_683_684,autocoderover_gemini-3-flash-preview,0,qiskit-community/qiskit-nature,medium,232,8,1.9675079399258386,large,0,3,1.0946354637221454,-1.9045075530901028
qiskit_nature_6_624,autocoderover_gemini-3-flash-preview,0,qiskit-community/qiskit-nature,strong,181,2,-0.07388333297100758,medium,1,12,-0.04110545874142932,0.08401635818094032
qiskit_nature_715_716,autocoderover_gemini-3-flash-preview,1,qiskit-community/qiskit-nature,medium,20,1,-2.66313103487332,small,0,6,-1.4816497642298072,-0.9603726036024639
qiskit_nature_787_799,autocoderover_gemini-3-flash-preview,0,qiskit-community/qiskit-nature,strong,491,5,1.9584422689855572,large,1,26,1.0895917204607883,1.3171060169001922
qiskit_nature_795_1188,autocoderover_gemini-3-flash-preview,0,qiskit-community/qiskit-nature,strong,332,4,1.3095871886739512,large,1,23,0.7285971001533672,1.1183927518041534
qiskit_nature_828_891,autocoderover_gemini-3-flash-preview,0,qiskit-community/qiskit-nature,medium,119,3,0.03355967621490542,medium,0,24,0.018671137732360607,1.1872640605936275
qiskit_nature_82_96,autocoderover_gemini-3-flash-preview,0,qiskit-community/qiskit-nature,strong,281,4,1.1620368689767768,large,1,7,0.6465065482696705,-0.7350900841516085
qiskit_nature_847_1043,autocoderover_gemini-3-flash-preview,0,qiskit-community/qiskit-nature,strong,686,3,1.5822794224297119,large,1,12,0.8803111459741509,0.08401635818094032
qiskit_nature_848_858,autocoderover_gemini-3-flash-preview,0,qiskit-community/qiskit-nature,medium,105,3,-0.07654927695515104,medium,0,20,-0.04258867350774438,0.8931102323532976
qiskit_nature_861_904,autocoderover_gemini-3-flash-preview,1,qiskit-community/qiskit-nature,medium,10,1,-3.2370763797295434,small,0,21,-1.8009678802936944,0.9715947454040306
qiskit_nature_865_890,autocoderover_gemini-3-flash-preview,0,qiskit-community/qiskit-nature,medium,154,2,-0.21641530450101645,medium,0,6,-0.12040402094030092,-0.9603726036024639
qiskit_nature_866_870,autocoderover_gemini-3-flash-preview,0,qiskit-community/qiskit-nature,medium,391,6,2.0124347068081394,large,0,47,1.1196307541104513,2.287810220742648
qiskit_nature_881_903,autocoderover_gemini-3-flash-preview,0,qiskit-community/qiskit-nature,medium,287,2,0.33348339598622295,medium,0,14,0.1855355927167312,0.32544362076902933
qiskit_nature_918_1046,autocoderover_gemini-3-flash-preview,0,qiskit-community/qiskit-nature,strong,85,2,-0.7392799338710767,small,1,9,-0.4113030584587858,-0.35862174624823706
qiskit_nature_919_920,autocoderover_gemini-3-flash-preview,0,qiskit-community/qiskit-nature,strong,84,1,-1.4221538991020484,small,1,9,-0.7912243001603873,-0.35862174624823706
qiskit_nature_91_729,autocoderover_gemini-3-flash-preview,0,qiskit-community/qiskit-nature,strong,155,3,0.2664338213417917,medium,1,13,0.14823213856343004,0.2090448653360304
qiskit_nature_955_964,autocoderover_gemini-3-flash-preview,1,qiskit-community/qiskit-nature,medium,84,8,1.0724649089991796,large,0,20,0.5966726228471004,0.8931102323532976
qiskit_nature_956_1027,autocoderover_gemini-3-flash-preview,0,qiskit-community/qiskit-nature,medium,102,2,-0.5791734025919776,medium,0,16,-0.32222677899114266,0.5366079592280277
qiskit_nature_957_1038,autocoderover_gemini-3-flash-preview,0,qiskit-community/qiskit-nature,medium,350,2,0.5090732422465318,medium,0,15,0.2832261122240112,0.4343273847868862
qiskit_nature_958_1085,autocoderover_gemini-3-flash-preview,0,qiskit-community/qiskit-nature,strong,669,5,2.232531815176268,large,1,120,1.2420831698763217,3.8476970438981635
qiskit_nature_973_1018,autocoderover_gemini-3-flash-preview,0,qiskit-community/qiskit-nature,strong,180,3,0.39836738122973625,medium,1,11,0.22163420753495203,-0.05102471713434138
qiskit_nature_9_232,autocoderover_gemini-3-flash-preview,0,qiskit-community/qiskit-nature,strong,488,2,0.8033798607486109,medium,1,8,0.44696545745514804,-0.536376819055569
qiskit_optimization_133_139,autocoderover_gemini-3-flash-preview,0,qiskit-community/qiskit-optimization,medium,76,1,-1.5098893202619357,small,0,7,-0.8400364556172191,-0.7350900841516085
qiskit_optimization_13_163,autocoderover_gemini-3-flash-preview,0,qiskit-community/qiskit-optimization,medium,274,1,-0.3800068107956881,medium,0,10,-0.2114191882593319,-0.19782272353446417
qiskit_optimization_40_157,autocoderover_gemini-3-flash-preview,0,qiskit-community/qiskit-optimization,medium,294,3,0.831940042489458,large,0,24,0.4628550948738714,1.1872640605936275
qiskit_optimization_41_114,autocoderover_gemini-3-flash-preview,0,qiskit-community/qiskit-optimization,medium,211,11,2.36081339810875,large,0,14,1.3134534384128749,0.32544362076902933
qiskit_optimization_425_436,autocoderover_gemini-3-flash-preview,1,qiskit-community/qiskit-optimization,medium,239,4,1.0188954922962765,large,0,4,0.5668689396680037,-1.5280392151867321
qiskit_optimization_433_467,autocoderover_gemini-3-flash-preview,0,qiskit-community/qiskit-optimization,strong,111,2,-0.5048193744401559,medium,1,13,-0.2808594460142569,0.2090448653360304
qiskit_optimization_473_487,autocoderover_gemini-3-flash-preview,0,qiskit-community/qiskit-optimization,strong,1480,9,3.7838110996396512,large,1,19,2.1051471933816797,0.8107957226902569
qiskit_optimization_628_646,autocoderover_gemini-3-flash-preview,0,qiskit-community/qiskit-optimization,medium,20,1,-2.66313103487332,small,0,11,-1.4816497642298072,-0.05102471713434138
qiskit_optimization_80_122,autocoderover_gemini-3-flash-preview,0,qiskit-community/qiskit-optimization,medium,1060,17,4.462677722082305,large,0,8,2.482838924623695,-0.536376819055569
qiskit_optimization_8_18,autocoderover_gemini-3-flash-preview,0,qiskit-community/qiskit-optimization,strong,548,5,2.055740579806363,large,1,6,1.1437242499532634,-0.9603726036024639
tangelo_384_398,autocoderover_gemini-3-flash-preview,1,sandbox-quantum/Tangelo,medium,28,2,-1.7041452573924138,small,0,5,-0.9481119726235778,-1.220442186072836
tangelo_387_390,autocoderover_gemini-3-flash-preview,0,sandbox-quantum/Tangelo,medium,11,1,-3.159845206216262,small,0,4,-1.7579998293308592,-1.5280392151867321
tequila_400_411,autocoderover_gemini-3-flash-preview,0,tequilahub/tequila,strong,32,1,-2.2619496868137166,small,1,16,-1.2584499884838185,0.5366079592280277
tequila_403_407,autocoderover_gemini-3-flash-preview,0,tequilahub/tequila,strong,90,4,0.1581206717879453,medium,1,7,0.08797143400253778,-0.7350900841516085
tequila_406_409,autocoderover_gemini-3-flash-preview,0,tequilahub/tequila,strong,36,1,-2.160399223078648,small,1,7,-1.2019517468726433,-0.7350900841516085
qiskit_addon_sqd_148_230,autocoderover_gemini-3-flash-preview,0,Qiskit/qiskit-addon-sqd,strong,139,2,-0.3067574780978939,medium,1,4,-0.17066645957249876,-1.5280392151867321
qiskit_addon_sqd_265_343,autocoderover_gemini-3-flash-preview,1,Qiskit/qiskit-addon-sqd,medium,21,1,-2.621839935667211,small,0,6,-1.458677200505983,-0.9603726036024639
openqaoa_36_71,autocoderover_gemini-3-flash-preview,0,entropicalabs/openqaoa,medium,311,1,-0.2679633884977829,medium,0,7,-0.1490831229071857,-0.7350900841516085
squlearn_274_279,autocoderover_gemini-3-flash-preview,0,sQUlearn/squlearn,medium,276,14,2.968284347944471,large,0,11,1.6514237364622038,-0.05102471713434138
squlearn_112_154,autocoderover_gemini-3-flash-preview,0,sQUlearn/squlearn,medium,287,11,2.632750703790038,large,0,11,1.464747475233386,-0.05102471713434138
openqaoa_112_85,autocoderover_gemini-3-flash-preview,0,entropicalabs/openqaoa,strong,211,4,0.9087865391262202,large,1,9,0.5056091284278987,-0.35862174624823706
openqaoa_232_241,autocoderover_gemini-3-flash-preview,1,entropicalabs/openqaoa,strong,34,1,-2.209722943322219,small,1,11,-1.2293933100225016,-0.05102471713434138
squlearn_266_301,autocoderover_gemini-3-flash-preview,0,sQUlearn/squlearn,medium,2159,35,6.243301968112026,large,0,36,3.473500465405638,1.8486832784198364
squlearn_62_99,autocoderover_gemini-3-flash-preview,0,sQUlearn/squlearn,medium,186,5,1.0998059549598023,large,0,11,0.6118839863778026,-0.05102471713434138
squlearn_275_339,autocoderover_gemini-3-flash-preview,0,sQUlearn/squlearn,medium,230,16,3.0146885601268836,large,0,30,1.6772410128706896,1.5501812189499562
openfermion_151_352,autocoderover_deepseek-v4-pro,0,quantumlib/OpenFermion,medium,85,1,-1.4117725109707369,small,0,10,-0.7854485493333659,-0.19782272353446417
openfermion_207_212,autocoderover_deepseek-v4-pro,0,quantumlib/OpenFermion,strong,60,1,-1.7166390370268574,small,1,6,-0.9550629657993954,-0.9603726036024639
openfermion_246_306,autocoderover_deepseek-v4-pro,0,quantumlib/OpenFermion,strong,180,6,1.3265297702705092,large,1,15,0.7380232123871494,0.4343273847868862
openfermion_258_262,autocoderover_deepseek-v4-pro,0,quantumlib/OpenFermion,strong,55,2,-1.1200558185024878,small,1,8,-0.6231501258019679,-0.536376819055569
openfermion_259_283,autocoderover_deepseek-v4-pro,0,quantumlib/OpenFermion,strong,124,2,-0.4073478567563112,medium,1,8,-0.2266305517900342,-0.536376819055569
openfermion_37_114,autocoderover_deepseek-v4-pro,0,quantumlib/OpenFermion,medium,159,1,-0.8607277824781633,small,0,7,-0.4788713357604195,-0.7350900841516085
openfermion_457_549,autocoderover_deepseek-v4-pro,0,quantumlib/OpenFermion,medium,68,1,-1.6072579220007603,small,0,10,-0.8942080919056972,-0.19782272353446417
openfermion_458_501,autocoderover_deepseek-v4-pro,0,quantumlib/OpenFermion,strong,266,2,0.2662816915220689,medium,1,10,0.1481475001777956,-0.19782272353446417
openfermion_469_474,autocoderover_deepseek-v4-pro,1,quantumlib/OpenFermion,medium,27,1,-2.4077848396644814,small,0,8,-1.33958629646426,-0.536376819055569
openfermion_46_61,autocoderover_deepseek-v4-pro,0,quantumlib/OpenFermion,medium,267,3,0.7467408976720131,medium,0,6,0.4154540127722717,-0.9603726036024639
openfermion_542_589,autocoderover_deepseek-v4-pro,1,quantumlib/OpenFermion,strong,80,2,-0.7924454384937873,small,1,8,-0.44088202260207476,-0.536376819055569
openfermion_752_753,autocoderover_deepseek-v4-pro,0,quantumlib/OpenFermion,strong,421,1,9.326591834946107e-05,medium,1,18,5.1889082483783025e-05,0.7242581500382983
pennylane_166_588,autocoderover_deepseek-v4-pro,0,PennyLaneAI/pennylane,medium,233,2,0.14918299339303848,medium,0,3,0.08299890020184725,-1.9045075530901028
pennylane_2492_3742,autocoderover_deepseek-v4-pro,0,PennyLaneAI/pennylane,medium,47,1,-1.9293723180915965,small,0,8,-1.073418469755436,-0.536376819055569
pennylane_3982_3977,autocoderover_deepseek-v4-pro,1,PennyLaneAI/pennylane,strong,112,1,-1.1694221345517037,small,1,9,-0.6506153873972143,-0.35862174624823706
pennylane_4881_4928,autocoderover_deepseek-v4-pro,0,PennyLaneAI/pennylane,strong,109,2,-0.5208125741006229,medium,1,24,-0.28975736361422144,1.1872640605936275
pennylane_5759_5773,autocoderover_deepseek-v4-pro,0,PennyLaneAI/pennylane,medium,176,5,1.0510245280380164,large,0,21,0.5847441315411457,0.9715947454040306
pennylane_5895_5920,autocoderover_deepseek-v4-pro,0,PennyLaneAI/pennylane,medium,46,1,-1.9480592939223285,small,0,6,-1.0838150867341756,-0.9603726036024639
pennylane_991_1062,autocoderover_deepseek-v4-pro,1,PennyLaneAI/pennylane,medium,12,1,-3.088799413600608,small,0,6,-1.718473054080196,-0.9603726036024639
qiskit_finance_54_57,autocoderover_deepseek-v4-pro,0,qiskit-community/qiskit-finance,medium,61,1,-1.7022062220052714,small,0,11,-0.9470331780443507,-0.05102471713434138
qiskit_finance_72_112,autocoderover_deepseek-v4-pro,1,qiskit-community/qiskit-finance,medium,30,3,-1.1678090121656968,small,0,19,-0.649717916573735,0.8107957226902569
qiskit_machine_learning_112_151,autocoderover_deepseek-v4-pro,0,qiskit-community/qiskit-machine-learning,medium,64,5,0.1618616018678869,medium,0,41,0.09005272406989238,2.0625277012917924
qiskit_machine_learning_113_115,autocoderover_deepseek-v4-pro,0,qiskit-community/qiskit-machine-learning,medium,46,5,-0.12593306292076112,medium,0,25,-0.07006365460126839,1.253433827119435
qiskit_machine_learning_226_219,autocoderover_deepseek-v4-pro,0,qiskit-community/qiskit-machine-learning,medium,135,1,-1.0049793513819776,small,0,4,-0.5591266068144338,-1.5280392151867321
qiskit_machine_learning_227_244,autocoderover_deepseek-v4-pro,0,qiskit-community/qiskit-machine-learning,strong,450,5,1.8812110954722763,large,1,23,1.0466236694979534,1.1183927518041534
qiskit_machine_learning_320_412,autocoderover_deepseek-v4-pro,0,qiskit-community/qiskit-machine-learning,medium,108,2,-0.5289185534229176,medium,0,11,-0.2942671763851507,-0.05102471713434138
qiskit_machine_learning_326_360,autocoderover_deepseek-v4-pro,0,qiskit-community/qiskit-machine-learning,medium,84,6,0.6556421438406321,medium,0,9,0.3647706459501373,-0.35862174624823706
qiskit_machine_learning_328_348,autocoderover_deepseek-v4-pro,1,qiskit-community/qiskit-machine-learning,medium,61,1,-1.7022062220052714,small,0,4,-0.9470331780443507,-1.5280392151867321
qiskit_machine_learning_340_364,autocoderover_deepseek-v4-pro,0,qiskit-community/qiskit-machine-learning,strong,305,3,0.8644348002269172,large,1,20,0.4809337584882216,0.8931102323532976
qiskit_machine_learning_367_540,autocoderover_deepseek-v4-pro,0,qiskit-community/qiskit-machine-learning,medium,173,6,1.2915213454287657,large,0,19,0.7185460542099538,0.8107957226902569
qiskit_machine_learning_385_404,autocoderover_deepseek-v4-pro,1,qiskit-community/qiskit-machine-learning,medium,31,1,-2.289262566945091,small,0,9,-1.2736456817776005,-0.35862174624823706
qiskit_machine_learning_387_398,autocoderover_deepseek-v4-pro,1,qiskit-community/qiskit-machine-learning,medium,51,1,-1.8583265254759422,small,0,6,-1.033891694504773,-0.9603726036024639
qiskit_machine_learning_400_436,autocoderover_deepseek-v4-pro,0,qiskit-community/qiskit-machine-learning,medium,509,7,2.4674765456799252,large,0,18,1.3727961539538542,0.7242581500382983
qiskit_machine_learning_401_470,autocoderover_deepseek-v4-pro,0,qiskit-community/qiskit-machine-learning,medium,368,3,1.0306034966770588,large,0,19,0.5733827618206612,0.8107957226902569
qiskit_machine_learning_44_73,autocoderover_deepseek-v4-pro,0,qiskit-community/qiskit-machine-learning,medium,200,4,0.8614940744822128,large,0,33,0.47929766715465605,1.7060254281665224
qiskit_machine_learning_505_569,autocoderover_deepseek-v4-pro,0,qiskit-community/qiskit-machine-learning,medium,219,3,0.5715649467639573,medium,0,15,0.31799376655723727,0.4343273847868862
qiskit_machine_learning_551_548,autocoderover_deepseek-v4-pro,0,qiskit-community/qiskit-machine-learning,medium,123,3,0.06266387595896887,medium,0,36,0.0348634430016881,1.8486832784198364
qiskit_machine_learning_557_558,autocoderover_deepseek-v4-pro,0,qiskit-community/qiskit-machine-learning,medium,43,1,-2.0066034916048783,small,0,29,-1.1163865207182715,1.494861089707524
qiskit_machine_learning_597_609,autocoderover_deepseek-v4-pro,0,qiskit-community/qiskit-machine-learning,medium,94,2,-0.650937607684588,small,0,6,-0.36215324755886885,-0.9603726036024639
qiskit_machine_learning_62_143,autocoderover_deepseek-v4-pro,0,qiskit-community/qiskit-machine-learning,medium,27,1,-2.4077848396644814,small,0,17,-1.33958629646426,0.633040649882925
qiskit_machine_learning_638_639,autocoderover_deepseek-v4-pro,0,qiskit-community/qiskit-machine-learning,medium,139,5,0.8428761758040135,large,0,18,0.4689394816858285,0.7242581500382983
qiskit_machine_learning_63_102,autocoderover_deepseek-v4-pro,1,qiskit-community/qiskit-machine-learning,medium,104,2,-0.5621036733067326,medium,0,6,-0.31272992733804594,-0.9603726036024639
qiskit_machine_learning_90_117,autocoderover_deepseek-v4-pro,0,qiskit-community/qiskit-machine-learning,medium,31,8,0.20535624115613738,medium,0,25,0.11425124122988722,1.253433827119435
qiskit_machine_learning_920_924,autocoderover_deepseek-v4-pro,1,qiskit-community/qiskit-machine-learning,medium,131,4,0.48825622723189416,medium,0,5,0.271644434497863,-1.220442186072836
qiskit_machine_learning_960_1021,autocoderover_deepseek-v4-pro,0,qiskit-community/qiskit-machine-learning,strong,168,2,-0.13966146284480135,medium,1,6,-0.07770153656965387,-0.9603726036024639
qiskit_nature_1257_1270,autocoderover_deepseek-v4-pro,0,qiskit-community/qiskit-nature,strong,402,3,1.1088363614904493,large,1,27,0.6169081100622269,1.378462334274525
qiskit_nature_129_161,autocoderover_deepseek-v4-pro,0,qiskit-community/qiskit-nature,strong,9,1,-3.3216735587274937,small,1,9,-1.8480340549112653,-0.35862174624823706
qiskit_nature_129_341,autocoderover_deepseek-v4-pro,0,qiskit-community/qiskit-nature,strong,52,1,-1.8414193749193908,small,1,6,-1.024485294553783,-0.9603726036024639
qiskit_nature_1345_1356,autocoderover_deepseek-v4-pro,0,qiskit-community/qiskit-nature,strong,218,3,0.5675212105360191,medium,1,32,0.3157440083777577,1.6556601124212968
qiskit_nature_167_220,autocoderover_deepseek-v4-pro,0,qiskit-community/qiskit-nature,strong,527,8,2.693614897536842,large,1,8,1.498609653674515,-0.536376819055569
qiskit_nature_174_862,autocoderover_deepseek-v4-pro,0,qiskit-community/qiskit-nature,strong,187,7,1.581680902006152,large,1,15,0.879978155357902,0.4343273847868862
qiskit_nature_22_35,autocoderover_deepseek-v4-pro,0,qiskit-community/qiskit-nature,strong,470,2,0.7700910130901277,medium,1,11,0.4284449968999581,-0.05102471713434138
qiskit_nature_243_263,autocoderover_deepseek-v4-pro,0,qiskit-community/qiskit-nature,strong,432,10,2.8503786779317677,large,1,10,1.5858261725841691,-0.19782272353446417
qiskit_nature_252_318,autocoderover_deepseek-v4-pro,0,qiskit-community/qiskit-nature,medium,78,6,0.5906669073429984,medium,0,10,0.32862126292059574,-0.19782272353446417
qiskit_nature_271_286,autocoderover_deepseek-v4-pro,0,qiskit-community/qiskit-nature,strong,7,1,-3.5197354550697564,small,1,8,-1.9582270413530236,-0.536376819055569
qiskit_nature_337_520,autocoderover_deepseek-v4-pro,0,qiskit-community/qiskit-nature,strong,192,2,-0.021795940852246176,medium,1,24,-0.01212630929609253,1.1872640605936275
qiskit_nature_375_380,autocoderover_deepseek-v4-pro,0,qiskit-community/qiskit-nature,medium,98,2,-0.6143304167982303,small,0,5,-0.3417866057993629,-1.220442186072836
qiskit_nature_3_25,autocoderover_deepseek-v4-pro,0,qiskit-community/qiskit-nature,strong,543,7,2.5247608445465017,large,1,11,1.4046666352776431,-0.05102471713434138
qiskit_nature_42_49,autocoderover_deepseek-v4-pro,0,qiskit-community/qiskit-nature,strong,387,9,2.5949016888392977,large,1,8,1.4436899368157308,-0.536376819055569
qiskit_nature_45_50,autocoderover_deepseek-v4-pro,0,qiskit-community/qiskit-nature,strong,379,4,1.4267757292613634,large,1,11,0.793795684548233,-0.05102471713434138
qiskit_nature_460_482,autocoderover_deepseek-v4-pro,0,qiskit-community/qiskit-nature,strong,302,2,0.3785488392219383,medium,1,21,0.21060803656975613,0.9715947454040306
qiskit_nature_465_472,autocoderover_deepseek-v4-pro,0,qiskit-community/qiskit-nature,medium,14,1,-2.961783309874,small,0,7,-1.647806842889101,-0.7350900841516085
qiskit_nature_477_481,autocoderover_deepseek-v4-pro,1,qiskit-community/qiskit-nature,medium,9,1,-3.3216735587274937,small,0,6,-1.8480340549112653,-0.9603726036024639
qiskit_nature_47_77,autocoderover_deepseek-v4-pro,0,qiskit-community/qiskit-nature,strong,481,3,1.2677232081883598,large,1,7,0.7053058103129676,-0.7350900841516085
qiskit_nature_493_506,autocoderover_deepseek-v4-pro,0,qiskit-community/qiskit-nature,medium,152,2,-0.22794272063766297,medium,0,5,-0.1268173716832371,-1.220442186072836
qiskit_nature_541_544,autocoderover_deepseek-v4-pro,1,qiskit-community/qiskit-nature,medium,8,1,-3.415191401425101,small,0,6,-1.9000632970964064,-0.9603726036024639
qiskit_nature_563_620,autocoderover_deepseek-v4-pro,0,qiskit-community/qiskit-nature,medium,204,7,1.6585185492142407,large,0,5,0.9227272654764183,-1.220442186072836
qiskit_nature_571_632,autocoderover_deepseek-v4-pro,0,qiskit-community/qiskit-nature,medium,218,4,0.9376205825550574,large,0,9,0.5216511305256891,-0.35862174624823706
qiskit_nature_577_591,autocoderover_deepseek-v4-pro,1,qiskit-community/qiskit-nature,strong,98,2,-0.6143304167982303,small,1,8,-0.3417866057993629,-0.536376819055569
qiskit_nature_582_1313,autocoderover_deepseek-v4-pro,0,qiskit-community/qiskit-nature,strong,152,6,1.1773607452053574,large,1,12,0.6550320835527074,0.08401635818094032
qiskit_nature_665_756,autocoderover_deepseek-v4-pro,0,qiskit-community/qiskit-nature,medium,171,2,-0.12404348980874397,medium,0,21,-0.06901237867107428,0.9715947454040306
qiskit_nature_669_731,autocoderover_deepseek-v4-pro,0,qiskit-community/qiskit-nature,medium,130,2,-0.3657340531049745,medium,0,23,-0.20347844941079793,1.1183927518041534
qiskit_nature_683_684,autocoderover_deepseek-v4-pro,0,qiskit-community/qiskit-nature,medium,232,8,1.9675079399258386,large,0,3,1.0946354637221454,-1.9045075530901028
qiskit_nature_6_624,autocoderover_deepseek-v4-pro,0,qiskit-community/qiskit-nature,strong,181,2,-0.07388333297100758,medium,1,12,-0.04110545874142932,0.08401635818094032
qiskit_nature_715_716,autocoderover_deepseek-v4-pro,0,qiskit-community/qiskit-nature,medium,20,1,-2.66313103487332,small,0,6,-1.4816497642298072,-0.9603726036024639
qiskit_nature_787_799,autocoderover_deepseek-v4-pro,0,qiskit-community/qiskit-nature,strong,491,5,1.9584422689855572,large,1,26,1.0895917204607883,1.3171060169001922
qiskit_nature_795_1188,autocoderover_deepseek-v4-pro,0,qiskit-community/qiskit-nature,strong,332,4,1.3095871886739512,large,1,23,0.7285971001533672,1.1183927518041534
qiskit_nature_828_891,autocoderover_deepseek-v4-pro,0,qiskit-community/qiskit-nature,medium,119,3,0.03355967621490542,medium,0,24,0.018671137732360607,1.1872640605936275
qiskit_nature_82_96,autocoderover_deepseek-v4-pro,0,qiskit-community/qiskit-nature,strong,281,4,1.1620368689767768,large,1,7,0.6465065482696705,-0.7350900841516085
qiskit_nature_847_1043,autocoderover_deepseek-v4-pro,0,qiskit-community/qiskit-nature,strong,686,3,1.5822794224297119,large,1,12,0.8803111459741509,0.08401635818094032
qiskit_nature_848_858,autocoderover_deepseek-v4-pro,0,qiskit-community/qiskit-nature,medium,105,3,-0.07654927695515104,medium,0,20,-0.04258867350774438,0.8931102323532976
qiskit_nature_861_904,autocoderover_deepseek-v4-pro,0,qiskit-community/qiskit-nature,medium,10,1,-3.2370763797295434,small,0,21,-1.8009678802936944,0.9715947454040306
qiskit_nature_865_890,autocoderover_deepseek-v4-pro,0,qiskit-community/qiskit-nature,medium,154,2,-0.21641530450101645,medium,0,6,-0.12040402094030092,-0.9603726036024639
qiskit_nature_866_870,autocoderover_deepseek-v4-pro,0,qiskit-community/qiskit-nature,medium,391,6,2.0124347068081394,large,0,47,1.1196307541104513,2.287810220742648
qiskit_nature_881_903,autocoderover_deepseek-v4-pro,0,qiskit-community/qiskit-nature,medium,287,2,0.33348339598622295,medium,0,14,0.1855355927167312,0.32544362076902933
qiskit_nature_918_1046,autocoderover_deepseek-v4-pro,0,qiskit-community/qiskit-nature,strong,85,2,-0.7392799338710767,small,1,9,-0.4113030584587858,-0.35862174624823706
qiskit_nature_919_920,autocoderover_deepseek-v4-pro,0,qiskit-community/qiskit-nature,strong,84,1,-1.4221538991020484,small,1,9,-0.7912243001603873,-0.35862174624823706
qiskit_nature_91_729,autocoderover_deepseek-v4-pro,0,qiskit-community/qiskit-nature,strong,155,3,0.2664338213417917,medium,1,13,0.14823213856343004,0.2090448653360304
qiskit_nature_955_964,autocoderover_deepseek-v4-pro,1,qiskit-community/qiskit-nature,medium,84,8,1.0724649089991796,large,0,20,0.5966726228471004,0.8931102323532976
qiskit_nature_956_1027,autocoderover_deepseek-v4-pro,0,qiskit-community/qiskit-nature,medium,102,2,-0.5791734025919776,medium,0,16,-0.32222677899114266,0.5366079592280277
qiskit_nature_957_1038,autocoderover_deepseek-v4-pro,0,qiskit-community/qiskit-nature,medium,350,2,0.5090732422465318,medium,0,15,0.2832261122240112,0.4343273847868862
qiskit_nature_958_1085,autocoderover_deepseek-v4-pro,0,qiskit-community/qiskit-nature,strong,669,5,2.232531815176268,large,1,120,1.2420831698763217,3.8476970438981635
qiskit_nature_973_1018,autocoderover_deepseek-v4-pro,0,qiskit-community/qiskit-nature,strong,180,3,0.39836738122973625,medium,1,11,0.22163420753495203,-0.05102471713434138
qiskit_nature_9_232,autocoderover_deepseek-v4-pro,0,qiskit-community/qiskit-nature,strong,488,2,0.8033798607486109,medium,1,8,0.44696545745514804,-0.536376819055569
qiskit_optimization_133_139,autocoderover_deepseek-v4-pro,0,qiskit-community/qiskit-optimization,medium,76,1,-1.5098893202619357,small,0,7,-0.8400364556172191,-0.7350900841516085
qiskit_optimization_13_163,autocoderover_deepseek-v4-pro,0,qiskit-community/qiskit-optimization,medium,274,1,-0.3800068107956881,medium,0,10,-0.2114191882593319,-0.19782272353446417
qiskit_optimization_40_157,autocoderover_deepseek-v4-pro,0,qiskit-community/qiskit-optimization,medium,294,3,0.831940042489458,large,0,24,0.4628550948738714,1.1872640605936275
qiskit_optimization_41_114,autocoderover_deepseek-v4-pro,0,qiskit-community/qiskit-optimization,medium,211,11,2.36081339810875,large,0,14,1.3134534384128749,0.32544362076902933
qiskit_optimization_425_436,autocoderover_deepseek-v4-pro,0,qiskit-community/qiskit-optimization,medium,239,4,1.0188954922962765,large,0,4,0.5668689396680037,-1.5280392151867321
qiskit_optimization_433_467,autocoderover_deepseek-v4-pro,0,qiskit-community/qiskit-optimization,strong,111,2,-0.5048193744401559,medium,1,13,-0.2808594460142569,0.2090448653360304
qiskit_optimization_473_487,autocoderover_deepseek-v4-pro,0,qiskit-community/qiskit-optimization,strong,1480,9,3.7838110996396512,large,1,19,2.1051471933816797,0.8107957226902569
qiskit_optimization_628_646,autocoderover_deepseek-v4-pro,0,qiskit-community/qiskit-optimization,medium,20,1,-2.66313103487332,small,0,11,-1.4816497642298072,-0.05102471713434138
qiskit_optimization_80_122,autocoderover_deepseek-v4-pro,0,qiskit-community/qiskit-optimization,medium,1060,17,4.462677722082305,large,0,8,2.482838924623695,-0.536376819055569
qiskit_optimization_8_18,autocoderover_deepseek-v4-pro,0,qiskit-community/qiskit-optimization,strong,548,5,2.055740579806363,large,1,6,1.1437242499532634,-0.9603726036024639
tangelo_384_398,autocoderover_deepseek-v4-pro,1,sandbox-quantum/Tangelo,medium,28,2,-1.7041452573924138,small,0,5,-0.9481119726235778,-1.220442186072836
tangelo_387_390,autocoderover_deepseek-v4-pro,0,sandbox-quantum/Tangelo,medium,11,1,-3.159845206216262,small,0,4,-1.7579998293308592,-1.5280392151867321
tequila_400_411,autocoderover_deepseek-v4-pro,0,tequilahub/tequila,strong,32,1,-2.2619496868137166,small,1,16,-1.2584499884838185,0.5366079592280277
tequila_403_407,autocoderover_deepseek-v4-pro,0,tequilahub/tequila,strong,90,4,0.1581206717879453,medium,1,7,0.08797143400253778,-0.7350900841516085
tequila_406_409,autocoderover_deepseek-v4-pro,0,tequilahub/tequila,strong,36,1,-2.160399223078648,small,1,7,-1.2019517468726433,-0.7350900841516085
qiskit_addon_sqd_148_230,autocoderover_deepseek-v4-pro,1,Qiskit/qiskit-addon-sqd,strong,139,2,-0.3067574780978939,medium,1,4,-0.17066645957249876,-1.5280392151867321
qiskit_addon_sqd_265_343,autocoderover_deepseek-v4-pro,0,Qiskit/qiskit-addon-sqd,medium,21,1,-2.621839935667211,small,0,6,-1.458677200505983,-0.9603726036024639
openqaoa_36_71,autocoderover_deepseek-v4-pro,0,entropicalabs/openqaoa,medium,311,1,-0.2679633884977829,medium,0,7,-0.1490831229071857,-0.7350900841516085
squlearn_274_279,autocoderover_deepseek-v4-pro,0,sQUlearn/squlearn,medium,276,14,2.968284347944471,large,0,11,1.6514237364622038,-0.05102471713434138
squlearn_112_154,autocoderover_deepseek-v4-pro,0,sQUlearn/squlearn,medium,287,11,2.632750703790038,large,0,11,1.464747475233386,-0.05102471713434138
openqaoa_112_85,autocoderover_deepseek-v4-pro,0,entropicalabs/openqaoa,strong,211,4,0.9087865391262202,large,1,9,0.5056091284278987,-0.35862174624823706
openqaoa_232_241,autocoderover_deepseek-v4-pro,0,entropicalabs/openqaoa,strong,34,1,-2.209722943322219,small,1,11,-1.2293933100225016,-0.05102471713434138
squlearn_266_301,autocoderover_deepseek-v4-pro,0,sQUlearn/squlearn,medium,2159,35,6.243301968112026,large,0,36,3.473500465405638,1.8486832784198364
squlearn_62_99,autocoderover_deepseek-v4-pro,0,sQUlearn/squlearn,medium,186,5,1.0998059549598023,large,0,11,0.6118839863778026,-0.05102471713434138
squlearn_275_339,autocoderover_deepseek-v4-pro,0,sQUlearn/squlearn,medium,230,16,3.0146885601268836,large,0,30,1.6772410128706896,1.5501812189499562
openfermion_151_352,autocoderover_deepseek-v4-flash,0,quantumlib/OpenFermion,medium,85,1,-1.4117725109707369,small,0,10,-0.7854485493333659,-0.19782272353446417
openfermion_207_212,autocoderover_deepseek-v4-flash,0,quantumlib/OpenFermion,strong,60,1,-1.7166390370268574,small,1,6,-0.9550629657993954,-0.9603726036024639
openfermion_246_306,autocoderover_deepseek-v4-flash,0,quantumlib/OpenFermion,strong,180,6,1.3265297702705092,large,1,15,0.7380232123871494,0.4343273847868862
openfermion_258_262,autocoderover_deepseek-v4-flash,0,quantumlib/OpenFermion,strong,55,2,-1.1200558185024878,small,1,8,-0.6231501258019679,-0.536376819055569
openfermion_259_283,autocoderover_deepseek-v4-flash,0,quantumlib/OpenFermion,strong,124,2,-0.4073478567563112,medium,1,8,-0.2266305517900342,-0.536376819055569
openfermion_37_114,autocoderover_deepseek-v4-flash,0,quantumlib/OpenFermion,medium,159,1,-0.8607277824781633,small,0,7,-0.4788713357604195,-0.7350900841516085
openfermion_457_549,autocoderover_deepseek-v4-flash,0,quantumlib/OpenFermion,medium,68,1,-1.6072579220007603,small,0,10,-0.8942080919056972,-0.19782272353446417
openfermion_458_501,autocoderover_deepseek-v4-flash,0,quantumlib/OpenFermion,strong,266,2,0.2662816915220689,medium,1,10,0.1481475001777956,-0.19782272353446417
openfermion_469_474,autocoderover_deepseek-v4-flash,1,quantumlib/OpenFermion,medium,27,1,-2.4077848396644814,small,0,8,-1.33958629646426,-0.536376819055569
openfermion_46_61,autocoderover_deepseek-v4-flash,1,quantumlib/OpenFermion,medium,267,3,0.7467408976720131,medium,0,6,0.4154540127722717,-0.9603726036024639
openfermion_542_589,autocoderover_deepseek-v4-flash,1,quantumlib/OpenFermion,strong,80,2,-0.7924454384937873,small,1,8,-0.44088202260207476,-0.536376819055569
openfermion_752_753,autocoderover_deepseek-v4-flash,0,quantumlib/OpenFermion,strong,421,1,9.326591834946107e-05,medium,1,18,5.1889082483783025e-05,0.7242581500382983
pennylane_166_588,autocoderover_deepseek-v4-flash,0,PennyLaneAI/pennylane,medium,233,2,0.14918299339303848,medium,0,3,0.08299890020184725,-1.9045075530901028
pennylane_2492_3742,autocoderover_deepseek-v4-flash,0,PennyLaneAI/pennylane,medium,47,1,-1.9293723180915965,small,0,8,-1.073418469755436,-0.536376819055569
pennylane_3982_3977,autocoderover_deepseek-v4-flash,0,PennyLaneAI/pennylane,strong,112,1,-1.1694221345517037,small,1,9,-0.6506153873972143,-0.35862174624823706
pennylane_4881_4928,autocoderover_deepseek-v4-flash,0,PennyLaneAI/pennylane,strong,109,2,-0.5208125741006229,medium,1,24,-0.28975736361422144,1.1872640605936275
pennylane_5759_5773,autocoderover_deepseek-v4-flash,0,PennyLaneAI/pennylane,medium,176,5,1.0510245280380164,large,0,21,0.5847441315411457,0.9715947454040306
pennylane_5895_5920,autocoderover_deepseek-v4-flash,0,PennyLaneAI/pennylane,medium,46,1,-1.9480592939223285,small,0,6,-1.0838150867341756,-0.9603726036024639
pennylane_991_1062,autocoderover_deepseek-v4-flash,1,PennyLaneAI/pennylane,medium,12,1,-3.088799413600608,small,0,6,-1.718473054080196,-0.9603726036024639
qiskit_finance_54_57,autocoderover_deepseek-v4-flash,0,qiskit-community/qiskit-finance,medium,61,1,-1.7022062220052714,small,0,11,-0.9470331780443507,-0.05102471713434138
qiskit_finance_72_112,autocoderover_deepseek-v4-flash,0,qiskit-community/qiskit-finance,medium,30,3,-1.1678090121656968,small,0,19,-0.649717916573735,0.8107957226902569
qiskit_machine_learning_112_151,autocoderover_deepseek-v4-flash,0,qiskit-community/qiskit-machine-learning,medium,64,5,0.1618616018678869,medium,0,41,0.09005272406989238,2.0625277012917924
qiskit_machine_learning_113_115,autocoderover_deepseek-v4-flash,0,qiskit-community/qiskit-machine-learning,medium,46,5,-0.12593306292076112,medium,0,25,-0.07006365460126839,1.253433827119435
qiskit_machine_learning_226_219,autocoderover_deepseek-v4-flash,0,qiskit-community/qiskit-machine-learning,medium,135,1,-1.0049793513819776,small,0,4,-0.5591266068144338,-1.5280392151867321
qiskit_machine_learning_227_244,autocoderover_deepseek-v4-flash,0,qiskit-community/qiskit-machine-learning,strong,450,5,1.8812110954722763,large,1,23,1.0466236694979534,1.1183927518041534
qiskit_machine_learning_320_412,autocoderover_deepseek-v4-flash,0,qiskit-community/qiskit-machine-learning,medium,108,2,-0.5289185534229176,medium,0,11,-0.2942671763851507,-0.05102471713434138
qiskit_machine_learning_326_360,autocoderover_deepseek-v4-flash,0,qiskit-community/qiskit-machine-learning,medium,84,6,0.6556421438406321,medium,0,9,0.3647706459501373,-0.35862174624823706
qiskit_machine_learning_328_348,autocoderover_deepseek-v4-flash,0,qiskit-community/qiskit-machine-learning,medium,61,1,-1.7022062220052714,small,0,4,-0.9470331780443507,-1.5280392151867321
qiskit_machine_learning_340_364,autocoderover_deepseek-v4-flash,0,qiskit-community/qiskit-machine-learning,strong,305,3,0.8644348002269172,large,1,20,0.4809337584882216,0.8931102323532976
qiskit_machine_learning_367_540,autocoderover_deepseek-v4-flash,0,qiskit-community/qiskit-machine-learning,medium,173,6,1.2915213454287657,large,0,19,0.7185460542099538,0.8107957226902569
qiskit_machine_learning_385_404,autocoderover_deepseek-v4-flash,0,qiskit-community/qiskit-machine-learning,medium,31,1,-2.289262566945091,small,0,9,-1.2736456817776005,-0.35862174624823706
qiskit_machine_learning_387_398,autocoderover_deepseek-v4-flash,1,qiskit-community/qiskit-machine-learning,medium,51,1,-1.8583265254759422,small,0,6,-1.033891694504773,-0.9603726036024639
qiskit_machine_learning_400_436,autocoderover_deepseek-v4-flash,0,qiskit-community/qiskit-machine-learning,medium,509,7,2.4674765456799252,large,0,18,1.3727961539538542,0.7242581500382983
qiskit_machine_learning_401_470,autocoderover_deepseek-v4-flash,0,qiskit-community/qiskit-machine-learning,medium,368,3,1.0306034966770588,large,0,19,0.5733827618206612,0.8107957226902569
qiskit_machine_learning_44_73,autocoderover_deepseek-v4-flash,0,qiskit-community/qiskit-machine-learning,medium,200,4,0.8614940744822128,large,0,33,0.47929766715465605,1.7060254281665224
qiskit_machine_learning_505_569,autocoderover_deepseek-v4-flash,0,qiskit-community/qiskit-machine-learning,medium,219,3,0.5715649467639573,medium,0,15,0.31799376655723727,0.4343273847868862
qiskit_machine_learning_551_548,autocoderover_deepseek-v4-flash,0,qiskit-community/qiskit-machine-learning,medium,123,3,0.06266387595896887,medium,0,36,0.0348634430016881,1.8486832784198364
qiskit_machine_learning_557_558,autocoderover_deepseek-v4-flash,0,qiskit-community/qiskit-machine-learning,medium,43,1,-2.0066034916048783,small,0,29,-1.1163865207182715,1.494861089707524
qiskit_machine_learning_597_609,autocoderover_deepseek-v4-flash,0,qiskit-community/qiskit-machine-learning,medium,94,2,-0.650937607684588,small,0,6,-0.36215324755886885,-0.9603726036024639
qiskit_machine_learning_62_143,autocoderover_deepseek-v4-flash,0,qiskit-community/qiskit-machine-learning,medium,27,1,-2.4077848396644814,small,0,17,-1.33958629646426,0.633040649882925
qiskit_machine_learning_638_639,autocoderover_deepseek-v4-flash,0,qiskit-community/qiskit-machine-learning,medium,139,5,0.8428761758040135,large,0,18,0.4689394816858285,0.7242581500382983
qiskit_machine_learning_63_102,autocoderover_deepseek-v4-flash,1,qiskit-community/qiskit-machine-learning,medium,104,2,-0.5621036733067326,medium,0,6,-0.31272992733804594,-0.9603726036024639
qiskit_machine_learning_90_117,autocoderover_deepseek-v4-flash,0,qiskit-community/qiskit-machine-learning,medium,31,8,0.20535624115613738,medium,0,25,0.11425124122988722,1.253433827119435
qiskit_machine_learning_920_924,autocoderover_deepseek-v4-flash,0,qiskit-community/qiskit-machine-learning,medium,131,4,0.48825622723189416,medium,0,5,0.271644434497863,-1.220442186072836
qiskit_machine_learning_960_1021,autocoderover_deepseek-v4-flash,0,qiskit-community/qiskit-machine-learning,strong,168,2,-0.13966146284480135,medium,1,6,-0.07770153656965387,-0.9603726036024639
qiskit_nature_1257_1270,autocoderover_deepseek-v4-flash,0,qiskit-community/qiskit-nature,strong,402,3,1.1088363614904493,large,1,27,0.6169081100622269,1.378462334274525
qiskit_nature_129_161,autocoderover_deepseek-v4-flash,0,qiskit-community/qiskit-nature,strong,9,1,-3.3216735587274937,small,1,9,-1.8480340549112653,-0.35862174624823706
qiskit_nature_129_341,autocoderover_deepseek-v4-flash,0,qiskit-community/qiskit-nature,strong,52,1,-1.8414193749193908,small,1,6,-1.024485294553783,-0.9603726036024639
qiskit_nature_1345_1356,autocoderover_deepseek-v4-flash,0,qiskit-community/qiskit-nature,strong,218,3,0.5675212105360191,medium,1,32,0.3157440083777577,1.6556601124212968
qiskit_nature_167_220,autocoderover_deepseek-v4-flash,0,qiskit-community/qiskit-nature,strong,527,8,2.693614897536842,large,1,8,1.498609653674515,-0.536376819055569
qiskit_nature_174_862,autocoderover_deepseek-v4-flash,0,qiskit-community/qiskit-nature,strong,187,7,1.581680902006152,large,1,15,0.879978155357902,0.4343273847868862
qiskit_nature_22_35,autocoderover_deepseek-v4-flash,0,qiskit-community/qiskit-nature,strong,470,2,0.7700910130901277,medium,1,11,0.4284449968999581,-0.05102471713434138
qiskit_nature_243_263,autocoderover_deepseek-v4-flash,0,qiskit-community/qiskit-nature,strong,432,10,2.8503786779317677,large,1,10,1.5858261725841691,-0.19782272353446417
qiskit_nature_252_318,autocoderover_deepseek-v4-flash,0,qiskit-community/qiskit-nature,medium,78,6,0.5906669073429984,medium,0,10,0.32862126292059574,-0.19782272353446417
qiskit_nature_271_286,autocoderover_deepseek-v4-flash,0,qiskit-community/qiskit-nature,strong,7,1,-3.5197354550697564,small,1,8,-1.9582270413530236,-0.536376819055569
qiskit_nature_337_520,autocoderover_deepseek-v4-flash,0,qiskit-community/qiskit-nature,strong,192,2,-0.021795940852246176,medium,1,24,-0.01212630929609253,1.1872640605936275
qiskit_nature_375_380,autocoderover_deepseek-v4-flash,0,qiskit-community/qiskit-nature,medium,98,2,-0.6143304167982303,small,0,5,-0.3417866057993629,-1.220442186072836
qiskit_nature_3_25,autocoderover_deepseek-v4-flash,0,qiskit-community/qiskit-nature,strong,543,7,2.5247608445465017,large,1,11,1.4046666352776431,-0.05102471713434138
qiskit_nature_42_49,autocoderover_deepseek-v4-flash,0,qiskit-community/qiskit-nature,strong,387,9,2.5949016888392977,large,1,8,1.4436899368157308,-0.536376819055569
qiskit_nature_45_50,autocoderover_deepseek-v4-flash,0,qiskit-community/qiskit-nature,strong,379,4,1.4267757292613634,large,1,11,0.793795684548233,-0.05102471713434138
qiskit_nature_460_482,autocoderover_deepseek-v4-flash,0,qiskit-community/qiskit-nature,strong,302,2,0.3785488392219383,medium,1,21,0.21060803656975613,0.9715947454040306
qiskit_nature_465_472,autocoderover_deepseek-v4-flash,0,qiskit-community/qiskit-nature,medium,14,1,-2.961783309874,small,0,7,-1.647806842889101,-0.7350900841516085
qiskit_nature_477_481,autocoderover_deepseek-v4-flash,1,qiskit-community/qiskit-nature,medium,9,1,-3.3216735587274937,small,0,6,-1.8480340549112653,-0.9603726036024639
qiskit_nature_47_77,autocoderover_deepseek-v4-flash,0,qiskit-community/qiskit-nature,strong,481,3,1.2677232081883598,large,1,7,0.7053058103129676,-0.7350900841516085
qiskit_nature_493_506,autocoderover_deepseek-v4-flash,0,qiskit-community/qiskit-nature,medium,152,2,-0.22794272063766297,medium,0,5,-0.1268173716832371,-1.220442186072836
qiskit_nature_541_544,autocoderover_deepseek-v4-flash,1,qiskit-community/qiskit-nature,medium,8,1,-3.415191401425101,small,0,6,-1.9000632970964064,-0.9603726036024639
qiskit_nature_563_620,autocoderover_deepseek-v4-flash,0,qiskit-community/qiskit-nature,medium,204,7,1.6585185492142407,large,0,5,0.9227272654764183,-1.220442186072836
qiskit_nature_571_632,autocoderover_deepseek-v4-flash,0,qiskit-community/qiskit-nature,medium,218,4,0.9376205825550574,large,0,9,0.5216511305256891,-0.35862174624823706
qiskit_nature_577_591,autocoderover_deepseek-v4-flash,0,qiskit-community/qiskit-nature,strong,98,2,-0.6143304167982303,small,1,8,-0.3417866057993629,-0.536376819055569
qiskit_nature_582_1313,autocoderover_deepseek-v4-flash,0,qiskit-community/qiskit-nature,strong,152,6,1.1773607452053574,large,1,12,0.6550320835527074,0.08401635818094032
qiskit_nature_665_756,autocoderover_deepseek-v4-flash,0,qiskit-community/qiskit-nature,medium,171,2,-0.12404348980874397,medium,0,21,-0.06901237867107428,0.9715947454040306
qiskit_nature_669_731,autocoderover_deepseek-v4-flash,0,qiskit-community/qiskit-nature,medium,130,2,-0.3657340531049745,medium,0,23,-0.20347844941079793,1.1183927518041534
qiskit_nature_683_684,autocoderover_deepseek-v4-flash,0,qiskit-community/qiskit-nature,medium,232,8,1.9675079399258386,large,0,3,1.0946354637221454,-1.9045075530901028
qiskit_nature_6_624,autocoderover_deepseek-v4-flash,0,qiskit-community/qiskit-nature,strong,181,2,-0.07388333297100758,medium,1,12,-0.04110545874142932,0.08401635818094032
qiskit_nature_715_716,autocoderover_deepseek-v4-flash,0,qiskit-community/qiskit-nature,medium,20,1,-2.66313103487332,small,0,6,-1.4816497642298072,-0.9603726036024639
qiskit_nature_787_799,autocoderover_deepseek-v4-flash,0,qiskit-community/qiskit-nature,strong,491,5,1.9584422689855572,large,1,26,1.0895917204607883,1.3171060169001922
qiskit_nature_795_1188,autocoderover_deepseek-v4-flash,0,qiskit-community/qiskit-nature,strong,332,4,1.3095871886739512,large,1,23,0.7285971001533672,1.1183927518041534
qiskit_nature_828_891,autocoderover_deepseek-v4-flash,0,qiskit-community/qiskit-nature,medium,119,3,0.03355967621490542,medium,0,24,0.018671137732360607,1.1872640605936275
qiskit_nature_82_96,autocoderover_deepseek-v4-flash,0,qiskit-community/qiskit-nature,strong,281,4,1.1620368689767768,large,1,7,0.6465065482696705,-0.7350900841516085
qiskit_nature_847_1043,autocoderover_deepseek-v4-flash,0,qiskit-community/qiskit-nature,strong,686,3,1.5822794224297119,large,1,12,0.8803111459741509,0.08401635818094032
qiskit_nature_848_858,autocoderover_deepseek-v4-flash,0,qiskit-community/qiskit-nature,medium,105,3,-0.07654927695515104,medium,0,20,-0.04258867350774438,0.8931102323532976
qiskit_nature_861_904,autocoderover_deepseek-v4-flash,1,qiskit-community/qiskit-nature,medium,10,1,-3.2370763797295434,small,0,21,-1.8009678802936944,0.9715947454040306
qiskit_nature_865_890,autocoderover_deepseek-v4-flash,0,qiskit-community/qiskit-nature,medium,154,2,-0.21641530450101645,medium,0,6,-0.12040402094030092,-0.9603726036024639
qiskit_nature_866_870,autocoderover_deepseek-v4-flash,0,qiskit-community/qiskit-nature,medium,391,6,2.0124347068081394,large,0,47,1.1196307541104513,2.287810220742648
qiskit_nature_881_903,autocoderover_deepseek-v4-flash,0,qiskit-community/qiskit-nature,medium,287,2,0.33348339598622295,medium,0,14,0.1855355927167312,0.32544362076902933
qiskit_nature_918_1046,autocoderover_deepseek-v4-flash,0,qiskit-community/qiskit-nature,strong,85,2,-0.7392799338710767,small,1,9,-0.4113030584587858,-0.35862174624823706
qiskit_nature_919_920,autocoderover_deepseek-v4-flash,0,qiskit-community/qiskit-nature,strong,84,1,-1.4221538991020484,small,1,9,-0.7912243001603873,-0.35862174624823706
qiskit_nature_91_729,autocoderover_deepseek-v4-flash,0,qiskit-community/qiskit-nature,strong,155,3,0.2664338213417917,medium,1,13,0.14823213856343004,0.2090448653360304
qiskit_nature_955_964,autocoderover_deepseek-v4-flash,1,qiskit-community/qiskit-nature,medium,84,8,1.0724649089991796,large,0,20,0.5966726228471004,0.8931102323532976
qiskit_nature_956_1027,autocoderover_deepseek-v4-flash,0,qiskit-community/qiskit-nature,medium,102,2,-0.5791734025919776,medium,0,16,-0.32222677899114266,0.5366079592280277
qiskit_nature_957_1038,autocoderover_deepseek-v4-flash,0,qiskit-community/qiskit-nature,medium,350,2,0.5090732422465318,medium,0,15,0.2832261122240112,0.4343273847868862
qiskit_nature_958_1085,autocoderover_deepseek-v4-flash,0,qiskit-community/qiskit-nature,strong,669,5,2.232531815176268,large,1,120,1.2420831698763217,3.8476970438981635
qiskit_nature_973_1018,autocoderover_deepseek-v4-flash,0,qiskit-community/qiskit-nature,strong,180,3,0.39836738122973625,medium,1,11,0.22163420753495203,-0.05102471713434138
qiskit_nature_9_232,autocoderover_deepseek-v4-flash,0,qiskit-community/qiskit-nature,strong,488,2,0.8033798607486109,medium,1,8,0.44696545745514804,-0.536376819055569
qiskit_optimization_133_139,autocoderover_deepseek-v4-flash,0,qiskit-community/qiskit-optimization,medium,76,1,-1.5098893202619357,small,0,7,-0.8400364556172191,-0.7350900841516085
qiskit_optimization_13_163,autocoderover_deepseek-v4-flash,0,qiskit-community/qiskit-optimization,medium,274,1,-0.3800068107956881,medium,0,10,-0.2114191882593319,-0.19782272353446417
qiskit_optimization_40_157,autocoderover_deepseek-v4-flash,0,qiskit-community/qiskit-optimization,medium,294,3,0.831940042489458,large,0,24,0.4628550948738714,1.1872640605936275
qiskit_optimization_41_114,autocoderover_deepseek-v4-flash,0,qiskit-community/qiskit-optimization,medium,211,11,2.36081339810875,large,0,14,1.3134534384128749,0.32544362076902933
qiskit_optimization_425_436,autocoderover_deepseek-v4-flash,0,qiskit-community/qiskit-optimization,medium,239,4,1.0188954922962765,large,0,4,0.5668689396680037,-1.5280392151867321
qiskit_optimization_433_467,autocoderover_deepseek-v4-flash,0,qiskit-community/qiskit-optimization,strong,111,2,-0.5048193744401559,medium,1,13,-0.2808594460142569,0.2090448653360304
qiskit_optimization_473_487,autocoderover_deepseek-v4-flash,0,qiskit-community/qiskit-optimization,strong,1480,9,3.7838110996396512,large,1,19,2.1051471933816797,0.8107957226902569
qiskit_optimization_628_646,autocoderover_deepseek-v4-flash,0,qiskit-community/qiskit-optimization,medium,20,1,-2.66313103487332,small,0,11,-1.4816497642298072,-0.05102471713434138
qiskit_optimization_80_122,autocoderover_deepseek-v4-flash,1,qiskit-community/qiskit-optimization,medium,1060,17,4.462677722082305,large,0,8,2.482838924623695,-0.536376819055569
qiskit_optimization_8_18,autocoderover_deepseek-v4-flash,0,qiskit-community/qiskit-optimization,strong,548,5,2.055740579806363,large,1,6,1.1437242499532634,-0.9603726036024639
tangelo_384_398,autocoderover_deepseek-v4-flash,1,sandbox-quantum/Tangelo,medium,28,2,-1.7041452573924138,small,0,5,-0.9481119726235778,-1.220442186072836
tangelo_387_390,autocoderover_deepseek-v4-flash,1,sandbox-quantum/Tangelo,medium,11,1,-3.159845206216262,small,0,4,-1.7579998293308592,-1.5280392151867321
tequila_400_411,autocoderover_deepseek-v4-flash,0,tequilahub/tequila,strong,32,1,-2.2619496868137166,small,1,16,-1.2584499884838185,0.5366079592280277
tequila_403_407,autocoderover_deepseek-v4-flash,0,tequilahub/tequila,strong,90,4,0.1581206717879453,medium,1,7,0.08797143400253778,-0.7350900841516085
tequila_406_409,autocoderover_deepseek-v4-flash,0,tequilahub/tequila,strong,36,1,-2.160399223078648,small,1,7,-1.2019517468726433,-0.7350900841516085
qiskit_addon_sqd_148_230,autocoderover_deepseek-v4-flash,1,Qiskit/qiskit-addon-sqd,strong,139,2,-0.3067574780978939,medium,1,4,-0.17066645957249876,-1.5280392151867321
qiskit_addon_sqd_265_343,autocoderover_deepseek-v4-flash,1,Qiskit/qiskit-addon-sqd,medium,21,1,-2.621839935667211,small,0,6,-1.458677200505983,-0.9603726036024639
openqaoa_36_71,autocoderover_deepseek-v4-flash,0,entropicalabs/openqaoa,medium,311,1,-0.2679633884977829,medium,0,7,-0.1490831229071857,-0.7350900841516085
squlearn_274_279,autocoderover_deepseek-v4-flash,0,sQUlearn/squlearn,medium,276,14,2.968284347944471,large,0,11,1.6514237364622038,-0.05102471713434138
squlearn_112_154,autocoderover_deepseek-v4-flash,0,sQUlearn/squlearn,medium,287,11,2.632750703790038,large,0,11,1.464747475233386,-0.05102471713434138
openqaoa_112_85,autocoderover_deepseek-v4-flash,0,entropicalabs/openqaoa,strong,211,4,0.9087865391262202,large,1,9,0.5056091284278987,-0.35862174624823706
openqaoa_232_241,autocoderover_deepseek-v4-flash,1,entropicalabs/openqaoa,strong,34,1,-2.209722943322219,small,1,11,-1.2293933100225016,-0.05102471713434138
squlearn_266_301,autocoderover_deepseek-v4-flash,0,sQUlearn/squlearn,medium,2159,35,6.243301968112026,large,0,36,3.473500465405638,1.8486832784198364
squlearn_62_99,autocoderover_deepseek-v4-flash,0,sQUlearn/squlearn,medium,186,5,1.0998059549598023,large,0,11,0.6118839863778026,-0.05102471713434138
squlearn_275_339,autocoderover_deepseek-v4-flash,0,sQUlearn/squlearn,medium,230,16,3.0146885601268836,large,0,30,1.6772410128706896,1.5501812189499562
