id,sample_id,repository,issue_url,pr_url,issue_title,pr_title,merged_at,link_types,linked_issue_references,matched_changed_files,matched_test_files,test_files,changed_files,issue_label,keep,benchmark_status,benchmark_notes
1,pennylane_6004_6019,PennyLaneAI/pennylane,https://github.com/PennyLaneAI/pennylane/issues/6004,https://github.com/PennyLaneAI/pennylane/pull/6019,[BUG] `BasisRotation` is not JAX compatible,[Bugfix] `qml.BasisRotation` is not jax compatible,2024-11-04T18:22:17Z,linked:graphql,,pennylane/qchem/givens_decomposition.py,tests/qchem/test_givens_rotations.py,tests/qchem/test_givens_rotations.py; tests/templates/test_subroutines/test_basis_rotation.py,doc/releases/changelog-dev.md; pennylane/qchem/givens_decomposition.py; pennylane/templates/subroutines/basis_rotation.py; tests/qchem/test_givens_rotations.py; tests/templates/test_subroutines/test_basis_rotation.py,bugfix,,,
2,pennylane_5759_5773,PennyLaneAI/pennylane,https://github.com/PennyLaneAI/pennylane/issues/5759,https://github.com/PennyLaneAI/pennylane/pull/5773,Add function to convert PennyLane objects to OpenFermion objects,Implement `of.QubitOperator` <-> `qml.ops.LinearCombination`.,2024-06-19T18:12:32Z,linked:graphql; linked:pr_text,#5759; Closes #5759,pennylane/fermi/fermionic.py; pennylane/qchem/__init__.py; pennylane/qchem/convert.py; pennylane/qchem/convert_openfermion.py,tests/qchem/openfermion_pyscf_tests/test_convert_openfermion.py,tests/fermi/test_fermionic.py; tests/qchem/openfermion_pyscf_tests/test_convert_openfermion.py,doc/releases/changelog-dev.md; pennylane/__init__.py; pennylane/fermi/fermionic.py; pennylane/qchem/__init__.py; pennylane/qchem/convert.py; pennylane/qchem/convert_openfermion.py; tests/fermi/test_fermionic.py; tests/qchem/openfermion_pyscf_tests/test_convert_openfermion.py,feature,yes,completed,"Built benchmark sample. Core PR is qchem/fermi OpenFermion conversion, not incidental app-dir edit. Validated on linux/amd64 python:3.9-slim-trixie (Debian 13, glibc 2.41). fail-pass: 19 PR qchem conversion selectors; base fails at missing _from_openfermion_qubit import, patched passes. pass-pass: 5 adjacent legacy OpenFermion conversion selectors pass on both."
3,pennylane_5755_5846,PennyLaneAI/pennylane,https://github.com/PennyLaneAI/pennylane/issues/5755,https://github.com/PennyLaneAI/pennylane/pull/5846,[BUG] QAOA layers incorrectly forbid `Sum` observables,qaoa layers can be used with sum ops,2024-06-13T15:37:15Z,linked:graphql; linked:pr_text,#5755; Fixes #5755,pennylane/qaoa/layers.py,tests/test_qaoa.py,tests/test_qaoa.py,doc/releases/changelog-dev.md; pennylane/qaoa/layers.py; tests/test_qaoa.py,bugfix,,,
4,pennylane_5723_5800,PennyLaneAI/pennylane,https://github.com/PennyLaneAI/pennylane/issues/5723,https://github.com/PennyLaneAI/pennylane/pull/5800,[BUG] `KerasLayer` has unintended side effects on its QNode,`KerasLayer` and `TorchLayer` do not update `QNode` interface,2024-06-06T15:54:57Z,linked:graphql; linked:pr_text,#5723,pennylane/qnn/keras.py; pennylane/qnn/torch.py,tests/qnn/test_keras.py; tests/qnn/test_qnn_torch.py,tests/qnn/test_keras.py; tests/qnn/test_qnn_torch.py,doc/releases/changelog-dev.md; pennylane/qnn/keras.py; pennylane/qnn/torch.py; tests/qnn/test_keras.py; tests/qnn/test_qnn_torch.py,bugfix,,,
5,pennylane_5319_5492,PennyLaneAI/pennylane,https://github.com/PennyLaneAI/pennylane/issues/5319,https://github.com/PennyLaneAI/pennylane/pull/5492,[BUG] Shot-Batching does not work with TorchLayers,BugFix: TorchLayer now supports shot batching,2024-04-22T19:06:37Z,linked:graphql,,pennylane/qnn/torch.py,tests/qnn/conftest.py; tests/qnn/test_qnn_torch.py,tests/gradients/finite_diff/test_finite_difference_shot_vec.py; tests/gradients/finite_diff/test_spsa_gradient_shot_vec.py; tests/qnn/conftest.py; tests/qnn/test_qnn_torch.py; tests/test_return_types_qnode.py,doc/releases/changelog-dev.md; pennylane/qnn/torch.py; pennylane/workflow/qnode.py; tests/gradients/finite_diff/test_finite_difference_shot_vec.py; tests/gradients/finite_diff/test_spsa_gradient_shot_vec.py; tests/qnn/conftest.py; tests/qnn/test_qnn_torch.py; tests/test_return_types_qnode.py,bugfix,,,
6,pennylane_3982_3977,PennyLaneAI/pennylane,https://github.com/PennyLaneAI/pennylane/issues/3982,https://github.com/PennyLaneAI/pennylane/pull/3977,Limit peak memory requirement in tapering workflow,Make `tapering` workflow memory efficient for larger observables ,2023-04-21T02:46:00Z,linked:graphql,,pennylane/qchem/tapering.py,tests/qchem/test_tapering.py,tests/qchem/test_tapering.py,doc/releases/changelog-dev.md; pennylane/qchem/tapering.py; tests/qchem/test_tapering.py,feature,yes,completed,"completed qchem tapering memory-efficiency sample; PR core change is pennylane/qchem/tapering.py, not incidental; 3 fail-pass selectors and 6 adjacent qchem tapering pass-pass selectors stable 3/3; base fail-pass uses patched test file and fails on missing _split_pauli_sentence in old qchem tapering; environment pinned to python:3.9-slim-trixie, Debian 13/glibc 2.41; no validation command exceeded 120s"
7,pennylane_3622_3624,PennyLaneAI/pennylane,https://github.com/PennyLaneAI/pennylane/issues/3622,https://github.com/PennyLaneAI/pennylane/pull/3624,[BUG] qml.chem.molecular_hamiltonian sets random number generator seed,Use local random number generation where easily possible to switch,2023-01-11T15:54:58Z,linked:graphql; linked:pr_text,#3622; Fixes #3622,pennylane/qchem/hartree_fock.py,tests/qchem/test_hartree_fock.py,tests/math/test_is_independent.py; tests/qchem/test_hartree_fock.py; tests/templates/test_layers/test_random.py,doc/releases/changelog-dev.md; pennylane/math/is_independent.py; pennylane/qchem/hartree_fock.py; pennylane/templates/layers/random.py; pennylane/wires.py; tests/math/test_is_independent.py; tests/qchem/test_hartree_fock.py; tests/templates/test_layers/test_random.py,bugfix,,,
8,pennylane_2492_3742,PennyLaneAI/pennylane,https://github.com/PennyLaneAI/pennylane/issues/2492,https://github.com/PennyLaneAI/pennylane/pull/3742,Make kernel matrix functions compatible with all frameworks and JITting ,Support autodiff and batching in kernel matrix functions,2023-02-09T19:22:45Z,linked:graphql; linked:pr_text,#2492,pennylane/kernels/utils.py,tests/kernels/test_kernels.py,tests/kernels/test_kernels.py; tests/tests_passing_pylint.txt,doc/releases/changelog-dev.md; pennylane/kernels/utils.py; tests/kernels/test_kernels.py; tests/tests_passing_pylint.txt,feature,yes,completed,"completed kernels matrix batching sample; PR core change is pennylane/kernels/utils.py, not incidental; 4 fail-pass selectors cover batched kernel outputs and single-datapoint batched square matrices; 4 adjacent polarity/target-alignment pass-pass selectors stable 3/3; autograd selector was excluded from fail-pass because base already passed in this lightweight environment; torch/tf/jax tests intentionally excluded to avoid optional heavy framework dependencies; repo cloned with full objects and run.sh skips fetch when commits exist to avoid runtime network blob fetches; environment pinned to python:3.9-slim-trixie, Debian 13/glibc 2.41; no validation command exceeded 120s"
9,pennylane_2440_2441,PennyLaneAI/pennylane,https://github.com/PennyLaneAI/pennylane/issues/2440,https://github.com/PennyLaneAI/pennylane/pull/2441,[BUG] `qml.hf.transform_hf()` fails for some molecules ,Fix faliure of `qml.hf.transform_hf()` for some molecules,2022-04-13T19:51:30Z,linked:graphql; linked:pr_text,#2440,pennylane/hf/tapering.py,,tests/hf/test_tapering_hf.py,doc/releases/changelog-dev.md; pennylane/hf/tapering.py; tests/hf/test_tapering_hf.py,bugfix,,,
10,pennylane_1399_1568,PennyLaneAI/pennylane,https://github.com/PennyLaneAI/pennylane/issues/1399,https://github.com/PennyLaneAI/pennylane/pull/1568,More informative QNode `diff_method`,[Code Together] Update diff_method attribute,2021-09-02T19:54:11Z,linked:graphql; linked:pr_text,#1399; Closes #1399,pennylane/qnn/keras.py,,tests/tape/test_qnode.py,.github/CHANGELOG.md; pennylane/qnn/keras.py; pennylane/qnode.py; tests/tape/test_qnode.py,feature,no,,
11,pennylane_1101_1228,PennyLaneAI/pennylane,https://github.com/PennyLaneAI/pennylane/issues/1101,https://github.com/PennyLaneAI/pennylane/pull/1228,"Tensorflow is always imported on initial import, even if never used",Use lazy-importing of qnn module and remove Python 3.6,2021-05-06T04:41:46Z,linked:graphql,#1170,pennylane/qnn/__init__.py; pennylane/qnn/keras.py,tests/qnn/test_keras.py,tests/qnn/test_keras.py,.github/CHANGELOG.md; .github/workflows/tests.yml; .readthedocs.yml; README.md; doc/_templates/autosummary/class_no_inherited.rst; doc/code/qml_qnn.rst; doc/development/guide/installation.rst; pennylane/qnn/__init__.py; pennylane/qnn/keras.py; qchem/setup.py; setup.py; tests/qnn/test_keras.py,refactor,,,
12,pennylane_936_1070,PennyLaneAI/pennylane,https://github.com/PennyLaneAI/pennylane/issues/936,https://github.com/PennyLaneAI/pennylane/pull/1070,Support non-flat output shapes in KerasLayer,Added support for output_dim to be a tuple,2021-03-02T13:11:27Z,linked:graphql; linked:pr_text,#878; #936; Issue #936,pennylane/qnn/keras.py,tests/qnn/conftest.py; tests/qnn/test_keras.py,tests/qnn/conftest.py; tests/qnn/test_keras.py,.github/CHANGELOG.md; pennylane/qnn/keras.py; tests/qnn/conftest.py; tests/qnn/test_keras.py,feature,yes,skipped,Skipped during Docker build: target behavior is TensorFlow/Keras-only; historical TF 2.4.x on Python 3.8 and newer tensorflow/tensorflow-cpu wheels all fail at import with Illegal instruction under linux/amd64 Docker on this host. python:3.8-slim-trixie is unavailable; using Python 3.8 bookworm did not fix the TF runtime issue.
13,pennylane_991_1062,PennyLaneAI/pennylane,https://github.com/PennyLaneAI/pennylane/issues/991,https://github.com/PennyLaneAI/pennylane/pull/1062,Support broadcasting in KerasLayer and TorchLayer,Add support for broadcasting over multi-dimensional inputs in KerasLayer and TorchLayer,2021-02-09T00:38:35Z,linked:graphql; linked:pr_text,#991,pennylane/qnn/keras.py; pennylane/qnn/torch.py,tests/qnn/test_keras.py; tests/qnn/test_qnn_torch.py,tests/qnn/test_keras.py; tests/qnn/test_qnn_torch.py,.github/CHANGELOG.md; pennylane/qnn/keras.py; pennylane/qnn/torch.py; tests/qnn/test_keras.py; tests/qnn/test_qnn_torch.py,feature,yes,completed,Completed as TorchLayer/qnn sample. KerasLayer tests intentionally excluded because TensorFlow wheels fail at import with Illegal instruction under this linux/amd64 Docker host; TorchLayer fail-pass directly covers the same multidimensional qnn broadcasting feature in pennylane/qnn/torch.py. Used python:3.9-slim-trixie to preserve Debian trixie/glibc 2.41 consistency; historical torch 1.7 was replaced with torch 2.2.2+cpu for available stable CPU wheels.
14,pennylane_709_899,PennyLaneAI/pennylane,https://github.com/PennyLaneAI/pennylane/issues/709,https://github.com/PennyLaneAI/pennylane/pull/899,Torchlayer error when running on GPU,Fixes #709,2020-11-16T19:28:32Z,linked:graphql; linked:pr_text,#709; Fixes #709,pennylane/qnn/torch.py,tests/qnn/test_qnn_torch.py,tests/qnn/test_qnn_torch.py,.github/CHANGELOG.md; pennylane/interfaces/torch.py; pennylane/qnn/torch.py; pennylane/tape/interfaces/torch.py; tests/qnn/test_qnn_torch.py,bugfix,,,
15,pennylane_166_588,PennyLaneAI/pennylane,https://github.com/PennyLaneAI/pennylane/issues/166,https://github.com/PennyLaneAI/pennylane/pull/588,Add PyTorch/TensorFlow/Keras custom nn modules for various QML templates,Add Torch layers support,2020-05-19T13:13:25Z,linked:graphql,,pennylane/qnn/__init__.py; pennylane/qnn/keras.py; pennylane/qnn/torch.py,tests/qnn/conftest.py; tests/qnn/test_keras.py; tests/qnn/test_qnn_torch.py,tests/collections/conftest.py; tests/collections/test_collections.py; tests/collections/test_qnode_collection.py; tests/qnn/conftest.py; tests/qnn/test_keras.py; tests/qnn/test_qnn_torch.py,.github/CHANGELOG.md; .travis.yml; pennylane/qnn/__init__.py; pennylane/qnn/keras.py; pennylane/qnn/torch.py; tests/collections/conftest.py; tests/collections/test_collections.py; tests/collections/test_qnode_collection.py; tests/qnn/conftest.py; tests/qnn/test_keras.py; tests/qnn/test_qnn_torch.py,feature,yes,completed,"Completed as qnn TorchLayer sample. Base fail-pass fails at collection because pennylane.qnn.torch does not exist, which is the targeted public module/class addition. No pass-pass selectors configured: adjacent qnn tests available in both commits are Keras/TensorFlow-only and TensorFlow wheels are not stable on this linux/amd64 Docker host. Used python:3.9-slim-trixie for Debian trixie/glibc 2.41 consistency and torch==2.2.2+cpu instead of historical torch 1.5.0+cpu for available stable CPU wheels. Evaluation injects patched tests/qnn/conftest.py with fail-pass tests because tests/qnn/test_qnn_torch.py depends on the PR-added qnn fixtures."
16,pennylane_8077_9374,PennyLaneAI/pennylane,https://github.com/PennyLaneAI/pennylane/issues/8077,https://github.com/PennyLaneAI/pennylane/pull/9374,Remove arbitrary magic numbers,Remove arbitrary magic numbers,2026-05-13T16:46:54Z,linked:pr_text,#8077,pennylane/qchem/openfermion_pyscf.py; pennylane/qchem/tapering.py; pennylane/qchem/vibrational/pes_generator.py,,tests/devices/qutrit_mixed/test_qutrit_mixed_apply_operation.py; tests/ops/qutrit/test_qutrit_channel_ops.py,doc/releases/changelog-dev.md; pennylane/devices/default_gaussian.py; pennylane/devices/default_qutrit.py; pennylane/devices/qubit/sampling.py; pennylane/fourier/reconstruct.py; pennylane/gradients/general_shift_rules.py; pennylane/liealg/lie_closure.py; pennylane/math/__init__.py; pennylane/ops/channel.py; pennylane/ops/op_math/decompositions/unitary_decompositions.py; pennylane/ops/qubit/state_preparation.py; pennylane/ops/qutrit/channel.py; pennylane/pauli/conversion.py; pennylane/qchem/openfermion_pyscf.py; pennylane/qchem/tapering.py; pennylane/qchem/vibrational/pes_generator.py; pennylane/templates/state_preparations/qrom_state_prep.py; tests/devices/qutrit_mixed/test_qutrit_mixed_apply_operation.py; tests/ops/qutrit/test_qutrit_channel_ops.py,refactor,,,
17,pennylane_4964_9182,PennyLaneAI/pennylane,https://github.com/PennyLaneAI/pennylane/issues/4964,https://github.com/PennyLaneAI/pennylane/pull/9182,StatePrep sometimes fails for TorchLayers,Bump black from 25.9.0 to 26.3.1,2026-04-02T19:18:11Z,linked:pr_text,#5038; #5039; #4964; #4993; #4888; #4884; #4929; #4918; #4930; #4996; #5046; #5044; #5041; #5036; #5035; #5025; #5026; #5032,pennylane/fermi/__init__.py; pennylane/fermi/conversion.py; pennylane/fermi/fermionic.py; pennylane/kernels/cost_functions.py; pennylane/kernels/postprocessing.py; pennylane/kernels/utils.py; pennylane/qaoa/cost.py; pennylane/qaoa/cycle.py; pennylane/qaoa/mixers.py; pennylane/qchem/__init__.py; pennylane/qchem/basis_set.py; pennylane/qchem/convert.py; pennylane/qchem/dipole.py; pennylane/qchem/factorization.py; pennylane/qchem/hamiltonian.py; pennylane/qchem/integrals.py; pennylane/qchem/molecule.py; pennylane/qchem/number.py; pennylane/qchem/openfermion_pyscf.py; pennylane/qchem/spin.py; pennylane/qchem/structure.py; pennylane/qchem/tapering.py; pennylane/qchem/vibrational/christiansen_ham.py; pennylane/qchem/vibrational/christiansen_utils.py; pennylane/qchem/vibrational/taylor_ham.py; pennylane/qnn/iqp.py; pennylane/qnn/torch.py; pennylane/templates/subroutines/qchem/basis_rotation.py; pennylane/templates/subroutines/qchem/fermionic_double_excitation.py; pennylane/templates/subroutines/qchem/kupccgsd.py; pennylane/templates/subroutines/qchem/uccsd.py,tests/kernels/test_kernels.py; tests/qchem/openfermion_pyscf_tests/conftest.py; tests/qchem/openfermion_pyscf_tests/test_convert.py; tests/qchem/openfermion_pyscf_tests/test_convert_openfermion.py; tests/qchem/openfermion_pyscf_tests/test_decompose.py; tests/qchem/openfermion_pyscf_tests/test_dipole_of.py; tests/qchem/openfermion_pyscf_tests/test_meanfield.py; tests/qchem/openfermion_pyscf_tests/test_molecular_dipole.py; tests/qchem/openfermion_pyscf_tests/test_molecular_hamiltonian.py; tests/qchem/openfermion_pyscf_tests/test_observable_of.py; tests/qchem/openfermion_pyscf_tests/test_one_particle.py; tests/qchem/openfermion_pyscf_tests/test_two_particle.py; tests/qchem/test_basis_set.py; tests/qchem/test_dipole.py; tests/qchem/test_factorization.py; tests/qchem/test_hamiltonians.py; tests/qchem/test_hartree_fock.py; tests/qchem/test_integrals.py; tests/qchem/test_matrices.py; tests/qchem/test_molecule.py; tests/qchem/test_observable_hf.py; tests/qchem/test_particle_number.py; tests/qchem/test_spin.py; tests/qchem/test_structure.py; tests/qchem/test_tapering.py; tests/qchem/vibrational/conftest.py; tests/qchem/vibrational/test_christiansen_ham.py; tests/qchem/vibrational/test_pes_generator.py; tests/qchem/vibrational/test_ref_files/cform_ops_data.py; tests/qchem/vibrational/test_taylor_ham.py; tests/qchem/vibrational/test_vibrational_class.py; tests/qchem/vibrational/test_vscf.py; tests/qnn/conftest.py; tests/qnn/test_iqp_expval.py; tests/qnn/test_qnn_torch.py; tests/test_qaoa.py,pennylane/devices/tests/__init__.py; pennylane/devices/tests/conftest.py; pennylane/devices/tests/test_compare_default_qubit.py; pennylane/devices/tests/test_gates.py; pennylane/devices/tests/test_gates_with_expval.py; pennylane/devices/tests/test_gradients_autograd.py; pennylane/devices/tests/test_gradients_jax.py; pennylane/devices/tests/test_gradients_torch.py; pennylane/devices/tests/test_measurements.py; pennylane/devices/tests/test_properties.py; pennylane/devices/tests/test_return_system.py; pennylane/devices/tests/test_templates.py; pennylane/devices/tests/test_tracker.py; pennylane/devices/tests/test_wires.py; pennylane/labs/tests/conftest.py; pennylane/labs/tests/dla/test_dense_utils.py; pennylane/labs/tests/dla/test_variational_kak.py; pennylane/labs/tests/estimator_beta/test_estimate.py; pennylane/labs/tests/phox/test_iqp_expval.py; pennylane/labs/tests/phox/test_training.py; pennylane/labs/tests/phox/test_utils.py; pennylane/labs/tests/trotter_error/realspace/test_matrix_trotter.py; tests/bose/test_binary_mapping.py; tests/bose/test_bosonic.py; tests/bose/test_christiansen_mapping.py; tests/bose/test_unary_mapping.py; tests/capture/autograph/conftest.py; tests/capture/autograph/test_autograph_array_update.py; tests/capture/gradients/test_capture_diff.py; tests/capture/gradients/test_capture_jvp.py; tests/capture/gradients/test_capture_value_and_grad.py; tests/capture/gradients/test_capture_vjp.py; tests/capture/test_base_interpreter.py; tests/capture/test_capture_module.py; tests/capture/test_capture_transforms.py; tests/capture/test_custom_primitives.py; tests/capture/test_dynamic_shapes.py; tests/capture/test_measurements_capture.py; tests/capture/test_meta_type.py; tests/capture/test_nested_plxpr.py; tests/capture/test_operators.py; tests/capture/test_switches.py; tests/capture/test_templates.py; tests/capture/transforms/test_capture_decompose.py; tests/capture/transforms/test_capture_defer_measurements.py; tests/capture/transforms/test_capture_merge_amplitude_embedding.py; tests/capture/transforms/test_mcm_execution.py; tests/circuit_graph/test_circuit_graph.py; tests/conftest.py; tests/control_flow/test_for_loop.py; tests/data/attributes/test_list.py; tests/data/attributes/test_molecule_.py; tests/data/attributes/test_sparse_array.py; tests/data/attributes/test_tuple.py; tests/data/data_manager/test_dataset_access.py; tests/data/data_manager/test_params.py; tests/data/data_manager/test_progress.py; tests/debugging/test_PLDB.py; tests/decomposition/test_decomposition_rule.py; tests/decomposition/test_reconstructor.py; tests/default_qubit_legacy.py; tests/device_shots_to_analytic.py; tests/devices/default_qubit/test_default_qubit.py; tests/devices/default_qubit/test_default_qubit_native_mcm.py; tests/devices/default_qubit/test_default_qubit_tracking.py; tests/devices/default_tensor/test_default_tensor.py; tests/devices/default_tensor/test_scalability.py; tests/devices/default_tensor/test_tensor_var.py; tests/devices/modifiers/test_all_modifiers.py; tests/devices/modifiers/test_simulator_tracking.py; tests/devices/modifiers/test_single_tape_support.py; tests/devices/qubit/test_adjoint_jacobian.py; tests/devices/qubit/test_dq_interpreter.py; tests/devices/qubit/test_jaxpr_adjoint_jvp.py; tests/devices/qubit_mixed/conftest.py; tests/devices/qubit_mixed/test_qubit_mixed_measure.py; tests/devices/qubit_mixed/test_qubit_mixed_simulate.py; tests/devices/qutrit_mixed/conftest.py; tests/devices/qutrit_mixed/test_qutrit_mixed_preprocessing.py; tests/devices/qutrit_mixed/test_qutrit_mixed_simulate.py; tests/devices/qutrit_mixed/test_qutrit_mixed_tracking.py; tests/devices/test_capabilities.py; tests/devices/test_default_gaussian.py; tests/devices/test_default_mixed.py; tests/devices/test_default_qutrit.py; tests/devices/test_device_api.py; tests/devices/test_legacy_device.py; tests/devices/test_legacy_facade.py; tests/devices/test_lightning_qubit.py; tests/devices/test_qubit_device.py; tests/devices/test_qutrit_device.py; tests/devices/test_tracker.py; tests/docs/test_supported_confs.py; tests/drawer/test_draw_catalyst.py; tests/drawer/test_label.py; tests/drawer/test_mpldrawer.py; tests/drawer/test_tape_mpl.py; tests/drawer/test_tape_text.py; tests/estimator/ops/test_estimator_controlled.py; tests/estimator/ops/test_estimator_identity.py; tests/estimator/ops/test_estimator_matrix_ops.py; tests/estimator/ops/test_estimator_non_parameteric.py; tests/estimator/ops/test_estimator_parametric_single_qubit.py; tests/estimator/ops/test_estimator_qchem.py; tests/estimator/ops/test_estimator_symbolics.py; tests/estimator/templates/test_estimator_comparators.py; tests/estimator/templates/test_estimator_qsp.py; tests/estimator/templates/test_estimator_qubitize.py; tests/estimator/templates/test_estimator_select.py; tests/estimator/templates/test_estimator_stateprep.py; tests/estimator/templates/test_estimator_subroutines.py; tests/estimator/templates/test_estimator_trotter.py; tests/estimator/test_compact_hamiltonian.py; tests/estimator/test_config_class.py; tests/estimator/test_estimator_first_quantization.py; tests/estimator/test_estimator_mapping.py; tests/estimator/test_estimator_measurement.py; tests/estimator/test_estimator_resOp.py; tests/estimator/test_estimator_second_quantization.py; tests/estimator/test_wires_manager.py; tests/fermi/test_fermi_mapping.py; tests/fermi/test_fermionic.py; tests/fourier/test_coefficients.py; tests/fourier/test_fourier_utils.py; tests/fourier/test_mark.py; tests/fourier/test_reconstruct.py; tests/fourier/test_visualize.py; tests/ftqc/test_cond_measure.py; tests/ftqc/test_operations.py; tests/ftqc/test_primitives.py; tests/gpu/test_gpu_torch.py; tests/gradients/core/test_adjoint_diff.py; tests/gradients/core/test_fisher.py; tests/gradients/core/test_general_shift_rules.py; tests/gradients/core/test_gradient_transform.py; tests/gradients/core/test_hadamard_gradient.py; tests/gradients/core/test_jvp.py; tests/gradients/core/test_metric_tensor.py; tests/gradients/core/test_pulse_odegen.py; tests/gradients/core/test_vjp.py; tests/gradients/finite_diff/test_finite_diff_jvp.py; tests/gradients/finite_diff/test_finite_difference.py; tests/gradients/finite_diff/test_finite_difference_shot_vec.py; tests/gradients/finite_diff/test_spsa_gradient.py; tests/gradients/parameter_shift/test_cv_gradients.py; tests/gradients/parameter_shift/test_parameter_shift_cv.py; tests/gradients/parameter_shift/test_parameter_shift_shot_vec.py; tests/helpers/mcm_utils.py; tests/helpers/stat_utils.py; tests/io/qasm_interpreter/test_interpreter.py; tests/io/test_io.py; tests/io/test_qasm.py; tests/io/test_qualtran_io.py; tests/kernels/test_kernels.py; tests/liealg/test_cartan_decomp.py; tests/liealg/test_horizontal_cartan_subalgebra.py; tests/liealg/test_involutions.py; tests/liealg/test_lie_closure.py; tests/liealg/test_structure_constants.py; tests/logging/test_logging_autograd.py; tests/math/test_basic_math.py; tests/math/test_binary_linalg.py; tests/math/test_catalyst_math.py; tests/math/test_choi.py; tests/math/test_decomposition_math.py; tests/math/test_density_matrices.py; tests/math/test_entropies_math.py; tests/math/test_functions.py; tests/math/test_init.py; tests/math/test_is_abstract.py; tests/math/test_is_independent.py; tests/math/test_matrix_manipulation.py; tests/math/test_multi_dispatch.py; tests/measurements/test_counts.py; tests/measurements/test_expval.py; tests/measurements/test_measurements_legacy.py; tests/measurements/test_mutual_info.py; tests/measurements/test_null_measurement.py; tests/measurements/test_sample.py; tests/measurements/test_vn_entropy.py; tests/noise/test_insert_ops.py; tests/noise/test_mitigate.py; tests/numpy/test_numpy_random.py; tests/ops/functions/test_assert_valid.py; tests/ops/functions/test_commutator.py; tests/ops/functions/test_dot.py; tests/ops/functions/test_eigvals.py; tests/ops/functions/test_evolve.py; tests/ops/functions/test_generator.py; tests/ops/functions/test_is_commuting.py; tests/ops/functions/test_is_unitary.py; tests/ops/functions/test_iterative_qpe.py; tests/ops/functions/test_matrix.py; tests/ops/op_math/decompositions/test_normal_forms.py; tests/ops/op_math/test_change_op_basis.py; tests/ops/op_math/test_controlled.py; tests/ops/op_math/test_decompositions.py; tests/ops/op_math/test_evolution.py; tests/ops/op_math/test_pow_op.py; tests/ops/op_math/test_prod.py; tests/ops/op_math/test_sum.py; tests/ops/qubit/test_all_qubit_ops.py; tests/ops/qubit/test_arithmetic_ops.py; tests/ops/qubit/test_attributes.py; tests/ops/qubit/test_matrix_ops.py; tests/ops/qubit/test_non_parametric_ops.py; tests/ops/qubit/test_observables.py; tests/ops/qubit/test_parametric_ops.py; tests/ops/qubit/test_qchem_ops.py; tests/ops/qubit/test_sparse.py; tests/ops/qubit/test_special_unitary.py; tests/ops/qubit/test_state_prep.py; tests/ops/qutrit/test_qutrit_channel_ops.py; tests/ops/qutrit/test_qutrit_matrix_ops.py; tests/ops/qutrit/test_qutrit_non_parametric_ops.py; tests/ops/qutrit/test_qutrit_observables.py; tests/ops/qutrit/test_qutrit_parametric_ops.py; tests/ops/qutrit/test_qutrit_state_prep.py; tests/ops/test_channel_ops.py; tests/ops/test_cv_ops.py; tests/ops/test_identity.py; tests/optimize/test_adagrad.py; tests/optimize/test_adam.py; tests/optimize/test_adaptive.py; tests/optimize/test_gradient_descent.py; tests/optimize/test_momentum.py; tests/optimize/test_momentum_qng.py; tests/optimize/test_nesterov_momentum.py; tests/optimize/test_optimize.py; tests/optimize/test_optimize_shot_adaptive.py; tests/optimize/test_qng.py; tests/optimize/test_qng_qjit.py; tests/optimize/test_qnspsa.py; tests/optimize/test_riemannian_gradient_optimizer.py; tests/optimize/test_rmsprop.py; tests/optimize/test_rotoselect.py; tests/optimize/test_rotosolve.py; tests/optimize/test_spsa.py; tests/pauli/grouping/test_pauli_graph_colouring.py; tests/pauli/grouping/test_pauli_group_observables.py; tests/pauli/grouping/test_pauli_optimize_measurements.py; tests/pauli/test_conversion.py; tests/pauli/test_measurement_transformations.py; tests/pauli/test_pauli_arithmetic.py; tests/pauli/test_pauli_interface.py; tests/pauli/test_pauli_utils.py; tests/pauli/test_pauli_vspace.py; tests/pauli/test_trace_inner_product.py; tests/pulse/test_convenience_functions.py; tests/pulse/test_hardware_hamiltonian.py; tests/pulse/test_parametrized_evolution.py; tests/pulse/test_parametrized_hamiltonian.py; tests/pulse/test_parametrized_hamiltonian_pytree.py; tests/pulse/test_pwc_functions.py; tests/pulse/test_rydberg.py; tests/pulse/test_transmon.py; tests/pytrees/test_pytrees.py; tests/qchem/openfermion_pyscf_tests/conftest.py; tests/qchem/openfermion_pyscf_tests/test_convert.py; tests/qchem/openfermion_pyscf_tests/test_convert_openfermion.py; tests/qchem/openfermion_pyscf_tests/test_decompose.py; tests/qchem/openfermion_pyscf_tests/test_dipole_of.py; tests/qchem/openfermion_pyscf_tests/test_meanfield.py; tests/qchem/openfermion_pyscf_tests/test_molecular_dipole.py; tests/qchem/openfermion_pyscf_tests/test_molecular_hamiltonian.py; tests/qchem/openfermion_pyscf_tests/test_observable_of.py; tests/qchem/openfermion_pyscf_tests/test_one_particle.py; tests/qchem/openfermion_pyscf_tests/test_two_particle.py; tests/qchem/test_basis_set.py; tests/qchem/test_dipole.py; tests/qchem/test_factorization.py; tests/qchem/test_hamiltonians.py; tests/qchem/test_hartree_fock.py; tests/qchem/test_integrals.py; tests/qchem/test_matrices.py; tests/qchem/test_molecule.py; tests/qchem/test_observable_hf.py; tests/qchem/test_particle_number.py; tests/qchem/test_spin.py; tests/qchem/test_structure.py; tests/qchem/test_tapering.py; tests/qchem/vibrational/conftest.py; tests/qchem/vibrational/test_christiansen_ham.py; tests/qchem/vibrational/test_pes_generator.py; tests/qchem/vibrational/test_ref_files/cform_ops_data.py; tests/qchem/vibrational/test_taylor_ham.py; tests/qchem/vibrational/test_vibrational_class.py; tests/qchem/vibrational/test_vscf.py; tests/qnn/conftest.py; tests/qnn/test_iqp_expval.py; tests/qnn/test_qnn_torch.py; tests/resource/test_resource.py; tests/resource/test_specs.py; tests/shadow/test_shadow_class.py; tests/shadow/test_shadow_entropies.py; tests/spin/test_lattice.py; tests/tape/test_operation_recorder.py; tests/tape/test_plxpr_conversion.py; tests/tape/test_qscript.py; tests/templates/embeddings/test_amplitude.py; tests/templates/embeddings/test_angle.py; tests/templates/embeddings/test_basis.py; tests/templates/embeddings/test_displacement_emb.py; tests/templates/embeddings/test_iqp_emb.py; tests/templates/embeddings/test_qaoa_emb.py; tests/templates/embeddings/test_squeezing_emb.py; tests/templates/layers/test_basic_entangler.py; tests/templates/layers/test_cv_neural_net.py; tests/templates/layers/test_gate_fabric.py; tests/templates/layers/test_particle_conserving_u1.py; tests/templates/layers/test_particle_conserving_u2.py; tests/templates/layers/test_random.py; tests/templates/layers/test_simplified_twodesign.py; tests/templates/layers/test_strongly_entangling.py; tests/templates/state_preparations/test_arbitrary_state_prep.py; tests/templates/state_preparations/test_cosine_window.py; tests/templates/state_preparations/test_mottonen_state_prep.py; tests/templates/state_preparations/test_multiplexer_state_prep.py; tests/templates/state_preparations/test_qrom_state_prep.py; tests/templates/state_preparations/test_qutrit_basis_state_prep.py; tests/templates/state_preparations/test_state_prep_mps.py; tests/templates/state_preparations/test_sum_of_slaters.py; tests/templates/subroutines/qchem/test_basis_rotation.py; tests/templates/subroutines/qchem/test_double_excitation.py; tests/templates/subroutines/qchem/test_single_excitation.py; tests/templates/subroutines/test_aqft.py; tests/templates/subroutines/test_arbitrary_unitary.py; tests/templates/subroutines/test_controlled_sequence.py; tests/templates/subroutines/test_fable.py; tests/templates/subroutines/test_flip_sign.py; tests/templates/subroutines/test_gqsp.py; tests/templates/subroutines/test_grover.py; tests/templates/subroutines/test_hilbert_schmidt.py; tests/templates/subroutines/test_interferometer.py; tests/templates/subroutines/test_iqp.py; tests/templates/subroutines/test_permute.py; tests/templates/subroutines/test_prepselprep.py; tests/templates/subroutines/test_qft.py; tests/templates/subroutines/test_qmc.py; tests/templates/subroutines/test_qpe.py; tests/templates/subroutines/test_qram.py; tests/templates/subroutines/test_select.py; tests/templates/subroutines/test_select_pauli_rot.py; tests/templates/subroutines/time_evolution/test_approx_time_evolution.py; tests/templates/subroutines/time_evolution/test_commuting_evolution.py; tests/templates/subroutines/time_evolution/test_qdrift.py; tests/templates/subroutines/time_evolution/test_trotter.py; tests/templates/tensornetworks/test_MERA.py; tests/templates/tensornetworks/test_MPS.py; tests/templates/tensornetworks/test_TTN.py; tests/templates/test_layer.py; tests/templates/test_subroutine.py; tests/test_about.py; tests/test_allocation.py; tests/test_autograd_grad.py; tests/test_boolean_fn.py; tests/test_classical_gradients.py; tests/test_configuration.py; tests/test_observable.py; tests/test_qaoa.py; tests/test_qcut.py; tests/test_qnode.py; tests/test_qnode_legacy.py; tests/test_queuing.py; tests/test_return_types.py; tests/test_return_types_legacy.py; tests/test_return_types_qnode.py; tests/test_tensor_measurements.py; tests/test_typing.py; tests/test_vqe.py; tests/test_wires.py; tests/transforms/core/test_compile_pipeline.py; tests/transforms/core/test_cotransform_cache.py; tests/transforms/intermediate_reps/test_parity_matrix.py; tests/transforms/intermediate_reps/test_parity_synth.py; tests/transforms/intermediate_reps/test_phase_polynomial.py; tests/transforms/intermediate_reps/test_rowcol.py; tests/transforms/test_batch_input.py; tests/transforms/test_batch_params.py; tests/transforms/test_batch_partial.py; tests/transforms/test_broadcast_expand.py; tests/transforms/test_classical_jacobian.py; tests/transforms/test_commutation_dag.py; tests/transforms/test_compile.py; tests/transforms/test_convert_to_numpy_parameters.py; tests/transforms/test_decompose_transform_graph.py; tests/transforms/test_decompositions/test_relative_phases.py; tests/transforms/test_defer_measurements.py; tests/transforms/test_gridsynth.py; tests/transforms/test_optimization/test_merge_rotations.py; tests/transforms/test_optimization/test_optimization_utils.py; tests/transforms/test_optimization/test_single_qubit_fusion.py; tests/transforms/test_optimization/test_undo_swaps.py; tests/transforms/test_qmc_transform.py; tests/transforms/test_resolve_dynamic_wires.py; tests/transforms/test_sign_expand.py; tests/transforms/test_split_non_commuting.py; tests/transforms/test_tape_expand.py; tests/transforms/zx/test_converter.py; tests/transforms/zx/test_optimize_t_count.py; tests/transforms/zx/test_push_hadamards.py; tests/transforms/zx/test_reduce_non_clifford.py; tests/transforms/zx/test_todd.py; tests/workflow/interfaces/execute/test_autograd.py; tests/workflow/interfaces/execute/test_jax.py; tests/workflow/interfaces/execute/test_jax_jit.py; tests/workflow/interfaces/execute/test_torch.py; tests/workflow/interfaces/qnode/test_autograd_qnode.py; tests/workflow/interfaces/qnode/test_autograd_qnode_shot_vector.py; tests/workflow/interfaces/qnode/test_jax_jit_qnode.py; tests/workflow/interfaces/qnode/test_jax_qnode.py; tests/workflow/interfaces/qnode/test_jax_qnode_shot_vector.py; tests/workflow/interfaces/qnode/test_qnode_integration_all.py; tests/workflow/interfaces/run/conftest.py; tests/workflow/interfaces/test_jacobian_products.py; tests/workflow/interfaces/test_transform_program_integration.py; tests/workflow/test_cache_transform.py; tests/workflow/test_construct_batch.py; tests/workflow/test_resolve_execution_config.py,pennylane/__init__.py; pennylane/_grad/__init__.py; pennylane/_grad/grad.py; pennylane/_grad/jvp.py; pennylane/_grad/value_and_grad.py; pennylane/_grad/vjp.py; pennylane/about.py; pennylane/allocation.py; pennylane/boolean_fn.py; pennylane/bose/bosonic.py; pennylane/capture/__init__.py; pennylane/capture/autograph/ag_primitives.py; pennylane/capture/autograph/transformer.py; pennylane/capture/base_interpreter.py; pennylane/capture/capture_meta.py; pennylane/capture/dynamic_shapes.py; pennylane/capture/expand_transforms.py; pennylane/capture/flatfn.py; pennylane/capture/patching.py; pennylane/capture/primitives.py; pennylane/capture/switches.py; pennylane/concurrency/__init__.py; pennylane/concurrency/executors/native/api.py; pennylane/control_flow/__init__.py; pennylane/control_flow/for_loop.py; pennylane/control_flow/while_loop.py; pennylane/data/attributes/dictionary.py; pennylane/data/attributes/json.py; pennylane/data/attributes/molecule.py; pennylane/data/attributes/pytree.py; pennylane/data/attributes/string.py; pennylane/data/base/mapper.py; pennylane/data/data_manager/__init__.py; pennylane/debugging/debugger.py; pennylane/debugging/snapshot.py; pennylane/devices/__init__.py; pennylane/devices/_legacy_device.py; pennylane/devices/_qubit_device.py; pennylane/devices/default_clifford.py; pennylane/devices/default_gaussian.py; pennylane/devices/default_mixed.py; pennylane/devices/default_qutrit.py; pennylane/devices/default_qutrit_mixed.py; pennylane/devices/default_tensor.py; pennylane/devices/device_constructor.py; pennylane/devices/legacy_facade.py; pennylane/devices/modifiers/__init__.py; pennylane/devices/modifiers/simulator_tracking.py; pennylane/devices/modifiers/single_tape_support.py; pennylane/devices/null_qubit.py; pennylane/devices/preprocess.py; pennylane/devices/qubit/adjoint_jacobian.py; pennylane/devices/qubit/apply_operation.py; pennylane/devices/qubit/jaxpr_adjoint.py; pennylane/devices/qubit/measure.py; pennylane/devices/qubit/sampling.py; pennylane/devices/qubit_mixed/__init__.py; pennylane/devices/qubit_mixed/einsum_manpulation.py; pennylane/devices/qubit_mixed/measure.py; pennylane/devices/qubit_mixed/sampling.py; pennylane/devices/qutrit_mixed/apply_operation.py; pennylane/devices/qutrit_mixed/sampling.py; pennylane/devices/qutrit_mixed/utils.py; pennylane/devices/reference_qubit.py; pennylane/devices/tests/__init__.py; pennylane/devices/tests/conftest.py; pennylane/devices/tests/test_compare_default_qubit.py; pennylane/devices/tests/test_gates.py; pennylane/devices/tests/test_gates_with_expval.py; pennylane/devices/tests/test_gradients_autograd.py; pennylane/devices/tests/test_gradients_jax.py; pennylane/devices/tests/test_gradients_torch.py; pennylane/devices/tests/test_measurements.py; pennylane/devices/tests/test_properties.py; pennylane/devices/tests/test_return_system.py; pennylane/devices/tests/test_templates.py; pennylane/devices/tests/test_tracker.py; pennylane/devices/tests/test_wires.py; pennylane/devices/toml_check.py; pennylane/drawer/drawable_layers.py; pennylane/drawer/label.py; pennylane/drawer/style.py; pennylane/drawer/tape_text.py; pennylane/drawer/utils.py; pennylane/estimator/compact_hamiltonian.py; pennylane/estimator/measurement.py; pennylane/estimator/ops/op_math/symbolic.py; pennylane/estimator/ops/qubit/matrix_ops.py; pennylane/estimator/ops/qubit/parametric_ops_multi_qubit.py; pennylane/estimator/ops/qubit/qchem_ops.py; pennylane/estimator/qpe_resources/first_quantization.py; pennylane/estimator/qpe_resources/second_quantization.py; pennylane/estimator/resource_config.py; pennylane/estimator/resource_mapping.py; pennylane/estimator/templates/qsp.py; pennylane/estimator/templates/qubitize.py; pennylane/estimator/templates/stateprep.py; pennylane/fermi/__init__.py; pennylane/fermi/conversion.py; pennylane/fermi/fermionic.py; pennylane/fourier/__init__.py; pennylane/fourier/coefficients.py; pennylane/fourier/mark.py; pennylane/fourier/reconstruct.py; pennylane/fourier/visualize.py; pennylane/ftqc/__init__.py; pennylane/ftqc/conditional_measure.py; pennylane/ftqc/graph_state_preparation.py; pennylane/ftqc/pauli_tracker.py; pennylane/ftqc/utils.py; pennylane/gradients/__init__.py; pennylane/gradients/adjoint_metric_tensor.py; pennylane/gradients/classical_jacobian.py; pennylane/gradients/finite_difference.py; pennylane/gradients/fisher.py; pennylane/gradients/general_shift_rules.py; pennylane/gradients/gradient_transform.py; pennylane/gradients/hadamard_gradient.py; pennylane/gradients/jvp.py; pennylane/gradients/metric_tensor.py; pennylane/gradients/parameter_shift.py; pennylane/gradients/parameter_shift_cv.py; pennylane/gradients/parameter_shift_hessian.py; pennylane/gradients/pulse_gradient.py; pennylane/gradients/pulse_gradient_odegen.py; pennylane/gradients/spsa_gradient.py; pennylane/gradients/vjp.py; pennylane/io/io.py; pennylane/io/to_openqasm.py; pennylane/kernels/cost_functions.py; pennylane/kernels/postprocessing.py; pennylane/kernels/utils.py; pennylane/labs/dla/recursive_cartan_decomp.py; pennylane/labs/dla/variational_kak.py; pennylane/labs/estimator_beta/__init__.py; pennylane/labs/estimator_beta/estimate.py; pennylane/labs/estimator_beta/templates/subroutines.py; pennylane/labs/estimator_beta/wires_manager.py; pennylane/labs/phox/expval_functions.py; pennylane/labs/phox/training.py; pennylane/labs/phox/utils.py; pennylane/labs/tests/conftest.py; pennylane/labs/tests/dla/test_dense_utils.py; pennylane/labs/tests/dla/test_variational_kak.py; pennylane/labs/tests/estimator_beta/test_estimate.py; pennylane/labs/tests/phox/test_iqp_expval.py; pennylane/labs/tests/phox/test_training.py; pennylane/labs/tests/phox/test_utils.py; pennylane/labs/tests/trotter_error/realspace/test_matrix_trotter.py; pennylane/labs/transforms/select_pauli_rot_phase_gradient.py; pennylane/labs/trotter_error/realspace/matrix.py; pennylane/liealg/cartan_decomp.py; pennylane/liealg/center.py; pennylane/liealg/horizontal_cartan_subalgebra.py; pennylane/liealg/involutions.py; pennylane/liealg/lie_closure.py; pennylane/liealg/structure_constants.py; pennylane/logging/configuration.py; pennylane/logging/filter.py; pennylane/logging/formatters/__init__.py; pennylane/logging/formatters/formatter.py; pennylane/logging/utils.py; pennylane/math/__init__.py; pennylane/math/binary_linalg.py; pennylane/math/fidelity.py; pennylane/math/is_independent.py; pennylane/math/multi_dispatch.py; pennylane/math/quantum.py; pennylane/measurements/__init__.py; pennylane/measurements/counts.py; pennylane/measurements/expval.py; pennylane/measurements/measurements.py; pennylane/measurements/mutual_info.py; pennylane/measurements/null_measurement.py; pennylane/measurements/probs.py; pennylane/measurements/purity.py; pennylane/measurements/sample.py; pennylane/measurements/shots.py; pennylane/measurements/state.py; pennylane/measurements/var.py; pennylane/noise/insert_ops.py; pennylane/numpy/__init__.py; pennylane/numpy/fft.py; pennylane/numpy/linalg.py; pennylane/numpy/tensor.py; pennylane/numpy/wrapper.py; pennylane/ops/channel.py; pennylane/ops/cv.py; pennylane/ops/functions/__init__.py; pennylane/ops/functions/assert_valid.py; pennylane/ops/functions/bind_new_parameters.py; pennylane/ops/functions/commutator.py; pennylane/ops/functions/eigvals.py; pennylane/ops/functions/equal.py; pennylane/ops/functions/is_hermitian.py; pennylane/ops/functions/is_unitary.py; pennylane/ops/functions/iterative_qpe.py; pennylane/ops/functions/map_wires.py; pennylane/ops/functions/matrix.py; pennylane/ops/functions/simplify.py; pennylane/ops/identity.py; pennylane/ops/mid_measure/measurement_value.py; pennylane/ops/op_math/adjoint.py; pennylane/ops/op_math/change_op_basis.py; pennylane/ops/op_math/composite.py; pennylane/ops/op_math/condition.py; pennylane/ops/op_math/decompositions/controlled_decompositions.py; pennylane/ops/op_math/decompositions/rings.py; pennylane/ops/op_math/decompositions/ross_selinger.py; pennylane/ops/op_math/decompositions/solovay_kitaev.py; pennylane/ops/op_math/linear_combination.py; pennylane/ops/op_math/pow.py; pennylane/ops/op_math/prod.py; pennylane/ops/op_math/sprod.py; pennylane/ops/op_math/sum.py; pennylane/ops/qubit/arithmetic_ops.py; pennylane/ops/qubit/attributes.py; pennylane/ops/qubit/matrix_ops.py; pennylane/ops/qubit/parametric_ops_multi_qubit.py; pennylane/ops/qubit/parametric_ops_single_qubit.py; pennylane/ops/qubit/qchem_ops.py; pennylane/ops/qubit/special_unitary.py; pennylane/ops/qubit/state_preparation.py; pennylane/ops/qutrit/channel.py; pennylane/ops/qutrit/non_parametric_ops.py; pennylane/ops/qutrit/observables.py; pennylane/ops/qutrit/parametric_ops.py; pennylane/ops/qutrit/state_preparation.py; pennylane/optimize/adagrad.py; pennylane/optimize/adam.py; pennylane/optimize/adaptive.py; pennylane/optimize/momentum.py; pennylane/optimize/momentum_qng.py; pennylane/optimize/nesterov_momentum.py; pennylane/optimize/qng.py; pennylane/optimize/qnspsa.py; pennylane/optimize/riemannian_gradient.py; pennylane/optimize/rms_prop.py; pennylane/optimize/rotosolve.py; pennylane/optimize/shot_adaptive.py; pennylane/pauli/conversion.py; pennylane/pauli/pauli_arithmetic.py; pennylane/pauli/pauli_interface.py; pennylane/pauli/pauli_vspace.py; pennylane/pauli/trace_inner_product.py; pennylane/pauli/utils.py; pennylane/pulse/convenience_functions.py; pennylane/pulse/parametrized_hamiltonian.py; pennylane/pulse/parametrized_hamiltonian_pytree.py; pennylane/pulse/rydberg.py; pennylane/pulse/transmon.py; pennylane/pytrees/pytrees.py; pennylane/qaoa/cost.py; pennylane/qaoa/cycle.py; pennylane/qaoa/mixers.py; pennylane/qchem/__init__.py; pennylane/qchem/basis_set.py; pennylane/qchem/convert.py; pennylane/qchem/dipole.py; pennylane/qchem/factorization.py; pennylane/qchem/hamiltonian.py; pennylane/qchem/integrals.py; pennylane/qchem/molecule.py; pennylane/qchem/number.py; pennylane/qchem/openfermion_pyscf.py; pennylane/qchem/spin.py; pennylane/qchem/structure.py; pennylane/qchem/tapering.py; pennylane/qchem/vibrational/christiansen_ham.py; pennylane/qchem/vibrational/christiansen_utils.py; pennylane/qchem/vibrational/taylor_ham.py; pennylane/qcut/kahypar.py; pennylane/qcut/utils.py; pennylane/qnn/iqp.py; pennylane/qnn/torch.py; pennylane/resource/__init__.py; pennylane/resource/error/error.py; pennylane/resource/resource.py; pennylane/shadows/classical_shadow.py; pennylane/spin/lattice.py; pennylane/tape/expand_tape.py; pennylane/tape/qscript.py; pennylane/tape/tape.py; pennylane/templates/core.py; pennylane/templates/embeddings/amplitude.py; pennylane/templates/embeddings/angle.py; pennylane/templates/embeddings/displacement.py; pennylane/templates/embeddings/iqp.py; pennylane/templates/embeddings/qaoaembedding.py; pennylane/templates/embeddings/squeezing.py; pennylane/templates/layer.py; pennylane/templates/layers/basic_entangler.py; pennylane/templates/layers/cv_neural_net.py; pennylane/templates/layers/gate_fabric.py; pennylane/templates/layers/particle_conserving_u1.py; pennylane/templates/layers/particle_conserving_u2.py; pennylane/templates/layers/random.py; pennylane/templates/layers/simplified_two_design.py; pennylane/templates/layers/strongly_entangling.py; pennylane/templates/state_preparations/cosine_window.py; pennylane/templates/state_preparations/state_prep_mps.py; pennylane/templates/state_preparations/superposition.py; pennylane/templates/subroutines/arithmetic/__init__.py; pennylane/templates/subroutines/arithmetic/adder.py; pennylane/templates/subroutines/arithmetic/mod_exp.py; pennylane/templates/subroutines/arithmetic/out_adder.py; pennylane/templates/subroutines/arithmetic/out_multiplier.py; pennylane/templates/subroutines/arithmetic/out_poly.py; pennylane/templates/subroutines/arithmetic/temporary_and.py; pennylane/templates/subroutines/controlled_sequence.py; pennylane/templates/subroutines/fable.py; pennylane/templates/subroutines/flip_sign.py; pennylane/templates/subroutines/grover.py; pennylane/templates/subroutines/hilbert_schmidt.py; pennylane/templates/subroutines/interferometer.py; pennylane/templates/subroutines/iqp.py; pennylane/templates/subroutines/permute.py; pennylane/templates/subroutines/qchem/basis_rotation.py; pennylane/templates/subroutines/qchem/fermionic_double_excitation.py; pennylane/templates/subroutines/qchem/kupccgsd.py; pennylane/templates/subroutines/qchem/uccsd.py; pennylane/templates/subroutines/qft.py; pennylane/templates/subroutines/qmc.py; pennylane/templates/subroutines/qpe.py; pennylane/templates/subroutines/qram.py; pennylane/templates/subroutines/qrom.py; pennylane/templates/subroutines/reflection.py; pennylane/templates/subroutines/select_pauli_rot.py; pennylane/templates/subroutines/time_evolution/__init__.py; pennylane/templates/subroutines/time_evolution/approx_time_evolution.py; pennylane/templates/subroutines/time_evolution/commuting_evolution.py; pennylane/templates/subroutines/time_evolution/qdrift.py; pennylane/templates/subroutines/time_evolution/trotter.py; pennylane/templates/tensornetworks/__init__.py; pennylane/templates/tensornetworks/mera.py; pennylane/templates/tensornetworks/mps.py; pennylane/templates/tensornetworks/ttn.py; pennylane/transforms/batch_input.py; pennylane/transforms/batch_params.py; pennylane/transforms/batch_partial.py; pennylane/transforms/commutation_dag.py; pennylane/transforms/compile.py; pennylane/transforms/core/cotransform_cache.py; pennylane/transforms/core/transform.py; pennylane/transforms/optimization/merge_rotations.py; pennylane/transforms/optimization/remove_barrier.py; pennylane/transforms/optimization/single_qubit_fusion.py; pennylane/transforms/optimization/undo_swaps.py; pennylane/transforms/qmc.py; pennylane/transforms/resolve_dynamic_wires.py; pennylane/transforms/tape_expand.py; pennylane/transforms/zx/__init__.py; pennylane/transforms/zx/converter.py; pennylane/transforms/zx/helper.py; pennylane/typing.py; pennylane/workflow/_capture_qnode.py; pennylane/workflow/construct_execution_config.py; pennylane/workflow/interfaces/jax.py; pennylane/workflow/interfaces/jax_jit.py; pennylane/workflow/interfaces/tensorflow.py; pennylane/workflow/interfaces/tensorflow_autograph.py; pennylane/workflow/interfaces/torch.py; pennylane/workflow/jacobian_products.py; pennylane/workflow/set_shots.py; pyproject.toml; tests/bose/test_binary_mapping.py; tests/bose/test_bosonic.py; tests/bose/test_christiansen_mapping.py; tests/bose/test_unary_mapping.py; tests/capture/autograph/conftest.py; tests/capture/autograph/test_autograph_array_update.py; tests/capture/gradients/test_capture_diff.py; tests/capture/gradients/test_capture_jvp.py; tests/capture/gradients/test_capture_value_and_grad.py; tests/capture/gradients/test_capture_vjp.py; tests/capture/test_base_interpreter.py; tests/capture/test_capture_module.py; tests/capture/test_capture_transforms.py; tests/capture/test_custom_primitives.py; tests/capture/test_dynamic_shapes.py; tests/capture/test_measurements_capture.py; tests/capture/test_meta_type.py; tests/capture/test_nested_plxpr.py; tests/capture/test_operators.py; tests/capture/test_switches.py; tests/capture/test_templates.py; tests/capture/transforms/test_capture_decompose.py; tests/capture/transforms/test_capture_defer_measurements.py; tests/capture/transforms/test_capture_merge_amplitude_embedding.py; tests/capture/transforms/test_mcm_execution.py; tests/circuit_graph/test_circuit_graph.py; tests/conftest.py; tests/control_flow/test_for_loop.py; tests/data/attributes/test_list.py; tests/data/attributes/test_molecule_.py; tests/data/attributes/test_sparse_array.py; tests/data/attributes/test_tuple.py; tests/data/data_manager/test_dataset_access.py; tests/data/data_manager/test_params.py; tests/data/data_manager/test_progress.py; tests/debugging/test_PLDB.py; tests/decomposition/test_decomposition_rule.py; tests/decomposition/test_reconstructor.py; tests/default_qubit_legacy.py; tests/device_shots_to_analytic.py; tests/devices/default_qubit/test_default_qubit.py; tests/devices/default_qubit/test_default_qubit_native_mcm.py; tests/devices/default_qubit/test_default_qubit_tracking.py; tests/devices/default_tensor/test_default_tensor.py; tests/devices/default_tensor/test_scalability.py; tests/devices/default_tensor/test_tensor_var.py; tests/devices/modifiers/test_all_modifiers.py; tests/devices/modifiers/test_simulator_tracking.py; tests/devices/modifiers/test_single_tape_support.py; tests/devices/qubit/test_adjoint_jacobian.py; tests/devices/qubit/test_dq_interpreter.py; tests/devices/qubit/test_jaxpr_adjoint_jvp.py; tests/devices/qubit_mixed/conftest.py; tests/devices/qubit_mixed/test_qubit_mixed_measure.py; tests/devices/qubit_mixed/test_qubit_mixed_simulate.py; tests/devices/qutrit_mixed/conftest.py; tests/devices/qutrit_mixed/test_qutrit_mixed_preprocessing.py; tests/devices/qutrit_mixed/test_qutrit_mixed_simulate.py; tests/devices/qutrit_mixed/test_qutrit_mixed_tracking.py; tests/devices/test_capabilities.py; tests/devices/test_default_gaussian.py; tests/devices/test_default_mixed.py; tests/devices/test_default_qutrit.py; tests/devices/test_device_api.py; tests/devices/test_legacy_device.py; tests/devices/test_legacy_facade.py; tests/devices/test_lightning_qubit.py; tests/devices/test_qubit_device.py; tests/devices/test_qutrit_device.py; tests/devices/test_tracker.py; tests/docs/test_supported_confs.py; tests/drawer/test_draw_catalyst.py; tests/drawer/test_label.py; tests/drawer/test_mpldrawer.py; tests/drawer/test_tape_mpl.py; tests/drawer/test_tape_text.py; tests/estimator/ops/test_estimator_controlled.py; tests/estimator/ops/test_estimator_identity.py; tests/estimator/ops/test_estimator_matrix_ops.py; tests/estimator/ops/test_estimator_non_parameteric.py; tests/estimator/ops/test_estimator_parametric_single_qubit.py; tests/estimator/ops/test_estimator_qchem.py; tests/estimator/ops/test_estimator_symbolics.py; tests/estimator/templates/test_estimator_comparators.py; tests/estimator/templates/test_estimator_qsp.py; tests/estimator/templates/test_estimator_qubitize.py; tests/estimator/templates/test_estimator_select.py; tests/estimator/templates/test_estimator_stateprep.py; tests/estimator/templates/test_estimator_subroutines.py; tests/estimator/templates/test_estimator_trotter.py; tests/estimator/test_compact_hamiltonian.py; tests/estimator/test_config_class.py; tests/estimator/test_estimator_first_quantization.py; tests/estimator/test_estimator_mapping.py; tests/estimator/test_estimator_measurement.py; tests/estimator/test_estimator_resOp.py; tests/estimator/test_estimator_second_quantization.py; tests/estimator/test_wires_manager.py; tests/fermi/test_fermi_mapping.py; tests/fermi/test_fermionic.py; tests/fourier/test_coefficients.py; tests/fourier/test_fourier_utils.py; tests/fourier/test_mark.py; tests/fourier/test_reconstruct.py; tests/fourier/test_visualize.py; tests/ftqc/test_cond_measure.py; tests/ftqc/test_operations.py; tests/ftqc/test_primitives.py; tests/gpu/test_gpu_torch.py; tests/gradients/core/test_adjoint_diff.py; tests/gradients/core/test_fisher.py; tests/gradients/core/test_general_shift_rules.py; tests/gradients/core/test_gradient_transform.py; tests/gradients/core/test_hadamard_gradient.py; tests/gradients/core/test_jvp.py; tests/gradients/core/test_metric_tensor.py; tests/gradients/core/test_pulse_odegen.py; tests/gradients/core/test_vjp.py; tests/gradients/finite_diff/test_finite_diff_jvp.py; tests/gradients/finite_diff/test_finite_difference.py; tests/gradients/finite_diff/test_finite_difference_shot_vec.py; tests/gradients/finite_diff/test_spsa_gradient.py; tests/gradients/parameter_shift/test_cv_gradients.py; tests/gradients/parameter_shift/test_parameter_shift_cv.py; tests/gradients/parameter_shift/test_parameter_shift_shot_vec.py; tests/helpers/mcm_utils.py; tests/helpers/stat_utils.py; tests/io/qasm_interpreter/test_interpreter.py; tests/io/test_io.py; tests/io/test_qasm.py; tests/io/test_qualtran_io.py; tests/kernels/test_kernels.py; tests/liealg/test_cartan_decomp.py; tests/liealg/test_horizontal_cartan_subalgebra.py; tests/liealg/test_involutions.py; tests/liealg/test_lie_closure.py; tests/liealg/test_structure_constants.py; tests/logging/test_logging_autograd.py; tests/math/test_basic_math.py; tests/math/test_binary_linalg.py; tests/math/test_catalyst_math.py; tests/math/test_choi.py; tests/math/test_decomposition_math.py; tests/math/test_density_matrices.py; tests/math/test_entropies_math.py; tests/math/test_functions.py; tests/math/test_init.py; tests/math/test_is_abstract.py; tests/math/test_is_independent.py; tests/math/test_matrix_manipulation.py; tests/math/test_multi_dispatch.py; tests/measurements/test_counts.py; tests/measurements/test_expval.py; tests/measurements/test_measurements_legacy.py; tests/measurements/test_mutual_info.py; tests/measurements/test_null_measurement.py; tests/measurements/test_sample.py; tests/measurements/test_vn_entropy.py; tests/noise/test_insert_ops.py; tests/noise/test_mitigate.py; tests/numpy/test_numpy_random.py; tests/ops/functions/test_assert_valid.py; tests/ops/functions/test_commutator.py; tests/ops/functions/test_dot.py; tests/ops/functions/test_eigvals.py; tests/ops/functions/test_evolve.py; tests/ops/functions/test_generator.py; tests/ops/functions/test_is_commuting.py; tests/ops/functions/test_is_unitary.py; tests/ops/functions/test_iterative_qpe.py; tests/ops/functions/test_matrix.py; tests/ops/op_math/decompositions/test_normal_forms.py; tests/ops/op_math/test_change_op_basis.py; tests/ops/op_math/test_controlled.py; tests/ops/op_math/test_decompositions.py; tests/ops/op_math/test_evolution.py; tests/ops/op_math/test_pow_op.py; tests/ops/op_math/test_prod.py; tests/ops/op_math/test_sum.py; tests/ops/qubit/test_all_qubit_ops.py; tests/ops/qubit/test_arithmetic_ops.py; tests/ops/qubit/test_attributes.py; tests/ops/qubit/test_matrix_ops.py; tests/ops/qubit/test_non_parametric_ops.py; tests/ops/qubit/test_observables.py; tests/ops/qubit/test_parametric_ops.py; tests/ops/qubit/test_qchem_ops.py; tests/ops/qubit/test_sparse.py; tests/ops/qubit/test_special_unitary.py; tests/ops/qubit/test_state_prep.py; tests/ops/qutrit/test_qutrit_channel_ops.py; tests/ops/qutrit/test_qutrit_matrix_ops.py; tests/ops/qutrit/test_qutrit_non_parametric_ops.py; tests/ops/qutrit/test_qutrit_observables.py; tests/ops/qutrit/test_qutrit_parametric_ops.py; tests/ops/qutrit/test_qutrit_state_prep.py; tests/ops/test_channel_ops.py; tests/ops/test_cv_ops.py; tests/ops/test_identity.py; tests/optimize/test_adagrad.py; tests/optimize/test_adam.py; tests/optimize/test_adaptive.py; tests/optimize/test_gradient_descent.py; tests/optimize/test_momentum.py; tests/optimize/test_momentum_qng.py; tests/optimize/test_nesterov_momentum.py; tests/optimize/test_optimize.py; tests/optimize/test_optimize_shot_adaptive.py; tests/optimize/test_qng.py; tests/optimize/test_qng_qjit.py; tests/optimize/test_qnspsa.py; tests/optimize/test_riemannian_gradient_optimizer.py; tests/optimize/test_rmsprop.py; tests/optimize/test_rotoselect.py; tests/optimize/test_rotosolve.py; tests/optimize/test_spsa.py; tests/pauli/grouping/test_pauli_graph_colouring.py; tests/pauli/grouping/test_pauli_group_observables.py; tests/pauli/grouping/test_pauli_optimize_measurements.py; tests/pauli/test_conversion.py; tests/pauli/test_measurement_transformations.py; tests/pauli/test_pauli_arithmetic.py; tests/pauli/test_pauli_interface.py; tests/pauli/test_pauli_utils.py; tests/pauli/test_pauli_vspace.py; tests/pauli/test_trace_inner_product.py; tests/pulse/test_convenience_functions.py; tests/pulse/test_hardware_hamiltonian.py; tests/pulse/test_parametrized_evolution.py; tests/pulse/test_parametrized_hamiltonian.py; tests/pulse/test_parametrized_hamiltonian_pytree.py; tests/pulse/test_pwc_functions.py; tests/pulse/test_rydberg.py; tests/pulse/test_transmon.py; tests/pytrees/test_pytrees.py; tests/qchem/openfermion_pyscf_tests/conftest.py; tests/qchem/openfermion_pyscf_tests/test_convert.py; tests/qchem/openfermion_pyscf_tests/test_convert_openfermion.py; tests/qchem/openfermion_pyscf_tests/test_decompose.py; tests/qchem/openfermion_pyscf_tests/test_dipole_of.py; tests/qchem/openfermion_pyscf_tests/test_meanfield.py; tests/qchem/openfermion_pyscf_tests/test_molecular_dipole.py; tests/qchem/openfermion_pyscf_tests/test_molecular_hamiltonian.py; tests/qchem/openfermion_pyscf_tests/test_observable_of.py; tests/qchem/openfermion_pyscf_tests/test_one_particle.py; tests/qchem/openfermion_pyscf_tests/test_two_particle.py; tests/qchem/test_basis_set.py; tests/qchem/test_dipole.py; tests/qchem/test_factorization.py; tests/qchem/test_hamiltonians.py; tests/qchem/test_hartree_fock.py; tests/qchem/test_integrals.py; tests/qchem/test_matrices.py; tests/qchem/test_molecule.py; tests/qchem/test_observable_hf.py; tests/qchem/test_particle_number.py; tests/qchem/test_spin.py; tests/qchem/test_structure.py; tests/qchem/test_tapering.py; tests/qchem/vibrational/conftest.py; tests/qchem/vibrational/test_christiansen_ham.py; tests/qchem/vibrational/test_pes_generator.py; tests/qchem/vibrational/test_ref_files/cform_ops_data.py; tests/qchem/vibrational/test_taylor_ham.py; tests/qchem/vibrational/test_vibrational_class.py; tests/qchem/vibrational/test_vscf.py; tests/qnn/conftest.py; tests/qnn/test_iqp_expval.py; tests/qnn/test_qnn_torch.py; tests/resource/test_resource.py; tests/resource/test_specs.py; tests/shadow/test_shadow_class.py; tests/shadow/test_shadow_entropies.py; tests/spin/test_lattice.py; tests/tape/test_operation_recorder.py; tests/tape/test_plxpr_conversion.py; tests/tape/test_qscript.py; tests/templates/embeddings/test_amplitude.py; tests/templates/embeddings/test_angle.py; tests/templates/embeddings/test_basis.py; tests/templates/embeddings/test_displacement_emb.py; tests/templates/embeddings/test_iqp_emb.py; tests/templates/embeddings/test_qaoa_emb.py; tests/templates/embeddings/test_squeezing_emb.py; tests/templates/layers/test_basic_entangler.py; tests/templates/layers/test_cv_neural_net.py; tests/templates/layers/test_gate_fabric.py; tests/templates/layers/test_particle_conserving_u1.py; tests/templates/layers/test_particle_conserving_u2.py; tests/templates/layers/test_random.py; tests/templates/layers/test_simplified_twodesign.py; tests/templates/layers/test_strongly_entangling.py; tests/templates/state_preparations/test_arbitrary_state_prep.py; tests/templates/state_preparations/test_cosine_window.py; tests/templates/state_preparations/test_mottonen_state_prep.py; tests/templates/state_preparations/test_multiplexer_state_prep.py; tests/templates/state_preparations/test_qrom_state_prep.py; tests/templates/state_preparations/test_qutrit_basis_state_prep.py; tests/templates/state_preparations/test_state_prep_mps.py; tests/templates/state_preparations/test_sum_of_slaters.py; tests/templates/subroutines/qchem/test_basis_rotation.py; tests/templates/subroutines/qchem/test_double_excitation.py; tests/templates/subroutines/qchem/test_single_excitation.py; tests/templates/subroutines/test_aqft.py; tests/templates/subroutines/test_arbitrary_unitary.py; tests/templates/subroutines/test_controlled_sequence.py; tests/templates/subroutines/test_fable.py; tests/templates/subroutines/test_flip_sign.py; tests/templates/subroutines/test_gqsp.py; tests/templates/subroutines/test_grover.py; tests/templates/subroutines/test_hilbert_schmidt.py; tests/templates/subroutines/test_interferometer.py; tests/templates/subroutines/test_iqp.py; tests/templates/subroutines/test_permute.py; tests/templates/subroutines/test_prepselprep.py; tests/templates/subroutines/test_qft.py; tests/templates/subroutines/test_qmc.py; tests/templates/subroutines/test_qpe.py; tests/templates/subroutines/test_qram.py; tests/templates/subroutines/test_select.py; tests/templates/subroutines/test_select_pauli_rot.py; tests/templates/subroutines/time_evolution/test_approx_time_evolution.py; tests/templates/subroutines/time_evolution/test_commuting_evolution.py; tests/templates/subroutines/time_evolution/test_qdrift.py; tests/templates/subroutines/time_evolution/test_trotter.py; tests/templates/tensornetworks/test_MERA.py; tests/templates/tensornetworks/test_MPS.py; tests/templates/tensornetworks/test_TTN.py; tests/templates/test_layer.py; tests/templates/test_subroutine.py; tests/test_about.py; tests/test_allocation.py; tests/test_autograd_grad.py; tests/test_boolean_fn.py; tests/test_classical_gradients.py; tests/test_configuration.py; tests/test_observable.py; tests/test_qaoa.py; tests/test_qcut.py; tests/test_qnode.py; tests/test_qnode_legacy.py; tests/test_queuing.py; tests/test_return_types.py; tests/test_return_types_legacy.py; tests/test_return_types_qnode.py; tests/test_tensor_measurements.py; tests/test_typing.py; tests/test_vqe.py; tests/test_wires.py; tests/transforms/core/test_compile_pipeline.py; tests/transforms/core/test_cotransform_cache.py; tests/transforms/intermediate_reps/test_parity_matrix.py; tests/transforms/intermediate_reps/test_parity_synth.py; tests/transforms/intermediate_reps/test_phase_polynomial.py; tests/transforms/intermediate_reps/test_rowcol.py; tests/transforms/test_batch_input.py; tests/transforms/test_batch_params.py; tests/transforms/test_batch_partial.py; tests/transforms/test_broadcast_expand.py; tests/transforms/test_classical_jacobian.py; tests/transforms/test_commutation_dag.py; tests/transforms/test_compile.py; tests/transforms/test_convert_to_numpy_parameters.py; tests/transforms/test_decompose_transform_graph.py; tests/transforms/test_decompositions/test_relative_phases.py; tests/transforms/test_defer_measurements.py; tests/transforms/test_gridsynth.py; tests/transforms/test_optimization/test_merge_rotations.py; tests/transforms/test_optimization/test_optimization_utils.py; tests/transforms/test_optimization/test_single_qubit_fusion.py; tests/transforms/test_optimization/test_undo_swaps.py; tests/transforms/test_qmc_transform.py; tests/transforms/test_resolve_dynamic_wires.py; tests/transforms/test_sign_expand.py; tests/transforms/test_split_non_commuting.py; tests/transforms/test_tape_expand.py; tests/transforms/zx/test_converter.py; tests/transforms/zx/test_optimize_t_count.py; tests/transforms/zx/test_push_hadamards.py; tests/transforms/zx/test_reduce_non_clifford.py; tests/transforms/zx/test_todd.py; tests/workflow/interfaces/execute/test_autograd.py; tests/workflow/interfaces/execute/test_jax.py; tests/workflow/interfaces/execute/test_jax_jit.py; tests/workflow/interfaces/execute/test_torch.py; tests/workflow/interfaces/qnode/test_autograd_qnode.py; tests/workflow/interfaces/qnode/test_autograd_qnode_shot_vector.py; tests/workflow/interfaces/qnode/test_jax_jit_qnode.py; tests/workflow/interfaces/qnode/test_jax_qnode.py; tests/workflow/interfaces/qnode/test_jax_qnode_shot_vector.py; tests/workflow/interfaces/qnode/test_qnode_integration_all.py; tests/workflow/interfaces/run/conftest.py; tests/workflow/interfaces/test_jacobian_products.py; tests/workflow/interfaces/test_transform_program_integration.py; tests/workflow/test_cache_transform.py; tests/workflow/test_construct_batch.py; tests/workflow/test_resolve_execution_config.py; uv.lock,other,,,
18,pennylane_4929_9182,PennyLaneAI/pennylane,https://github.com/PennyLaneAI/pennylane/issues/4929,https://github.com/PennyLaneAI/pennylane/pull/9182,Quantum Dropout implementation,Bump black from 25.9.0 to 26.3.1,2026-04-02T19:18:11Z,linked:pr_text,#5038; #5039; #4964; #4993; #4888; #4884; #4929; #4918; #4930; #4996; #5046; #5044; #5041; #5036; #5035; #5025; #5026; #5032,pennylane/fermi/__init__.py; pennylane/fermi/conversion.py; pennylane/fermi/fermionic.py; pennylane/kernels/cost_functions.py; pennylane/kernels/postprocessing.py; pennylane/kernels/utils.py; pennylane/qaoa/cost.py; pennylane/qaoa/cycle.py; pennylane/qaoa/mixers.py; pennylane/qchem/__init__.py; pennylane/qchem/basis_set.py; pennylane/qchem/convert.py; pennylane/qchem/dipole.py; pennylane/qchem/factorization.py; pennylane/qchem/hamiltonian.py; pennylane/qchem/integrals.py; pennylane/qchem/molecule.py; pennylane/qchem/number.py; pennylane/qchem/openfermion_pyscf.py; pennylane/qchem/spin.py; pennylane/qchem/structure.py; pennylane/qchem/tapering.py; pennylane/qchem/vibrational/christiansen_ham.py; pennylane/qchem/vibrational/christiansen_utils.py; pennylane/qchem/vibrational/taylor_ham.py; pennylane/qnn/iqp.py; pennylane/qnn/torch.py; pennylane/templates/subroutines/qchem/basis_rotation.py; pennylane/templates/subroutines/qchem/fermionic_double_excitation.py; pennylane/templates/subroutines/qchem/kupccgsd.py; pennylane/templates/subroutines/qchem/uccsd.py,tests/kernels/test_kernels.py; tests/qchem/openfermion_pyscf_tests/conftest.py; tests/qchem/openfermion_pyscf_tests/test_convert.py; tests/qchem/openfermion_pyscf_tests/test_convert_openfermion.py; tests/qchem/openfermion_pyscf_tests/test_decompose.py; tests/qchem/openfermion_pyscf_tests/test_dipole_of.py; tests/qchem/openfermion_pyscf_tests/test_meanfield.py; tests/qchem/openfermion_pyscf_tests/test_molecular_dipole.py; tests/qchem/openfermion_pyscf_tests/test_molecular_hamiltonian.py; tests/qchem/openfermion_pyscf_tests/test_observable_of.py; tests/qchem/openfermion_pyscf_tests/test_one_particle.py; tests/qchem/openfermion_pyscf_tests/test_two_particle.py; tests/qchem/test_basis_set.py; tests/qchem/test_dipole.py; tests/qchem/test_factorization.py; tests/qchem/test_hamiltonians.py; tests/qchem/test_hartree_fock.py; tests/qchem/test_integrals.py; tests/qchem/test_matrices.py; tests/qchem/test_molecule.py; tests/qchem/test_observable_hf.py; tests/qchem/test_particle_number.py; tests/qchem/test_spin.py; tests/qchem/test_structure.py; tests/qchem/test_tapering.py; tests/qchem/vibrational/conftest.py; tests/qchem/vibrational/test_christiansen_ham.py; tests/qchem/vibrational/test_pes_generator.py; tests/qchem/vibrational/test_ref_files/cform_ops_data.py; tests/qchem/vibrational/test_taylor_ham.py; tests/qchem/vibrational/test_vibrational_class.py; tests/qchem/vibrational/test_vscf.py; tests/qnn/conftest.py; tests/qnn/test_iqp_expval.py; tests/qnn/test_qnn_torch.py; tests/test_qaoa.py,pennylane/devices/tests/__init__.py; pennylane/devices/tests/conftest.py; pennylane/devices/tests/test_compare_default_qubit.py; pennylane/devices/tests/test_gates.py; pennylane/devices/tests/test_gates_with_expval.py; pennylane/devices/tests/test_gradients_autograd.py; pennylane/devices/tests/test_gradients_jax.py; pennylane/devices/tests/test_gradients_torch.py; pennylane/devices/tests/test_measurements.py; pennylane/devices/tests/test_properties.py; pennylane/devices/tests/test_return_system.py; pennylane/devices/tests/test_templates.py; pennylane/devices/tests/test_tracker.py; pennylane/devices/tests/test_wires.py; pennylane/labs/tests/conftest.py; pennylane/labs/tests/dla/test_dense_utils.py; pennylane/labs/tests/dla/test_variational_kak.py; pennylane/labs/tests/estimator_beta/test_estimate.py; pennylane/labs/tests/phox/test_iqp_expval.py; pennylane/labs/tests/phox/test_training.py; pennylane/labs/tests/phox/test_utils.py; pennylane/labs/tests/trotter_error/realspace/test_matrix_trotter.py; tests/bose/test_binary_mapping.py; tests/bose/test_bosonic.py; tests/bose/test_christiansen_mapping.py; tests/bose/test_unary_mapping.py; tests/capture/autograph/conftest.py; tests/capture/autograph/test_autograph_array_update.py; tests/capture/gradients/test_capture_diff.py; tests/capture/gradients/test_capture_jvp.py; tests/capture/gradients/test_capture_value_and_grad.py; tests/capture/gradients/test_capture_vjp.py; tests/capture/test_base_interpreter.py; tests/capture/test_capture_module.py; tests/capture/test_capture_transforms.py; tests/capture/test_custom_primitives.py; tests/capture/test_dynamic_shapes.py; tests/capture/test_measurements_capture.py; tests/capture/test_meta_type.py; tests/capture/test_nested_plxpr.py; tests/capture/test_operators.py; tests/capture/test_switches.py; tests/capture/test_templates.py; tests/capture/transforms/test_capture_decompose.py; tests/capture/transforms/test_capture_defer_measurements.py; tests/capture/transforms/test_capture_merge_amplitude_embedding.py; tests/capture/transforms/test_mcm_execution.py; tests/circuit_graph/test_circuit_graph.py; tests/conftest.py; tests/control_flow/test_for_loop.py; tests/data/attributes/test_list.py; tests/data/attributes/test_molecule_.py; tests/data/attributes/test_sparse_array.py; tests/data/attributes/test_tuple.py; tests/data/data_manager/test_dataset_access.py; tests/data/data_manager/test_params.py; tests/data/data_manager/test_progress.py; tests/debugging/test_PLDB.py; tests/decomposition/test_decomposition_rule.py; tests/decomposition/test_reconstructor.py; tests/default_qubit_legacy.py; tests/device_shots_to_analytic.py; tests/devices/default_qubit/test_default_qubit.py; tests/devices/default_qubit/test_default_qubit_native_mcm.py; tests/devices/default_qubit/test_default_qubit_tracking.py; tests/devices/default_tensor/test_default_tensor.py; tests/devices/default_tensor/test_scalability.py; tests/devices/default_tensor/test_tensor_var.py; tests/devices/modifiers/test_all_modifiers.py; tests/devices/modifiers/test_simulator_tracking.py; tests/devices/modifiers/test_single_tape_support.py; tests/devices/qubit/test_adjoint_jacobian.py; tests/devices/qubit/test_dq_interpreter.py; tests/devices/qubit/test_jaxpr_adjoint_jvp.py; tests/devices/qubit_mixed/conftest.py; tests/devices/qubit_mixed/test_qubit_mixed_measure.py; tests/devices/qubit_mixed/test_qubit_mixed_simulate.py; tests/devices/qutrit_mixed/conftest.py; tests/devices/qutrit_mixed/test_qutrit_mixed_preprocessing.py; tests/devices/qutrit_mixed/test_qutrit_mixed_simulate.py; tests/devices/qutrit_mixed/test_qutrit_mixed_tracking.py; tests/devices/test_capabilities.py; tests/devices/test_default_gaussian.py; tests/devices/test_default_mixed.py; tests/devices/test_default_qutrit.py; tests/devices/test_device_api.py; tests/devices/test_legacy_device.py; tests/devices/test_legacy_facade.py; tests/devices/test_lightning_qubit.py; tests/devices/test_qubit_device.py; tests/devices/test_qutrit_device.py; tests/devices/test_tracker.py; tests/docs/test_supported_confs.py; tests/drawer/test_draw_catalyst.py; tests/drawer/test_label.py; tests/drawer/test_mpldrawer.py; tests/drawer/test_tape_mpl.py; tests/drawer/test_tape_text.py; tests/estimator/ops/test_estimator_controlled.py; tests/estimator/ops/test_estimator_identity.py; tests/estimator/ops/test_estimator_matrix_ops.py; tests/estimator/ops/test_estimator_non_parameteric.py; tests/estimator/ops/test_estimator_parametric_single_qubit.py; tests/estimator/ops/test_estimator_qchem.py; tests/estimator/ops/test_estimator_symbolics.py; tests/estimator/templates/test_estimator_comparators.py; tests/estimator/templates/test_estimator_qsp.py; tests/estimator/templates/test_estimator_qubitize.py; tests/estimator/templates/test_estimator_select.py; tests/estimator/templates/test_estimator_stateprep.py; tests/estimator/templates/test_estimator_subroutines.py; tests/estimator/templates/test_estimator_trotter.py; tests/estimator/test_compact_hamiltonian.py; tests/estimator/test_config_class.py; tests/estimator/test_estimator_first_quantization.py; tests/estimator/test_estimator_mapping.py; tests/estimator/test_estimator_measurement.py; tests/estimator/test_estimator_resOp.py; tests/estimator/test_estimator_second_quantization.py; tests/estimator/test_wires_manager.py; tests/fermi/test_fermi_mapping.py; tests/fermi/test_fermionic.py; tests/fourier/test_coefficients.py; tests/fourier/test_fourier_utils.py; tests/fourier/test_mark.py; tests/fourier/test_reconstruct.py; tests/fourier/test_visualize.py; tests/ftqc/test_cond_measure.py; tests/ftqc/test_operations.py; tests/ftqc/test_primitives.py; tests/gpu/test_gpu_torch.py; tests/gradients/core/test_adjoint_diff.py; tests/gradients/core/test_fisher.py; tests/gradients/core/test_general_shift_rules.py; tests/gradients/core/test_gradient_transform.py; tests/gradients/core/test_hadamard_gradient.py; tests/gradients/core/test_jvp.py; tests/gradients/core/test_metric_tensor.py; tests/gradients/core/test_pulse_odegen.py; tests/gradients/core/test_vjp.py; tests/gradients/finite_diff/test_finite_diff_jvp.py; tests/gradients/finite_diff/test_finite_difference.py; tests/gradients/finite_diff/test_finite_difference_shot_vec.py; tests/gradients/finite_diff/test_spsa_gradient.py; tests/gradients/parameter_shift/test_cv_gradients.py; tests/gradients/parameter_shift/test_parameter_shift_cv.py; tests/gradients/parameter_shift/test_parameter_shift_shot_vec.py; tests/helpers/mcm_utils.py; tests/helpers/stat_utils.py; tests/io/qasm_interpreter/test_interpreter.py; tests/io/test_io.py; tests/io/test_qasm.py; tests/io/test_qualtran_io.py; tests/kernels/test_kernels.py; tests/liealg/test_cartan_decomp.py; tests/liealg/test_horizontal_cartan_subalgebra.py; tests/liealg/test_involutions.py; tests/liealg/test_lie_closure.py; tests/liealg/test_structure_constants.py; tests/logging/test_logging_autograd.py; tests/math/test_basic_math.py; tests/math/test_binary_linalg.py; tests/math/test_catalyst_math.py; tests/math/test_choi.py; tests/math/test_decomposition_math.py; tests/math/test_density_matrices.py; tests/math/test_entropies_math.py; tests/math/test_functions.py; tests/math/test_init.py; tests/math/test_is_abstract.py; tests/math/test_is_independent.py; tests/math/test_matrix_manipulation.py; tests/math/test_multi_dispatch.py; tests/measurements/test_counts.py; tests/measurements/test_expval.py; tests/measurements/test_measurements_legacy.py; tests/measurements/test_mutual_info.py; tests/measurements/test_null_measurement.py; tests/measurements/test_sample.py; tests/measurements/test_vn_entropy.py; tests/noise/test_insert_ops.py; tests/noise/test_mitigate.py; tests/numpy/test_numpy_random.py; tests/ops/functions/test_assert_valid.py; tests/ops/functions/test_commutator.py; tests/ops/functions/test_dot.py; tests/ops/functions/test_eigvals.py; tests/ops/functions/test_evolve.py; tests/ops/functions/test_generator.py; tests/ops/functions/test_is_commuting.py; tests/ops/functions/test_is_unitary.py; tests/ops/functions/test_iterative_qpe.py; tests/ops/functions/test_matrix.py; tests/ops/op_math/decompositions/test_normal_forms.py; tests/ops/op_math/test_change_op_basis.py; tests/ops/op_math/test_controlled.py; tests/ops/op_math/test_decompositions.py; tests/ops/op_math/test_evolution.py; tests/ops/op_math/test_pow_op.py; tests/ops/op_math/test_prod.py; tests/ops/op_math/test_sum.py; tests/ops/qubit/test_all_qubit_ops.py; tests/ops/qubit/test_arithmetic_ops.py; tests/ops/qubit/test_attributes.py; tests/ops/qubit/test_matrix_ops.py; tests/ops/qubit/test_non_parametric_ops.py; tests/ops/qubit/test_observables.py; tests/ops/qubit/test_parametric_ops.py; tests/ops/qubit/test_qchem_ops.py; tests/ops/qubit/test_sparse.py; tests/ops/qubit/test_special_unitary.py; tests/ops/qubit/test_state_prep.py; tests/ops/qutrit/test_qutrit_channel_ops.py; tests/ops/qutrit/test_qutrit_matrix_ops.py; tests/ops/qutrit/test_qutrit_non_parametric_ops.py; tests/ops/qutrit/test_qutrit_observables.py; tests/ops/qutrit/test_qutrit_parametric_ops.py; tests/ops/qutrit/test_qutrit_state_prep.py; tests/ops/test_channel_ops.py; tests/ops/test_cv_ops.py; tests/ops/test_identity.py; tests/optimize/test_adagrad.py; tests/optimize/test_adam.py; tests/optimize/test_adaptive.py; tests/optimize/test_gradient_descent.py; tests/optimize/test_momentum.py; tests/optimize/test_momentum_qng.py; tests/optimize/test_nesterov_momentum.py; tests/optimize/test_optimize.py; tests/optimize/test_optimize_shot_adaptive.py; tests/optimize/test_qng.py; tests/optimize/test_qng_qjit.py; tests/optimize/test_qnspsa.py; tests/optimize/test_riemannian_gradient_optimizer.py; tests/optimize/test_rmsprop.py; tests/optimize/test_rotoselect.py; tests/optimize/test_rotosolve.py; tests/optimize/test_spsa.py; tests/pauli/grouping/test_pauli_graph_colouring.py; tests/pauli/grouping/test_pauli_group_observables.py; tests/pauli/grouping/test_pauli_optimize_measurements.py; tests/pauli/test_conversion.py; tests/pauli/test_measurement_transformations.py; tests/pauli/test_pauli_arithmetic.py; tests/pauli/test_pauli_interface.py; tests/pauli/test_pauli_utils.py; tests/pauli/test_pauli_vspace.py; tests/pauli/test_trace_inner_product.py; tests/pulse/test_convenience_functions.py; tests/pulse/test_hardware_hamiltonian.py; tests/pulse/test_parametrized_evolution.py; tests/pulse/test_parametrized_hamiltonian.py; tests/pulse/test_parametrized_hamiltonian_pytree.py; tests/pulse/test_pwc_functions.py; tests/pulse/test_rydberg.py; tests/pulse/test_transmon.py; tests/pytrees/test_pytrees.py; tests/qchem/openfermion_pyscf_tests/conftest.py; tests/qchem/openfermion_pyscf_tests/test_convert.py; tests/qchem/openfermion_pyscf_tests/test_convert_openfermion.py; tests/qchem/openfermion_pyscf_tests/test_decompose.py; tests/qchem/openfermion_pyscf_tests/test_dipole_of.py; tests/qchem/openfermion_pyscf_tests/test_meanfield.py; tests/qchem/openfermion_pyscf_tests/test_molecular_dipole.py; tests/qchem/openfermion_pyscf_tests/test_molecular_hamiltonian.py; tests/qchem/openfermion_pyscf_tests/test_observable_of.py; tests/qchem/openfermion_pyscf_tests/test_one_particle.py; tests/qchem/openfermion_pyscf_tests/test_two_particle.py; tests/qchem/test_basis_set.py; tests/qchem/test_dipole.py; tests/qchem/test_factorization.py; tests/qchem/test_hamiltonians.py; tests/qchem/test_hartree_fock.py; tests/qchem/test_integrals.py; tests/qchem/test_matrices.py; tests/qchem/test_molecule.py; tests/qchem/test_observable_hf.py; tests/qchem/test_particle_number.py; tests/qchem/test_spin.py; tests/qchem/test_structure.py; tests/qchem/test_tapering.py; tests/qchem/vibrational/conftest.py; tests/qchem/vibrational/test_christiansen_ham.py; tests/qchem/vibrational/test_pes_generator.py; tests/qchem/vibrational/test_ref_files/cform_ops_data.py; tests/qchem/vibrational/test_taylor_ham.py; tests/qchem/vibrational/test_vibrational_class.py; tests/qchem/vibrational/test_vscf.py; tests/qnn/conftest.py; tests/qnn/test_iqp_expval.py; tests/qnn/test_qnn_torch.py; tests/resource/test_resource.py; tests/resource/test_specs.py; tests/shadow/test_shadow_class.py; tests/shadow/test_shadow_entropies.py; tests/spin/test_lattice.py; tests/tape/test_operation_recorder.py; tests/tape/test_plxpr_conversion.py; tests/tape/test_qscript.py; tests/templates/embeddings/test_amplitude.py; tests/templates/embeddings/test_angle.py; tests/templates/embeddings/test_basis.py; tests/templates/embeddings/test_displacement_emb.py; tests/templates/embeddings/test_iqp_emb.py; tests/templates/embeddings/test_qaoa_emb.py; tests/templates/embeddings/test_squeezing_emb.py; tests/templates/layers/test_basic_entangler.py; tests/templates/layers/test_cv_neural_net.py; tests/templates/layers/test_gate_fabric.py; tests/templates/layers/test_particle_conserving_u1.py; tests/templates/layers/test_particle_conserving_u2.py; tests/templates/layers/test_random.py; tests/templates/layers/test_simplified_twodesign.py; tests/templates/layers/test_strongly_entangling.py; tests/templates/state_preparations/test_arbitrary_state_prep.py; tests/templates/state_preparations/test_cosine_window.py; tests/templates/state_preparations/test_mottonen_state_prep.py; tests/templates/state_preparations/test_multiplexer_state_prep.py; tests/templates/state_preparations/test_qrom_state_prep.py; tests/templates/state_preparations/test_qutrit_basis_state_prep.py; tests/templates/state_preparations/test_state_prep_mps.py; tests/templates/state_preparations/test_sum_of_slaters.py; tests/templates/subroutines/qchem/test_basis_rotation.py; tests/templates/subroutines/qchem/test_double_excitation.py; tests/templates/subroutines/qchem/test_single_excitation.py; tests/templates/subroutines/test_aqft.py; tests/templates/subroutines/test_arbitrary_unitary.py; tests/templates/subroutines/test_controlled_sequence.py; tests/templates/subroutines/test_fable.py; tests/templates/subroutines/test_flip_sign.py; tests/templates/subroutines/test_gqsp.py; tests/templates/subroutines/test_grover.py; tests/templates/subroutines/test_hilbert_schmidt.py; tests/templates/subroutines/test_interferometer.py; tests/templates/subroutines/test_iqp.py; tests/templates/subroutines/test_permute.py; tests/templates/subroutines/test_prepselprep.py; tests/templates/subroutines/test_qft.py; tests/templates/subroutines/test_qmc.py; tests/templates/subroutines/test_qpe.py; tests/templates/subroutines/test_qram.py; tests/templates/subroutines/test_select.py; tests/templates/subroutines/test_select_pauli_rot.py; tests/templates/subroutines/time_evolution/test_approx_time_evolution.py; tests/templates/subroutines/time_evolution/test_commuting_evolution.py; tests/templates/subroutines/time_evolution/test_qdrift.py; tests/templates/subroutines/time_evolution/test_trotter.py; tests/templates/tensornetworks/test_MERA.py; tests/templates/tensornetworks/test_MPS.py; tests/templates/tensornetworks/test_TTN.py; tests/templates/test_layer.py; tests/templates/test_subroutine.py; tests/test_about.py; tests/test_allocation.py; tests/test_autograd_grad.py; tests/test_boolean_fn.py; tests/test_classical_gradients.py; tests/test_configuration.py; tests/test_observable.py; tests/test_qaoa.py; tests/test_qcut.py; tests/test_qnode.py; tests/test_qnode_legacy.py; tests/test_queuing.py; tests/test_return_types.py; tests/test_return_types_legacy.py; tests/test_return_types_qnode.py; tests/test_tensor_measurements.py; tests/test_typing.py; tests/test_vqe.py; tests/test_wires.py; tests/transforms/core/test_compile_pipeline.py; tests/transforms/core/test_cotransform_cache.py; tests/transforms/intermediate_reps/test_parity_matrix.py; tests/transforms/intermediate_reps/test_parity_synth.py; tests/transforms/intermediate_reps/test_phase_polynomial.py; tests/transforms/intermediate_reps/test_rowcol.py; tests/transforms/test_batch_input.py; tests/transforms/test_batch_params.py; tests/transforms/test_batch_partial.py; tests/transforms/test_broadcast_expand.py; tests/transforms/test_classical_jacobian.py; tests/transforms/test_commutation_dag.py; tests/transforms/test_compile.py; tests/transforms/test_convert_to_numpy_parameters.py; tests/transforms/test_decompose_transform_graph.py; tests/transforms/test_decompositions/test_relative_phases.py; tests/transforms/test_defer_measurements.py; tests/transforms/test_gridsynth.py; tests/transforms/test_optimization/test_merge_rotations.py; tests/transforms/test_optimization/test_optimization_utils.py; tests/transforms/test_optimization/test_single_qubit_fusion.py; tests/transforms/test_optimization/test_undo_swaps.py; tests/transforms/test_qmc_transform.py; tests/transforms/test_resolve_dynamic_wires.py; tests/transforms/test_sign_expand.py; tests/transforms/test_split_non_commuting.py; tests/transforms/test_tape_expand.py; tests/transforms/zx/test_converter.py; tests/transforms/zx/test_optimize_t_count.py; tests/transforms/zx/test_push_hadamards.py; tests/transforms/zx/test_reduce_non_clifford.py; tests/transforms/zx/test_todd.py; tests/workflow/interfaces/execute/test_autograd.py; tests/workflow/interfaces/execute/test_jax.py; tests/workflow/interfaces/execute/test_jax_jit.py; tests/workflow/interfaces/execute/test_torch.py; tests/workflow/interfaces/qnode/test_autograd_qnode.py; tests/workflow/interfaces/qnode/test_autograd_qnode_shot_vector.py; tests/workflow/interfaces/qnode/test_jax_jit_qnode.py; tests/workflow/interfaces/qnode/test_jax_qnode.py; tests/workflow/interfaces/qnode/test_jax_qnode_shot_vector.py; tests/workflow/interfaces/qnode/test_qnode_integration_all.py; tests/workflow/interfaces/run/conftest.py; tests/workflow/interfaces/test_jacobian_products.py; tests/workflow/interfaces/test_transform_program_integration.py; tests/workflow/test_cache_transform.py; tests/workflow/test_construct_batch.py; tests/workflow/test_resolve_execution_config.py,pennylane/__init__.py; pennylane/_grad/__init__.py; pennylane/_grad/grad.py; pennylane/_grad/jvp.py; pennylane/_grad/value_and_grad.py; pennylane/_grad/vjp.py; pennylane/about.py; pennylane/allocation.py; pennylane/boolean_fn.py; pennylane/bose/bosonic.py; pennylane/capture/__init__.py; pennylane/capture/autograph/ag_primitives.py; pennylane/capture/autograph/transformer.py; pennylane/capture/base_interpreter.py; pennylane/capture/capture_meta.py; pennylane/capture/dynamic_shapes.py; pennylane/capture/expand_transforms.py; pennylane/capture/flatfn.py; pennylane/capture/patching.py; pennylane/capture/primitives.py; pennylane/capture/switches.py; pennylane/concurrency/__init__.py; pennylane/concurrency/executors/native/api.py; pennylane/control_flow/__init__.py; pennylane/control_flow/for_loop.py; pennylane/control_flow/while_loop.py; pennylane/data/attributes/dictionary.py; pennylane/data/attributes/json.py; pennylane/data/attributes/molecule.py; pennylane/data/attributes/pytree.py; pennylane/data/attributes/string.py; pennylane/data/base/mapper.py; pennylane/data/data_manager/__init__.py; pennylane/debugging/debugger.py; pennylane/debugging/snapshot.py; pennylane/devices/__init__.py; pennylane/devices/_legacy_device.py; pennylane/devices/_qubit_device.py; pennylane/devices/default_clifford.py; pennylane/devices/default_gaussian.py; pennylane/devices/default_mixed.py; pennylane/devices/default_qutrit.py; pennylane/devices/default_qutrit_mixed.py; pennylane/devices/default_tensor.py; pennylane/devices/device_constructor.py; pennylane/devices/legacy_facade.py; pennylane/devices/modifiers/__init__.py; pennylane/devices/modifiers/simulator_tracking.py; pennylane/devices/modifiers/single_tape_support.py; pennylane/devices/null_qubit.py; pennylane/devices/preprocess.py; pennylane/devices/qubit/adjoint_jacobian.py; pennylane/devices/qubit/apply_operation.py; pennylane/devices/qubit/jaxpr_adjoint.py; pennylane/devices/qubit/measure.py; pennylane/devices/qubit/sampling.py; pennylane/devices/qubit_mixed/__init__.py; pennylane/devices/qubit_mixed/einsum_manpulation.py; pennylane/devices/qubit_mixed/measure.py; pennylane/devices/qubit_mixed/sampling.py; pennylane/devices/qutrit_mixed/apply_operation.py; pennylane/devices/qutrit_mixed/sampling.py; pennylane/devices/qutrit_mixed/utils.py; pennylane/devices/reference_qubit.py; pennylane/devices/tests/__init__.py; pennylane/devices/tests/conftest.py; pennylane/devices/tests/test_compare_default_qubit.py; pennylane/devices/tests/test_gates.py; pennylane/devices/tests/test_gates_with_expval.py; pennylane/devices/tests/test_gradients_autograd.py; pennylane/devices/tests/test_gradients_jax.py; pennylane/devices/tests/test_gradients_torch.py; pennylane/devices/tests/test_measurements.py; pennylane/devices/tests/test_properties.py; pennylane/devices/tests/test_return_system.py; pennylane/devices/tests/test_templates.py; pennylane/devices/tests/test_tracker.py; pennylane/devices/tests/test_wires.py; pennylane/devices/toml_check.py; pennylane/drawer/drawable_layers.py; pennylane/drawer/label.py; pennylane/drawer/style.py; pennylane/drawer/tape_text.py; pennylane/drawer/utils.py; pennylane/estimator/compact_hamiltonian.py; pennylane/estimator/measurement.py; pennylane/estimator/ops/op_math/symbolic.py; pennylane/estimator/ops/qubit/matrix_ops.py; pennylane/estimator/ops/qubit/parametric_ops_multi_qubit.py; pennylane/estimator/ops/qubit/qchem_ops.py; pennylane/estimator/qpe_resources/first_quantization.py; pennylane/estimator/qpe_resources/second_quantization.py; pennylane/estimator/resource_config.py; pennylane/estimator/resource_mapping.py; pennylane/estimator/templates/qsp.py; pennylane/estimator/templates/qubitize.py; pennylane/estimator/templates/stateprep.py; pennylane/fermi/__init__.py; pennylane/fermi/conversion.py; pennylane/fermi/fermionic.py; pennylane/fourier/__init__.py; pennylane/fourier/coefficients.py; pennylane/fourier/mark.py; pennylane/fourier/reconstruct.py; pennylane/fourier/visualize.py; pennylane/ftqc/__init__.py; pennylane/ftqc/conditional_measure.py; pennylane/ftqc/graph_state_preparation.py; pennylane/ftqc/pauli_tracker.py; pennylane/ftqc/utils.py; pennylane/gradients/__init__.py; pennylane/gradients/adjoint_metric_tensor.py; pennylane/gradients/classical_jacobian.py; pennylane/gradients/finite_difference.py; pennylane/gradients/fisher.py; pennylane/gradients/general_shift_rules.py; pennylane/gradients/gradient_transform.py; pennylane/gradients/hadamard_gradient.py; pennylane/gradients/jvp.py; pennylane/gradients/metric_tensor.py; pennylane/gradients/parameter_shift.py; pennylane/gradients/parameter_shift_cv.py; pennylane/gradients/parameter_shift_hessian.py; pennylane/gradients/pulse_gradient.py; pennylane/gradients/pulse_gradient_odegen.py; pennylane/gradients/spsa_gradient.py; pennylane/gradients/vjp.py; pennylane/io/io.py; pennylane/io/to_openqasm.py; pennylane/kernels/cost_functions.py; pennylane/kernels/postprocessing.py; pennylane/kernels/utils.py; pennylane/labs/dla/recursive_cartan_decomp.py; pennylane/labs/dla/variational_kak.py; pennylane/labs/estimator_beta/__init__.py; pennylane/labs/estimator_beta/estimate.py; pennylane/labs/estimator_beta/templates/subroutines.py; pennylane/labs/estimator_beta/wires_manager.py; pennylane/labs/phox/expval_functions.py; pennylane/labs/phox/training.py; pennylane/labs/phox/utils.py; pennylane/labs/tests/conftest.py; pennylane/labs/tests/dla/test_dense_utils.py; pennylane/labs/tests/dla/test_variational_kak.py; pennylane/labs/tests/estimator_beta/test_estimate.py; pennylane/labs/tests/phox/test_iqp_expval.py; pennylane/labs/tests/phox/test_training.py; pennylane/labs/tests/phox/test_utils.py; pennylane/labs/tests/trotter_error/realspace/test_matrix_trotter.py; pennylane/labs/transforms/select_pauli_rot_phase_gradient.py; pennylane/labs/trotter_error/realspace/matrix.py; pennylane/liealg/cartan_decomp.py; pennylane/liealg/center.py; pennylane/liealg/horizontal_cartan_subalgebra.py; pennylane/liealg/involutions.py; pennylane/liealg/lie_closure.py; pennylane/liealg/structure_constants.py; pennylane/logging/configuration.py; pennylane/logging/filter.py; pennylane/logging/formatters/__init__.py; pennylane/logging/formatters/formatter.py; pennylane/logging/utils.py; pennylane/math/__init__.py; pennylane/math/binary_linalg.py; pennylane/math/fidelity.py; pennylane/math/is_independent.py; pennylane/math/multi_dispatch.py; pennylane/math/quantum.py; pennylane/measurements/__init__.py; pennylane/measurements/counts.py; pennylane/measurements/expval.py; pennylane/measurements/measurements.py; pennylane/measurements/mutual_info.py; pennylane/measurements/null_measurement.py; pennylane/measurements/probs.py; pennylane/measurements/purity.py; pennylane/measurements/sample.py; pennylane/measurements/shots.py; pennylane/measurements/state.py; pennylane/measurements/var.py; pennylane/noise/insert_ops.py; pennylane/numpy/__init__.py; pennylane/numpy/fft.py; pennylane/numpy/linalg.py; pennylane/numpy/tensor.py; pennylane/numpy/wrapper.py; pennylane/ops/channel.py; pennylane/ops/cv.py; pennylane/ops/functions/__init__.py; pennylane/ops/functions/assert_valid.py; pennylane/ops/functions/bind_new_parameters.py; pennylane/ops/functions/commutator.py; pennylane/ops/functions/eigvals.py; pennylane/ops/functions/equal.py; pennylane/ops/functions/is_hermitian.py; pennylane/ops/functions/is_unitary.py; pennylane/ops/functions/iterative_qpe.py; pennylane/ops/functions/map_wires.py; pennylane/ops/functions/matrix.py; pennylane/ops/functions/simplify.py; pennylane/ops/identity.py; pennylane/ops/mid_measure/measurement_value.py; pennylane/ops/op_math/adjoint.py; pennylane/ops/op_math/change_op_basis.py; pennylane/ops/op_math/composite.py; pennylane/ops/op_math/condition.py; pennylane/ops/op_math/decompositions/controlled_decompositions.py; pennylane/ops/op_math/decompositions/rings.py; pennylane/ops/op_math/decompositions/ross_selinger.py; pennylane/ops/op_math/decompositions/solovay_kitaev.py; pennylane/ops/op_math/linear_combination.py; pennylane/ops/op_math/pow.py; pennylane/ops/op_math/prod.py; pennylane/ops/op_math/sprod.py; pennylane/ops/op_math/sum.py; pennylane/ops/qubit/arithmetic_ops.py; pennylane/ops/qubit/attributes.py; pennylane/ops/qubit/matrix_ops.py; pennylane/ops/qubit/parametric_ops_multi_qubit.py; pennylane/ops/qubit/parametric_ops_single_qubit.py; pennylane/ops/qubit/qchem_ops.py; pennylane/ops/qubit/special_unitary.py; pennylane/ops/qubit/state_preparation.py; pennylane/ops/qutrit/channel.py; pennylane/ops/qutrit/non_parametric_ops.py; pennylane/ops/qutrit/observables.py; pennylane/ops/qutrit/parametric_ops.py; pennylane/ops/qutrit/state_preparation.py; pennylane/optimize/adagrad.py; pennylane/optimize/adam.py; pennylane/optimize/adaptive.py; pennylane/optimize/momentum.py; pennylane/optimize/momentum_qng.py; pennylane/optimize/nesterov_momentum.py; pennylane/optimize/qng.py; pennylane/optimize/qnspsa.py; pennylane/optimize/riemannian_gradient.py; pennylane/optimize/rms_prop.py; pennylane/optimize/rotosolve.py; pennylane/optimize/shot_adaptive.py; pennylane/pauli/conversion.py; pennylane/pauli/pauli_arithmetic.py; pennylane/pauli/pauli_interface.py; pennylane/pauli/pauli_vspace.py; pennylane/pauli/trace_inner_product.py; pennylane/pauli/utils.py; pennylane/pulse/convenience_functions.py; pennylane/pulse/parametrized_hamiltonian.py; pennylane/pulse/parametrized_hamiltonian_pytree.py; pennylane/pulse/rydberg.py; pennylane/pulse/transmon.py; pennylane/pytrees/pytrees.py; pennylane/qaoa/cost.py; pennylane/qaoa/cycle.py; pennylane/qaoa/mixers.py; pennylane/qchem/__init__.py; pennylane/qchem/basis_set.py; pennylane/qchem/convert.py; pennylane/qchem/dipole.py; pennylane/qchem/factorization.py; pennylane/qchem/hamiltonian.py; pennylane/qchem/integrals.py; pennylane/qchem/molecule.py; pennylane/qchem/number.py; pennylane/qchem/openfermion_pyscf.py; pennylane/qchem/spin.py; pennylane/qchem/structure.py; pennylane/qchem/tapering.py; pennylane/qchem/vibrational/christiansen_ham.py; pennylane/qchem/vibrational/christiansen_utils.py; pennylane/qchem/vibrational/taylor_ham.py; pennylane/qcut/kahypar.py; pennylane/qcut/utils.py; pennylane/qnn/iqp.py; pennylane/qnn/torch.py; pennylane/resource/__init__.py; pennylane/resource/error/error.py; pennylane/resource/resource.py; pennylane/shadows/classical_shadow.py; pennylane/spin/lattice.py; pennylane/tape/expand_tape.py; pennylane/tape/qscript.py; pennylane/tape/tape.py; pennylane/templates/core.py; pennylane/templates/embeddings/amplitude.py; pennylane/templates/embeddings/angle.py; pennylane/templates/embeddings/displacement.py; pennylane/templates/embeddings/iqp.py; pennylane/templates/embeddings/qaoaembedding.py; pennylane/templates/embeddings/squeezing.py; pennylane/templates/layer.py; pennylane/templates/layers/basic_entangler.py; pennylane/templates/layers/cv_neural_net.py; pennylane/templates/layers/gate_fabric.py; pennylane/templates/layers/particle_conserving_u1.py; pennylane/templates/layers/particle_conserving_u2.py; pennylane/templates/layers/random.py; pennylane/templates/layers/simplified_two_design.py; pennylane/templates/layers/strongly_entangling.py; pennylane/templates/state_preparations/cosine_window.py; pennylane/templates/state_preparations/state_prep_mps.py; pennylane/templates/state_preparations/superposition.py; pennylane/templates/subroutines/arithmetic/__init__.py; pennylane/templates/subroutines/arithmetic/adder.py; pennylane/templates/subroutines/arithmetic/mod_exp.py; pennylane/templates/subroutines/arithmetic/out_adder.py; pennylane/templates/subroutines/arithmetic/out_multiplier.py; pennylane/templates/subroutines/arithmetic/out_poly.py; pennylane/templates/subroutines/arithmetic/temporary_and.py; pennylane/templates/subroutines/controlled_sequence.py; pennylane/templates/subroutines/fable.py; pennylane/templates/subroutines/flip_sign.py; pennylane/templates/subroutines/grover.py; pennylane/templates/subroutines/hilbert_schmidt.py; pennylane/templates/subroutines/interferometer.py; pennylane/templates/subroutines/iqp.py; pennylane/templates/subroutines/permute.py; pennylane/templates/subroutines/qchem/basis_rotation.py; pennylane/templates/subroutines/qchem/fermionic_double_excitation.py; pennylane/templates/subroutines/qchem/kupccgsd.py; pennylane/templates/subroutines/qchem/uccsd.py; pennylane/templates/subroutines/qft.py; pennylane/templates/subroutines/qmc.py; pennylane/templates/subroutines/qpe.py; pennylane/templates/subroutines/qram.py; pennylane/templates/subroutines/qrom.py; pennylane/templates/subroutines/reflection.py; pennylane/templates/subroutines/select_pauli_rot.py; pennylane/templates/subroutines/time_evolution/__init__.py; pennylane/templates/subroutines/time_evolution/approx_time_evolution.py; pennylane/templates/subroutines/time_evolution/commuting_evolution.py; pennylane/templates/subroutines/time_evolution/qdrift.py; pennylane/templates/subroutines/time_evolution/trotter.py; pennylane/templates/tensornetworks/__init__.py; pennylane/templates/tensornetworks/mera.py; pennylane/templates/tensornetworks/mps.py; pennylane/templates/tensornetworks/ttn.py; pennylane/transforms/batch_input.py; pennylane/transforms/batch_params.py; pennylane/transforms/batch_partial.py; pennylane/transforms/commutation_dag.py; pennylane/transforms/compile.py; pennylane/transforms/core/cotransform_cache.py; pennylane/transforms/core/transform.py; pennylane/transforms/optimization/merge_rotations.py; pennylane/transforms/optimization/remove_barrier.py; pennylane/transforms/optimization/single_qubit_fusion.py; pennylane/transforms/optimization/undo_swaps.py; pennylane/transforms/qmc.py; pennylane/transforms/resolve_dynamic_wires.py; pennylane/transforms/tape_expand.py; pennylane/transforms/zx/__init__.py; pennylane/transforms/zx/converter.py; pennylane/transforms/zx/helper.py; pennylane/typing.py; pennylane/workflow/_capture_qnode.py; pennylane/workflow/construct_execution_config.py; pennylane/workflow/interfaces/jax.py; pennylane/workflow/interfaces/jax_jit.py; pennylane/workflow/interfaces/tensorflow.py; pennylane/workflow/interfaces/tensorflow_autograph.py; pennylane/workflow/interfaces/torch.py; pennylane/workflow/jacobian_products.py; pennylane/workflow/set_shots.py; pyproject.toml; tests/bose/test_binary_mapping.py; tests/bose/test_bosonic.py; tests/bose/test_christiansen_mapping.py; tests/bose/test_unary_mapping.py; tests/capture/autograph/conftest.py; tests/capture/autograph/test_autograph_array_update.py; tests/capture/gradients/test_capture_diff.py; tests/capture/gradients/test_capture_jvp.py; tests/capture/gradients/test_capture_value_and_grad.py; tests/capture/gradients/test_capture_vjp.py; tests/capture/test_base_interpreter.py; tests/capture/test_capture_module.py; tests/capture/test_capture_transforms.py; tests/capture/test_custom_primitives.py; tests/capture/test_dynamic_shapes.py; tests/capture/test_measurements_capture.py; tests/capture/test_meta_type.py; tests/capture/test_nested_plxpr.py; tests/capture/test_operators.py; tests/capture/test_switches.py; tests/capture/test_templates.py; tests/capture/transforms/test_capture_decompose.py; tests/capture/transforms/test_capture_defer_measurements.py; tests/capture/transforms/test_capture_merge_amplitude_embedding.py; tests/capture/transforms/test_mcm_execution.py; tests/circuit_graph/test_circuit_graph.py; tests/conftest.py; tests/control_flow/test_for_loop.py; tests/data/attributes/test_list.py; tests/data/attributes/test_molecule_.py; tests/data/attributes/test_sparse_array.py; tests/data/attributes/test_tuple.py; tests/data/data_manager/test_dataset_access.py; tests/data/data_manager/test_params.py; tests/data/data_manager/test_progress.py; tests/debugging/test_PLDB.py; tests/decomposition/test_decomposition_rule.py; tests/decomposition/test_reconstructor.py; tests/default_qubit_legacy.py; tests/device_shots_to_analytic.py; tests/devices/default_qubit/test_default_qubit.py; tests/devices/default_qubit/test_default_qubit_native_mcm.py; tests/devices/default_qubit/test_default_qubit_tracking.py; tests/devices/default_tensor/test_default_tensor.py; tests/devices/default_tensor/test_scalability.py; tests/devices/default_tensor/test_tensor_var.py; tests/devices/modifiers/test_all_modifiers.py; tests/devices/modifiers/test_simulator_tracking.py; tests/devices/modifiers/test_single_tape_support.py; tests/devices/qubit/test_adjoint_jacobian.py; tests/devices/qubit/test_dq_interpreter.py; tests/devices/qubit/test_jaxpr_adjoint_jvp.py; tests/devices/qubit_mixed/conftest.py; tests/devices/qubit_mixed/test_qubit_mixed_measure.py; tests/devices/qubit_mixed/test_qubit_mixed_simulate.py; tests/devices/qutrit_mixed/conftest.py; tests/devices/qutrit_mixed/test_qutrit_mixed_preprocessing.py; tests/devices/qutrit_mixed/test_qutrit_mixed_simulate.py; tests/devices/qutrit_mixed/test_qutrit_mixed_tracking.py; tests/devices/test_capabilities.py; tests/devices/test_default_gaussian.py; tests/devices/test_default_mixed.py; tests/devices/test_default_qutrit.py; tests/devices/test_device_api.py; tests/devices/test_legacy_device.py; tests/devices/test_legacy_facade.py; tests/devices/test_lightning_qubit.py; tests/devices/test_qubit_device.py; tests/devices/test_qutrit_device.py; tests/devices/test_tracker.py; tests/docs/test_supported_confs.py; tests/drawer/test_draw_catalyst.py; tests/drawer/test_label.py; tests/drawer/test_mpldrawer.py; tests/drawer/test_tape_mpl.py; tests/drawer/test_tape_text.py; tests/estimator/ops/test_estimator_controlled.py; tests/estimator/ops/test_estimator_identity.py; tests/estimator/ops/test_estimator_matrix_ops.py; tests/estimator/ops/test_estimator_non_parameteric.py; tests/estimator/ops/test_estimator_parametric_single_qubit.py; tests/estimator/ops/test_estimator_qchem.py; tests/estimator/ops/test_estimator_symbolics.py; tests/estimator/templates/test_estimator_comparators.py; tests/estimator/templates/test_estimator_qsp.py; tests/estimator/templates/test_estimator_qubitize.py; tests/estimator/templates/test_estimator_select.py; tests/estimator/templates/test_estimator_stateprep.py; tests/estimator/templates/test_estimator_subroutines.py; tests/estimator/templates/test_estimator_trotter.py; tests/estimator/test_compact_hamiltonian.py; tests/estimator/test_config_class.py; tests/estimator/test_estimator_first_quantization.py; tests/estimator/test_estimator_mapping.py; tests/estimator/test_estimator_measurement.py; tests/estimator/test_estimator_resOp.py; tests/estimator/test_estimator_second_quantization.py; tests/estimator/test_wires_manager.py; tests/fermi/test_fermi_mapping.py; tests/fermi/test_fermionic.py; tests/fourier/test_coefficients.py; tests/fourier/test_fourier_utils.py; tests/fourier/test_mark.py; tests/fourier/test_reconstruct.py; tests/fourier/test_visualize.py; tests/ftqc/test_cond_measure.py; tests/ftqc/test_operations.py; tests/ftqc/test_primitives.py; tests/gpu/test_gpu_torch.py; tests/gradients/core/test_adjoint_diff.py; tests/gradients/core/test_fisher.py; tests/gradients/core/test_general_shift_rules.py; tests/gradients/core/test_gradient_transform.py; tests/gradients/core/test_hadamard_gradient.py; tests/gradients/core/test_jvp.py; tests/gradients/core/test_metric_tensor.py; tests/gradients/core/test_pulse_odegen.py; tests/gradients/core/test_vjp.py; tests/gradients/finite_diff/test_finite_diff_jvp.py; tests/gradients/finite_diff/test_finite_difference.py; tests/gradients/finite_diff/test_finite_difference_shot_vec.py; tests/gradients/finite_diff/test_spsa_gradient.py; tests/gradients/parameter_shift/test_cv_gradients.py; tests/gradients/parameter_shift/test_parameter_shift_cv.py; tests/gradients/parameter_shift/test_parameter_shift_shot_vec.py; tests/helpers/mcm_utils.py; tests/helpers/stat_utils.py; tests/io/qasm_interpreter/test_interpreter.py; tests/io/test_io.py; tests/io/test_qasm.py; tests/io/test_qualtran_io.py; tests/kernels/test_kernels.py; tests/liealg/test_cartan_decomp.py; tests/liealg/test_horizontal_cartan_subalgebra.py; tests/liealg/test_involutions.py; tests/liealg/test_lie_closure.py; tests/liealg/test_structure_constants.py; tests/logging/test_logging_autograd.py; tests/math/test_basic_math.py; tests/math/test_binary_linalg.py; tests/math/test_catalyst_math.py; tests/math/test_choi.py; tests/math/test_decomposition_math.py; tests/math/test_density_matrices.py; tests/math/test_entropies_math.py; tests/math/test_functions.py; tests/math/test_init.py; tests/math/test_is_abstract.py; tests/math/test_is_independent.py; tests/math/test_matrix_manipulation.py; tests/math/test_multi_dispatch.py; tests/measurements/test_counts.py; tests/measurements/test_expval.py; tests/measurements/test_measurements_legacy.py; tests/measurements/test_mutual_info.py; tests/measurements/test_null_measurement.py; tests/measurements/test_sample.py; tests/measurements/test_vn_entropy.py; tests/noise/test_insert_ops.py; tests/noise/test_mitigate.py; tests/numpy/test_numpy_random.py; tests/ops/functions/test_assert_valid.py; tests/ops/functions/test_commutator.py; tests/ops/functions/test_dot.py; tests/ops/functions/test_eigvals.py; tests/ops/functions/test_evolve.py; tests/ops/functions/test_generator.py; tests/ops/functions/test_is_commuting.py; tests/ops/functions/test_is_unitary.py; tests/ops/functions/test_iterative_qpe.py; tests/ops/functions/test_matrix.py; tests/ops/op_math/decompositions/test_normal_forms.py; tests/ops/op_math/test_change_op_basis.py; tests/ops/op_math/test_controlled.py; tests/ops/op_math/test_decompositions.py; tests/ops/op_math/test_evolution.py; tests/ops/op_math/test_pow_op.py; tests/ops/op_math/test_prod.py; tests/ops/op_math/test_sum.py; tests/ops/qubit/test_all_qubit_ops.py; tests/ops/qubit/test_arithmetic_ops.py; tests/ops/qubit/test_attributes.py; tests/ops/qubit/test_matrix_ops.py; tests/ops/qubit/test_non_parametric_ops.py; tests/ops/qubit/test_observables.py; tests/ops/qubit/test_parametric_ops.py; tests/ops/qubit/test_qchem_ops.py; tests/ops/qubit/test_sparse.py; tests/ops/qubit/test_special_unitary.py; tests/ops/qubit/test_state_prep.py; tests/ops/qutrit/test_qutrit_channel_ops.py; tests/ops/qutrit/test_qutrit_matrix_ops.py; tests/ops/qutrit/test_qutrit_non_parametric_ops.py; tests/ops/qutrit/test_qutrit_observables.py; tests/ops/qutrit/test_qutrit_parametric_ops.py; tests/ops/qutrit/test_qutrit_state_prep.py; tests/ops/test_channel_ops.py; tests/ops/test_cv_ops.py; tests/ops/test_identity.py; tests/optimize/test_adagrad.py; tests/optimize/test_adam.py; tests/optimize/test_adaptive.py; tests/optimize/test_gradient_descent.py; tests/optimize/test_momentum.py; tests/optimize/test_momentum_qng.py; tests/optimize/test_nesterov_momentum.py; tests/optimize/test_optimize.py; tests/optimize/test_optimize_shot_adaptive.py; tests/optimize/test_qng.py; tests/optimize/test_qng_qjit.py; tests/optimize/test_qnspsa.py; tests/optimize/test_riemannian_gradient_optimizer.py; tests/optimize/test_rmsprop.py; tests/optimize/test_rotoselect.py; tests/optimize/test_rotosolve.py; tests/optimize/test_spsa.py; tests/pauli/grouping/test_pauli_graph_colouring.py; tests/pauli/grouping/test_pauli_group_observables.py; tests/pauli/grouping/test_pauli_optimize_measurements.py; tests/pauli/test_conversion.py; tests/pauli/test_measurement_transformations.py; tests/pauli/test_pauli_arithmetic.py; tests/pauli/test_pauli_interface.py; tests/pauli/test_pauli_utils.py; tests/pauli/test_pauli_vspace.py; tests/pauli/test_trace_inner_product.py; tests/pulse/test_convenience_functions.py; tests/pulse/test_hardware_hamiltonian.py; tests/pulse/test_parametrized_evolution.py; tests/pulse/test_parametrized_hamiltonian.py; tests/pulse/test_parametrized_hamiltonian_pytree.py; tests/pulse/test_pwc_functions.py; tests/pulse/test_rydberg.py; tests/pulse/test_transmon.py; tests/pytrees/test_pytrees.py; tests/qchem/openfermion_pyscf_tests/conftest.py; tests/qchem/openfermion_pyscf_tests/test_convert.py; tests/qchem/openfermion_pyscf_tests/test_convert_openfermion.py; tests/qchem/openfermion_pyscf_tests/test_decompose.py; tests/qchem/openfermion_pyscf_tests/test_dipole_of.py; tests/qchem/openfermion_pyscf_tests/test_meanfield.py; tests/qchem/openfermion_pyscf_tests/test_molecular_dipole.py; tests/qchem/openfermion_pyscf_tests/test_molecular_hamiltonian.py; tests/qchem/openfermion_pyscf_tests/test_observable_of.py; tests/qchem/openfermion_pyscf_tests/test_one_particle.py; tests/qchem/openfermion_pyscf_tests/test_two_particle.py; tests/qchem/test_basis_set.py; tests/qchem/test_dipole.py; tests/qchem/test_factorization.py; tests/qchem/test_hamiltonians.py; tests/qchem/test_hartree_fock.py; tests/qchem/test_integrals.py; tests/qchem/test_matrices.py; tests/qchem/test_molecule.py; tests/qchem/test_observable_hf.py; tests/qchem/test_particle_number.py; tests/qchem/test_spin.py; tests/qchem/test_structure.py; tests/qchem/test_tapering.py; tests/qchem/vibrational/conftest.py; tests/qchem/vibrational/test_christiansen_ham.py; tests/qchem/vibrational/test_pes_generator.py; tests/qchem/vibrational/test_ref_files/cform_ops_data.py; tests/qchem/vibrational/test_taylor_ham.py; tests/qchem/vibrational/test_vibrational_class.py; tests/qchem/vibrational/test_vscf.py; tests/qnn/conftest.py; tests/qnn/test_iqp_expval.py; tests/qnn/test_qnn_torch.py; tests/resource/test_resource.py; tests/resource/test_specs.py; tests/shadow/test_shadow_class.py; tests/shadow/test_shadow_entropies.py; tests/spin/test_lattice.py; tests/tape/test_operation_recorder.py; tests/tape/test_plxpr_conversion.py; tests/tape/test_qscript.py; tests/templates/embeddings/test_amplitude.py; tests/templates/embeddings/test_angle.py; tests/templates/embeddings/test_basis.py; tests/templates/embeddings/test_displacement_emb.py; tests/templates/embeddings/test_iqp_emb.py; tests/templates/embeddings/test_qaoa_emb.py; tests/templates/embeddings/test_squeezing_emb.py; tests/templates/layers/test_basic_entangler.py; tests/templates/layers/test_cv_neural_net.py; tests/templates/layers/test_gate_fabric.py; tests/templates/layers/test_particle_conserving_u1.py; tests/templates/layers/test_particle_conserving_u2.py; tests/templates/layers/test_random.py; tests/templates/layers/test_simplified_twodesign.py; tests/templates/layers/test_strongly_entangling.py; tests/templates/state_preparations/test_arbitrary_state_prep.py; tests/templates/state_preparations/test_cosine_window.py; tests/templates/state_preparations/test_mottonen_state_prep.py; tests/templates/state_preparations/test_multiplexer_state_prep.py; tests/templates/state_preparations/test_qrom_state_prep.py; tests/templates/state_preparations/test_qutrit_basis_state_prep.py; tests/templates/state_preparations/test_state_prep_mps.py; tests/templates/state_preparations/test_sum_of_slaters.py; tests/templates/subroutines/qchem/test_basis_rotation.py; tests/templates/subroutines/qchem/test_double_excitation.py; tests/templates/subroutines/qchem/test_single_excitation.py; tests/templates/subroutines/test_aqft.py; tests/templates/subroutines/test_arbitrary_unitary.py; tests/templates/subroutines/test_controlled_sequence.py; tests/templates/subroutines/test_fable.py; tests/templates/subroutines/test_flip_sign.py; tests/templates/subroutines/test_gqsp.py; tests/templates/subroutines/test_grover.py; tests/templates/subroutines/test_hilbert_schmidt.py; tests/templates/subroutines/test_interferometer.py; tests/templates/subroutines/test_iqp.py; tests/templates/subroutines/test_permute.py; tests/templates/subroutines/test_prepselprep.py; tests/templates/subroutines/test_qft.py; tests/templates/subroutines/test_qmc.py; tests/templates/subroutines/test_qpe.py; tests/templates/subroutines/test_qram.py; tests/templates/subroutines/test_select.py; tests/templates/subroutines/test_select_pauli_rot.py; tests/templates/subroutines/time_evolution/test_approx_time_evolution.py; tests/templates/subroutines/time_evolution/test_commuting_evolution.py; tests/templates/subroutines/time_evolution/test_qdrift.py; tests/templates/subroutines/time_evolution/test_trotter.py; tests/templates/tensornetworks/test_MERA.py; tests/templates/tensornetworks/test_MPS.py; tests/templates/tensornetworks/test_TTN.py; tests/templates/test_layer.py; tests/templates/test_subroutine.py; tests/test_about.py; tests/test_allocation.py; tests/test_autograd_grad.py; tests/test_boolean_fn.py; tests/test_classical_gradients.py; tests/test_configuration.py; tests/test_observable.py; tests/test_qaoa.py; tests/test_qcut.py; tests/test_qnode.py; tests/test_qnode_legacy.py; tests/test_queuing.py; tests/test_return_types.py; tests/test_return_types_legacy.py; tests/test_return_types_qnode.py; tests/test_tensor_measurements.py; tests/test_typing.py; tests/test_vqe.py; tests/test_wires.py; tests/transforms/core/test_compile_pipeline.py; tests/transforms/core/test_cotransform_cache.py; tests/transforms/intermediate_reps/test_parity_matrix.py; tests/transforms/intermediate_reps/test_parity_synth.py; tests/transforms/intermediate_reps/test_phase_polynomial.py; tests/transforms/intermediate_reps/test_rowcol.py; tests/transforms/test_batch_input.py; tests/transforms/test_batch_params.py; tests/transforms/test_batch_partial.py; tests/transforms/test_broadcast_expand.py; tests/transforms/test_classical_jacobian.py; tests/transforms/test_commutation_dag.py; tests/transforms/test_compile.py; tests/transforms/test_convert_to_numpy_parameters.py; tests/transforms/test_decompose_transform_graph.py; tests/transforms/test_decompositions/test_relative_phases.py; tests/transforms/test_defer_measurements.py; tests/transforms/test_gridsynth.py; tests/transforms/test_optimization/test_merge_rotations.py; tests/transforms/test_optimization/test_optimization_utils.py; tests/transforms/test_optimization/test_single_qubit_fusion.py; tests/transforms/test_optimization/test_undo_swaps.py; tests/transforms/test_qmc_transform.py; tests/transforms/test_resolve_dynamic_wires.py; tests/transforms/test_sign_expand.py; tests/transforms/test_split_non_commuting.py; tests/transforms/test_tape_expand.py; tests/transforms/zx/test_converter.py; tests/transforms/zx/test_optimize_t_count.py; tests/transforms/zx/test_push_hadamards.py; tests/transforms/zx/test_reduce_non_clifford.py; tests/transforms/zx/test_todd.py; tests/workflow/interfaces/execute/test_autograd.py; tests/workflow/interfaces/execute/test_jax.py; tests/workflow/interfaces/execute/test_jax_jit.py; tests/workflow/interfaces/execute/test_torch.py; tests/workflow/interfaces/qnode/test_autograd_qnode.py; tests/workflow/interfaces/qnode/test_autograd_qnode_shot_vector.py; tests/workflow/interfaces/qnode/test_jax_jit_qnode.py; tests/workflow/interfaces/qnode/test_jax_qnode.py; tests/workflow/interfaces/qnode/test_jax_qnode_shot_vector.py; tests/workflow/interfaces/qnode/test_qnode_integration_all.py; tests/workflow/interfaces/run/conftest.py; tests/workflow/interfaces/test_jacobian_products.py; tests/workflow/interfaces/test_transform_program_integration.py; tests/workflow/test_cache_transform.py; tests/workflow/test_construct_batch.py; tests/workflow/test_resolve_execution_config.py; uv.lock,other,,,
19,pennylane_7033_7039,PennyLaneAI/pennylane,https://github.com/PennyLaneAI/pennylane/issues/7033,https://github.com/PennyLaneAI/pennylane/pull/7039,Bump Numpy,Unpin `numpy`,2025-03-18T19:44:54Z,linked:pr_text,#7033,pennylane/qnn/keras.py,tests/qchem/openfermion_pyscf_tests/conftest.py; tests/qchem/openfermion_pyscf_tests/test_dipole_of.py; tests/qchem/openfermion_pyscf_tests/test_meanfield.py; tests/qchem/openfermion_pyscf_tests/test_molecular_dipole.py; tests/qchem/openfermion_pyscf_tests/test_molecular_hamiltonian.py; tests/qnn/test_keras.py,.github/workflows/test_numpy_1_compat.yml; tests/qchem/openfermion_pyscf_tests/conftest.py; tests/qchem/openfermion_pyscf_tests/test_dipole_of.py; tests/qchem/openfermion_pyscf_tests/test_meanfield.py; tests/qchem/openfermion_pyscf_tests/test_molecular_dipole.py; tests/qchem/openfermion_pyscf_tests/test_molecular_hamiltonian.py; tests/qnn/test_keras.py,.github/workflows/interface-dependency-versions.yml; .github/workflows/test_numpy_1_compat.yml; doc/requirements.txt; docker/interfaces/install-interface-gpu.sh; docker/interfaces/install-interface.sh; pennylane/qnn/keras.py; setup.py; tests/qchem/openfermion_pyscf_tests/conftest.py; tests/qchem/openfermion_pyscf_tests/test_dipole_of.py; tests/qchem/openfermion_pyscf_tests/test_meanfield.py; tests/qchem/openfermion_pyscf_tests/test_molecular_dipole.py; tests/qchem/openfermion_pyscf_tests/test_molecular_hamiltonian.py; tests/qnn/test_keras.py,other,,,
20,pennylane_5895_5920,PennyLaneAI/pennylane,https://github.com/PennyLaneAI/pennylane/issues/5895,https://github.com/PennyLaneAI/pennylane/pull/5920,Add matrix support for fermionic objects,Closes #5895 Add matrix support for fermionic objects,2024-07-19T12:55:36Z,linked:pr_text,#5895; Closes #5895,pennylane/fermi/fermionic.py,,tests/fermi/test_fermionic.py,doc/releases/changelog-dev.md; pennylane/fermi/fermionic.py; tests/fermi/test_fermionic.py,feature,yes,completed,"Built benchmark-pennylane_5895_5920:latest. Core fermi application change: FermiWord/FermiSentence matrix support via to_mat. fail-pass uses four PR-added to_mat tests; pass-pass uses adjacent FermiWord/FermiSentence legacy behavior. golden patch limited to pennylane/fermi/fermionic.py. Env: python:3.9-slim-trixie, Debian 13/glibc 2.41, linux/amd64."
21,pennylane_5762_5816,PennyLaneAI/pennylane,https://github.com/PennyLaneAI/pennylane/issues/5762,https://github.com/PennyLaneAI/pennylane/pull/5816,[BUG] TorchLayer does not work correctly with broadcasting and `tuple` returns,Bugfix: `TorchLayer` does not work correctly with broadcasting and `tuple` returns,2024-06-12T19:31:51Z,linked:pr_text,#5762,pennylane/qnn/torch.py,tests/qnn/test_qnn_torch.py,tests/qnn/test_qnn_torch.py,doc/releases/changelog-dev.md; pennylane/qnn/torch.py; tests/qnn/test_qnn_torch.py,bugfix,,,
22,pennylane_4999_5008,PennyLaneAI/pennylane,https://github.com/PennyLaneAI/pennylane/issues/4999,https://github.com/PennyLaneAI/pennylane/pull/5008,[BUG] Loading hybrid quantum neuronal networks does not work with TensorFlow,fix keraslayer set and get attr dunders,2024-01-05T19:59:52Z,linked:pr_text,#4999; #4611; Fixes #4999,pennylane/qnn/keras.py,tests/qnn/test_keras.py,tests/qnn/test_keras.py,doc/releases/changelog-0.34.0.md; pennylane/qnn/keras.py; tests/qnn/test_keras.py,bugfix,,,
23,pennylane_4881_4928,PennyLaneAI/pennylane,https://github.com/PennyLaneAI/pennylane/issues/4881,https://github.com/PennyLaneAI/pennylane/pull/4928,Add parity transformation,Added parity transformation for issue #4881,2024-01-31T14:03:58Z,linked:pr_text,#4881; issue #4881,pennylane/fermi/__init__.py; pennylane/fermi/conversion.py,,tests/fermi/test_parity_mapping.py,doc/releases/changelog-dev.md; pennylane/fermi/__init__.py; pennylane/fermi/conversion.py; tests/fermi/test_parity_mapping.py,feature,yes,completed,"Built benchmark-pennylane_4881_4928:latest. Core fermi application change: add parity_transform mapping for FermiWord/FermiSentence. fail-pass uses 14 PR-added parity mapping selectors; pass-pass uses 12 adjacent Jordan-Wigner mapping selectors. golden patch limited to pennylane/fermi/__init__.py and pennylane/fermi/conversion.py. Env: python:3.9-slim-trixie, Debian 13/glibc 2.41, linux/amd64."
24,pennylane_4584_4611,PennyLaneAI/pennylane,https://github.com/PennyLaneAI/pennylane/issues/4584,https://github.com/PennyLaneAI/pennylane/pull/4611,[BUG] AttributeError: 'QNode' object has no attribute 'weights' (TorchLayer),Fix `qnn.TorchLayer` attributes,2023-09-19T21:23:50Z,linked:pr_text,#4584,pennylane/qnn/torch.py,tests/qnn/test_qnn_torch.py,tests/qnn/test_qnn_torch.py,doc/releases/changelog-dev.md; pennylane/qnn/torch.py; tests/qnn/test_qnn_torch.py,bugfix,,,
25,pennylane_3973_3975,PennyLaneAI/pennylane,https://github.com/PennyLaneAI/pennylane/issues/3973,https://github.com/PennyLaneAI/pennylane/pull/3975,Replace `retworkx` with `rustworkx` across package,Rename `retworkx` to `rustworkx`,2023-04-10T17:27:30Z,linked:pr_text,#3973; Issue #3973,pennylane/qaoa/cost.py; pennylane/qaoa/cycle.py; pennylane/qaoa/mixers.py,tests/test_qaoa.py,tests/.pylintrc; tests/test_qaoa.py,.pylintrc; doc/introduction/inspecting_circuits.rst; doc/releases/changelog-dev.md; doc/requirements.txt; pennylane/circuit_graph.py; pennylane/fourier/visualize.py; pennylane/qaoa/cost.py; pennylane/qaoa/cycle.py; pennylane/qaoa/mixers.py; pennylane/tracker.py; requirements-ci.txt; requirements.txt; setup.py; tests/.pylintrc; tests/test_qaoa.py,refactor,,,
26,pennylane_1_3384,PennyLaneAI/pennylane,https://github.com/PennyLaneAI/pennylane/issues/1,https://github.com/PennyLaneAI/pennylane/pull/3384,Documentation-friendly technical details,Update `decompose` utility function and move into Pauli module (PauliUtility #1),2022-12-02T21:32:42Z,linked:pr_text,#1,pennylane/qchem/tapering.py,,tests/ops/functions/test_generator.py; tests/pauli/test_conversion.py; tests/test_utils.py,doc/code/qml_utils.rst; doc/development/deprecations.rst; doc/introduction/operations.rst; doc/releases/changelog-dev.md; pennylane/__init__.py; pennylane/ops/functions/generator.py; pennylane/pauli/__init__.py; pennylane/pauli/conversion.py; pennylane/pauli/pauli_arithmetic.py; pennylane/qchem/tapering.py; pennylane/utils.py; tests/ops/functions/test_generator.py; tests/pauli/test_conversion.py; tests/test_utils.py,other,,,
27,pennylane_2037_2069,PennyLaneAI/pennylane,https://github.com/PennyLaneAI/pennylane/issues/2037,https://github.com/PennyLaneAI/pennylane/pull/2069,Batched run for QML applications (TensorFlow),Batch run,2022-03-08T08:11:17Z,linked:pr_text,#2037; issue #2037,pennylane/qnn/keras.py,tests/qnn/test_keras.py,tests/qnn/test_keras.py; tests/transforms/test_batch_inputs.py,doc/releases/changelog-dev.md; pennylane/__init__.py; pennylane/measurements.py; pennylane/qnn/keras.py; pennylane/transforms/__init__.py; pennylane/transforms/batch_input.py; tests/qnn/test_keras.py; tests/transforms/test_batch_inputs.py,feature,yes,skipped,"Skipped during Docker build triage. PR head is a merge commit whose reproducible merge-base-to-head diff only changes tests/transforms/test_batch_inputs.py and does not contain the qnn/keras.py application implementation. Reconstructing the historical feature range from the first batch-run commit crosses a large upstream sync with many unrelated files, so no solid minimal golden patch can be formed for this benchmark sample."
