sample_id,dataset_id,repository,issue_url,pr_url,source_file,source_row_id,source_revision,issue_label,keep,benchmark_status,stage,reason_code,reason_evidence,reason_summary_en,original_benchmark_notes
openfermion_771_772,,quantumlib/OpenFermion,https://github.com/quantumlib/OpenFermion/issues/771,https://github.com/quantumlib/OpenFermion/pull/772,preprocessing/result/openfermion_combined_review_candidates.csv,1,b144452455dfc3bcfe288f6b3e714890b3b7b31d,bugfix,,,503_to_113,bugfix,recorded_issue_label,Recorded issue_label classification.,
openfermion_752_753,12,quantumlib/OpenFermion,https://github.com/quantumlib/OpenFermion/issues/752,https://github.com/quantumlib/OpenFermion/pull/753,preprocessing/result/openfermion_combined_review_candidates.csv,2,b144452455dfc3bcfe288f6b3e714890b3b7b31d,feature,yes,completed,retained,retained,dataset_index_and_completed_status,,"Benchmark sample completed. Re-checked Build_Docker_WORKFLOW scope against issue #752 and kept direct Bravyi-Kitaev support for InteractionOperator in scope while excluding the accompanying fenwick_tree test-only parity adjustment from the task surface. Fail-pass uses 6 selectors from bravyi_kitaev_test.py: the updated n_qubits validation case plus 5 new InteractionOperator behavior cases covering one-body, Coulomb/exchange, number-excitation, double-excitation, and complex-valued interaction operators. Pass-pass uses 12 adjacent legacy Bravyi-Kitaev selectors from the same test module covering FermionOperator and MajoranaOperator transform behavior, spectra preservation, integration regressions, and bad-type handling. Stability checks: patched fail-pass passed 3/3, base fail-pass failed 3/3 with InteractionOperator TypeError, and patched/base pass-pass both passed 3/3. Formal validation: patched fail-pass 6 passed in 4.04s / 13.17s wall; patched pass-pass 12 passed in 0.60s / 9.31s wall; base fail-pass 6 failed in 0.29s / 10.99s wall; base pass-pass 12 passed in 0.71s / 11.20s wall. Golden patch scope: src/openfermion/transforms/opconversions/bravyi_kitaev.py. Final image sha256:284e41457a7e9dd96213aa7bd1d853d5ad57d286de99d72b289cd794391de714, size 795604486 bytes."
openfermion_743_748,,quantumlib/OpenFermion,https://github.com/quantumlib/OpenFermion/issues/743,https://github.com/quantumlib/OpenFermion/pull/748,preprocessing/result/openfermion_combined_review_candidates.csv,3,b144452455dfc3bcfe288f6b3e714890b3b7b31d,other,,,503_to_113,other,recorded_issue_label,Recorded issue_label classification; no finer reason was saved for other.,
openfermion_737_738,,quantumlib/OpenFermion,https://github.com/quantumlib/OpenFermion/issues/737,https://github.com/quantumlib/OpenFermion/pull/738,preprocessing/result/openfermion_combined_review_candidates.csv,4,b144452455dfc3bcfe288f6b3e714890b3b7b31d,other,,,503_to_113,other,recorded_issue_label,Recorded issue_label classification; no finer reason was saved for other.,
openfermion_520_521,,quantumlib/OpenFermion,https://github.com/quantumlib/OpenFermion/issues/520,https://github.com/quantumlib/OpenFermion/pull/521,preprocessing/result/openfermion_combined_review_candidates.csv,5,b144452455dfc3bcfe288f6b3e714890b3b7b31d,feature,no,,503_to_113,feature_not_retained_reason_missing,decision_only_reason_missing,"The keep decision was recorded without a specific exclusion reason; missing tests, relationship ambiguity, or insufficient quantum scope must not be inferred.",
openfermion_481_1219,,quantumlib/OpenFermion,https://github.com/quantumlib/OpenFermion/issues/481,https://github.com/quantumlib/OpenFermion/pull/1219,preprocessing/result/openfermion_combined_review_candidates.csv,6,b144452455dfc3bcfe288f6b3e714890b3b7b31d,other,,,503_to_113,other,recorded_issue_label,Recorded issue_label classification; no finer reason was saved for other.,
openfermion_471_472,,quantumlib/OpenFermion,https://github.com/quantumlib/OpenFermion/issues/471,https://github.com/quantumlib/OpenFermion/pull/472,preprocessing/result/openfermion_combined_review_candidates.csv,7,b144452455dfc3bcfe288f6b3e714890b3b7b31d,bugfix,,,503_to_113,bugfix,recorded_issue_label,Recorded issue_label classification.,
openfermion_448_521,,quantumlib/OpenFermion,https://github.com/quantumlib/OpenFermion/issues/448,https://github.com/quantumlib/OpenFermion/pull/521,preprocessing/result/openfermion_combined_review_candidates.csv,8,b144452455dfc3bcfe288f6b3e714890b3b7b31d,bugfix,,,503_to_113,bugfix,recorded_issue_label,Recorded issue_label classification.,
openfermion_271_294,,quantumlib/OpenFermion,https://github.com/quantumlib/OpenFermion/issues/271,https://github.com/quantumlib/OpenFermion/pull/294,preprocessing/result/openfermion_combined_review_candidates.csv,9,b144452455dfc3bcfe288f6b3e714890b3b7b31d,refactor,,,503_to_113,refactor,recorded_issue_label,Recorded issue_label classification.,
openfermion_246_306,3,quantumlib/OpenFermion,https://github.com/quantumlib/OpenFermion/issues/246,https://github.com/quantumlib/OpenFermion/pull/306,preprocessing/result/openfermion_combined_review_candidates.csv,10,b144452455dfc3bcfe288f6b3e714890b3b7b31d,feature,yes,completed,retained,retained,dataset_index_and_completed_status,,"Benchmark sample completed. Re-checked Build_Docker_WORKFLOW task scope against issue #246 and kept the new DiagonalCoulombHamiltonian representation plus its conversion, Jordan-Wigner, sparse-operator, and qubit-count validation behavior in scope. Historical CI alignment required moving the sample environment from modern Python 3.9 / SciPy 1.13 back to Python 3.6 with pinned numpy<1.20, scipy<1.3, networkx<3, h5py<3.2, future, and pytest<7; the sample also trims optional cvxopt/jupyter/matplotlib installs because the selected transforms tests do not depend on them. Fail-pass uses 6 selectors from _conversion_test.py and _jordan_wigner_test.py covering Hubbard/random-quadratic conversion, conversion exceptions, sparse-operator conversion, and Jordan-Wigner behavior for diagonal Coulomb Hamiltonians. Pass-pass uses 9 adjacent legacy selectors covering pre-existing quadratic-Hamiltonian extraction and interaction-operator conversion behavior in the same transform modules. Stability checks: patched fail-pass passed 3/3, base fail-pass failed 3/3 with missing DiagonalCoulombHamiltonian/get_diagonal_coulomb_hamiltonian import errors, and patched/base pass-pass both passed 3/3. Formal validation: patched fail-pass 6 passed in 1.51s / 4.99s wall; patched pass-pass 9 passed in 1.26s / 4.78s wall; base fail-pass 6 errored in 0.88s / 5.96s wall because the base commit lacks the new class and conversion entry points; base pass-pass 9 passed in 4.14s / 15.27s wall. Golden patch scope: src/openfermion/ops/__init__.py, src/openfermion/ops/_diagonal_coulomb_hamiltonian.py, src/openfermion/transforms/__init__.py, src/openfermion/transforms/_conversion.py, src/openfermion/transforms/_jordan_wigner.py, src/openfermion/utils/_operator_utils.py. Final image sha256:7a41247140332dfbfdc5f1e559947c17ba0a0bf0894b436c1f063951f3579922, size 436847561 bytes."
openfermion_1282_1298,,quantumlib/OpenFermion,https://github.com/quantumlib/OpenFermion/issues/1282,https://github.com/quantumlib/OpenFermion/pull/1298,preprocessing/result/openfermion_combined_review_candidates.csv,11,b144452455dfc3bcfe288f6b3e714890b3b7b31d,refactor,,,503_to_113,refactor,recorded_issue_label,Recorded issue_label classification.,
openfermion_515_1194,,quantumlib/OpenFermion,https://github.com/quantumlib/OpenFermion/issues/515,https://github.com/quantumlib/OpenFermion/pull/1194,preprocessing/result/openfermion_combined_review_candidates.csv,12,b144452455dfc3bcfe288f6b3e714890b3b7b31d,bugfix,,,503_to_113,bugfix,recorded_issue_label,Recorded issue_label classification.,
openfermion_1120_1140,,quantumlib/OpenFermion,https://github.com/quantumlib/OpenFermion/issues/1120,https://github.com/quantumlib/OpenFermion/pull/1140,preprocessing/result/openfermion_combined_review_candidates.csv,13,b144452455dfc3bcfe288f6b3e714890b3b7b31d,bugfix,,,503_to_113,bugfix,recorded_issue_label,Recorded issue_label classification.,
openfermion_764_1114,,quantumlib/OpenFermion,https://github.com/quantumlib/OpenFermion/issues/764,https://github.com/quantumlib/OpenFermion/pull/1114,preprocessing/result/openfermion_combined_review_candidates.csv,14,b144452455dfc3bcfe288f6b3e714890b3b7b31d,bugfix,,,503_to_113,bugfix,recorded_issue_label,Recorded issue_label classification.,
openfermion_885_1112,,quantumlib/OpenFermion,https://github.com/quantumlib/OpenFermion/issues/885,https://github.com/quantumlib/OpenFermion/pull/1112,preprocessing/result/openfermion_combined_review_candidates.csv,15,b144452455dfc3bcfe288f6b3e714890b3b7b31d,bugfix,,,503_to_113,bugfix,recorded_issue_label,Recorded issue_label classification.,
openfermion_929_1086,,quantumlib/OpenFermion,https://github.com/quantumlib/OpenFermion/issues/929,https://github.com/quantumlib/OpenFermion/pull/1086,preprocessing/result/openfermion_combined_review_candidates.csv,16,b144452455dfc3bcfe288f6b3e714890b3b7b31d,bugfix,,,503_to_113,bugfix,recorded_issue_label,Recorded issue_label classification.,
openfermion_1064_1066,,quantumlib/OpenFermion,https://github.com/quantumlib/OpenFermion/issues/1064,https://github.com/quantumlib/OpenFermion/pull/1066,preprocessing/result/openfermion_combined_review_candidates.csv,17,b144452455dfc3bcfe288f6b3e714890b3b7b31d,refactor,,,503_to_113,refactor,recorded_issue_label,Recorded issue_label classification.,
openfermion_1008_1057,,quantumlib/OpenFermion,https://github.com/quantumlib/OpenFermion/issues/1008,https://github.com/quantumlib/OpenFermion/pull/1057,preprocessing/result/openfermion_combined_review_candidates.csv,18,b144452455dfc3bcfe288f6b3e714890b3b7b31d,other,,,503_to_113,other,recorded_issue_label,Recorded issue_label classification; no finer reason was saved for other.,
openfermion_1024_1057,,quantumlib/OpenFermion,https://github.com/quantumlib/OpenFermion/issues/1024,https://github.com/quantumlib/OpenFermion/pull/1057,preprocessing/result/openfermion_combined_review_candidates.csv,19,b144452455dfc3bcfe288f6b3e714890b3b7b31d,bugfix,,,503_to_113,bugfix,recorded_issue_label,Recorded issue_label classification.,
openfermion_825_828,,quantumlib/OpenFermion,https://github.com/quantumlib/OpenFermion/issues/825,https://github.com/quantumlib/OpenFermion/pull/828,preprocessing/result/openfermion_combined_review_candidates.csv,20,b144452455dfc3bcfe288f6b3e714890b3b7b31d,other,,,503_to_113,other,recorded_issue_label,Recorded issue_label classification; no finer reason was saved for other.,
openfermion_797_811,,quantumlib/OpenFermion,https://github.com/quantumlib/OpenFermion/issues/797,https://github.com/quantumlib/OpenFermion/pull/811,preprocessing/result/openfermion_combined_review_candidates.csv,21,b144452455dfc3bcfe288f6b3e714890b3b7b31d,refactor,,,503_to_113,refactor,recorded_issue_label,Recorded issue_label classification.,
openfermion_826_846,,quantumlib/OpenFermion,https://github.com/quantumlib/OpenFermion/issues/826,https://github.com/quantumlib/OpenFermion/pull/846,preprocessing/result/openfermion_combined_review_candidates.csv,22,b144452455dfc3bcfe288f6b3e714890b3b7b31d,refactor,,,503_to_113,refactor,recorded_issue_label,Recorded issue_label classification.,
openfermion_616_642,,quantumlib/OpenFermion,https://github.com/quantumlib/OpenFermion/issues/616,https://github.com/quantumlib/OpenFermion/pull/642,preprocessing/result/openfermion_combined_review_candidates.csv,23,b144452455dfc3bcfe288f6b3e714890b3b7b31d,refactor,,,503_to_113,refactor,recorded_issue_label,Recorded issue_label classification.,
openfermion_593_601,,quantumlib/OpenFermion,https://github.com/quantumlib/OpenFermion/issues/593,https://github.com/quantumlib/OpenFermion/pull/601,preprocessing/result/openfermion_combined_review_candidates.csv,24,b144452455dfc3bcfe288f6b3e714890b3b7b31d,other,,,503_to_113,other,recorded_issue_label,Recorded issue_label classification; no finer reason was saved for other.,
openfermion_616_620,,quantumlib/OpenFermion,https://github.com/quantumlib/OpenFermion/issues/616,https://github.com/quantumlib/OpenFermion/pull/620,preprocessing/result/openfermion_combined_review_candidates.csv,25,b144452455dfc3bcfe288f6b3e714890b3b7b31d,refactor,,,503_to_113,refactor,recorded_issue_label,Recorded issue_label classification.,
openfermion_542_589,11,quantumlib/OpenFermion,https://github.com/quantumlib/OpenFermion/issues/542,https://github.com/quantumlib/OpenFermion/pull/589,preprocessing/result/openfermion_combined_review_candidates.csv,26,b144452455dfc3bcfe288f6b3e714890b3b7b31d,feature,yes,completed,retained,retained,dataset_index_and_completed_status,,"Benchmark sample completed. Re-checked the Build_Docker_WORKFLOW task fields against PR #589 and kept scope on the new Majorana conversion path for FermionOperator and DiagonalCoulombHamiltonian inputs. Fail-pass uses the 3 new selectors in GetMajoranaOperatorTest: invalid-type handling for the public/helper entry points, direct FermionOperator to MajoranaOperator conversion, and DiagonalCoulombHamiltonian compatibility through the same public conversion API. Pass-pass uses 5 adjacent base-native selectors from the same file: 4 existing GetDiagonalCoulombHamiltonianTest cases plus the existing test_get_fermion_operator_majorana_operator case, which preserves the nearby reverse Majorana conversion behavior. Selector-level stability checks: patched fail-pass passed 3/3; base fail-pass failed 3/3 with a stable ImportError because base cannot import get_majorana_operator from openfermion.transforms._conversion; patched pass-pass passed 3/3; base pass-pass passed 3/3. Historical environment alignment matched the older transforms samples, so the final image reuses the Python 3.6 stack with numpy<1.20, scipy<1.3, networkx<3, h5py<3.2, future, and pytest<7; no heavier optional dependencies were needed. Formal validation: patched fail-pass 3 passed in 1.08s / 4.69s wall; patched pass-pass 5 passed in 1.10s / 4.45s wall; base fail-pass 3 failed/error at selector level in 1.21s / 7.85s wall; base pass-pass 5 passed in 1.00s / 6.54s wall. Golden patch scope: src/openfermion/transforms/__init__.py and src/openfermion/transforms/_conversion.py. Final image sha256:9b1075d8574a6a6b5857992fe55827f43e955daa853aaa7abd885bdcfff1c831, size 438267819 bytes."
openfermion_457_549,7,quantumlib/OpenFermion,https://github.com/quantumlib/OpenFermion/issues/457,https://github.com/quantumlib/OpenFermion/pull/549,preprocessing/result/openfermion_combined_review_candidates.csv,27,b144452455dfc3bcfe288f6b3e714890b3b7b31d,feature,yes,completed,retained,retained,dataset_index_and_completed_status,,"Benchmark sample completed. Re-checked the Build_Docker_WORKFLOW task fields against issue #457 and intentionally scoped the task to sympy.Expr coefficient support along the core symbolic-operator arithmetic path plus Jordan-Wigner and Bravyi-Kitaev coefficient propagation. Deliberately excluded the PR's conversion/save guard tests such as _check_no_sympy and save_operator(TypeError) because they broaden the task toward unsupported numeric-only conversion plumbing and produce a less clean mixed fail-pass story for this sample. Fail-pass uses 5 selectors: three new SymbolicOperator sympy cases (construction, in-place scalar multiplication, and exact symbolic cancellation through in-place addition) plus the new Jordan-Wigner and Bravyi-Kitaev sympy transform cases. Pass-pass uses 5 adjacent numeric selectors: three nearby SymbolicOperator numeric-coefficient arithmetic cases plus the existing non-sympy Jordan-Wigner raise3 and Bravyi-Kitaev transform tests. Selector-level stability checks: patched fail-pass passed 3/3; base fail-pass failed 3/3 with stable ValueError/TypeError because base SymbolicOperator only accepts numeric coefficients; patched pass-pass passed 3/3; base pass-pass passed 3/3. Historical environment alignment followed the older transforms/operator samples with Python 3.6 plus numpy<1.20, scipy<1.3, networkx<3, h5py<3.2, future, pytest<7, and an explicit sympy dependency matching the PR's new runtime requirement. Formal validation: patched fail-pass 5 passed in 1.99s / 5.34s wall; patched pass-pass 5 passed in 1.37s / 4.73s wall; base fail-pass 5 failed in 1.80s / 7.12s wall; base pass-pass 5 passed in 2.02s / 8.45s wall. Golden patch scope: src/openfermion/ops/_symbolic_operator.py. Final image sha256:803368c875d9a4d015f63c0c644be714d69963c617dd58e9649d3aa65b629fea, size 502674406 bytes."
openfermion_458_501,8,quantumlib/OpenFermion,https://github.com/quantumlib/OpenFermion/issues/458,https://github.com/quantumlib/OpenFermion/pull/501,preprocessing/result/openfermion_combined_review_candidates.csv,28,b144452455dfc3bcfe288f6b3e714890b3b7b31d,feature,yes,completed,retained,retained,dataset_index_and_completed_status,,"Benchmark sample completed. Re-checked the Build_Docker_WORKFLOW task fields against issue #458 and kept the scope on introducing a native MajoranaOperator class with canonical term normalization, algebraic operations, string formatting, and public package export. Fail-pass uses 5 selectors from _majorana_operator_test.py covering constructor normalization, commutation, operator multiplication, scalar division, and string formatting. Pass-pass uses 5 adjacent legacy symbolic-operator selectors covering existing numeric tuple initialization, additive identity, out-of-place multiplication, in-place addition, and multi-term string formatting. Selector-level stability checks: patched fail-pass passed 3/3; base fail-pass failed 3/3 with stable ImportError because base lacks the public MajoranaOperator export/class; patched pass-pass passed 3/3; base pass-pass passed 3/3. Historical environment alignment followed the older operator samples with Python 3.6 plus numpy<1.20, scipy<1.3, networkx<3, h5py<3.2, future, pytest<7, and an explicit six dependency because the sample installs OpenFermion with --no-deps editable mode while this PR-era runtime still imports six directly. Formal validation: patched fail-pass 5 passed in 4.17s / 11.81s wall; patched pass-pass 5 passed in 2.64s / 9.69s wall; base fail-pass 5 errors in 1.24s / 8.60s wall; base pass-pass 5 passed in 2.56s / 10.21s wall. Golden patch scope: src/openfermion/ops/__init__.py and src/openfermion/ops/_majorana_operator.py. Final image sha256:dd9669cb5e66cbad9d6c5fb40f6ac169009db22485e4a18156e82cc22fdc9d0a, size 437971147 bytes."
openfermion_461_497,,quantumlib/OpenFermion,https://github.com/quantumlib/OpenFermion/issues/461,https://github.com/quantumlib/OpenFermion/pull/497,preprocessing/result/openfermion_combined_review_candidates.csv,29,b144452455dfc3bcfe288f6b3e714890b3b7b31d,bugfix,,,503_to_113,bugfix,recorded_issue_label,Recorded issue_label classification.,
openfermion_446_480,,quantumlib/OpenFermion,https://github.com/quantumlib/OpenFermion/issues/446,https://github.com/quantumlib/OpenFermion/pull/480,preprocessing/result/openfermion_combined_review_candidates.csv,30,b144452455dfc3bcfe288f6b3e714890b3b7b31d,bugfix,,,503_to_113,bugfix,recorded_issue_label,Recorded issue_label classification.,
openfermion_469_474,9,quantumlib/OpenFermion,https://github.com/quantumlib/OpenFermion/issues/469,https://github.com/quantumlib/OpenFermion/pull/474,preprocessing/result/openfermion_combined_review_candidates.csv,31,b144452455dfc3bcfe288f6b3e714890b3b7b31d,feature,yes,completed,retained,retained,dataset_index_and_completed_status,,"Benchmark sample completed. Re-checked the Build_Docker_WORKFLOW task fields against issue #469 and kept scope on direction-specific nearest-neighbor support for square-lattice Hubbard models: horizontal and vertical edge types, their lattice enumeration/counting, and their acceptance by the general Fermi-Hubbard parameter interface. Fail-pass uses 3 selectors: the updated lattice edge-types test plus 2 stable distinguish_edges=True random-parameter selectors from _general_hubbard_test.py that exercise horizontal and vertical edge labels through FermiHubbardModel. Pass-pass uses 5 adjacent base-native selectors covering lattice defaults, dof validation, 2x2 neighbor counting, and the existing default-parameter / bad-parameter checks for the general Hubbard model. Selector-level stability checks: patched fail-pass passed 3/3; base fail-pass failed 3/3 with stable AssertionError/ValueError because base only recognizes ('onsite', 'neighbor'); patched pass-pass passed 3/3; base pass-pass passed 3/3. Historical environment alignment reused the older OpenFermion Python 3.6 stack with numpy<1.20, scipy<1.3, networkx<3, h5py<3.2, future, pytest<7, and six. Notes: many _lattice_test parameterized nodeids are unstable because they embed random dimensions, so the sample intentionally avoids those and uses only stable nodeids such as edge_types and latticeN/parametersN/True selectors. Formal validation: patched fail-pass 3 passed in 1.77s / 6.09s wall; patched pass-pass 5 passed in 1.54s / 5.12s wall; base fail-pass 3 failed in 1.29s / 12.94s wall; base pass-pass 5 passed in 7.17s / 13.44s wall. Golden patch scope: src/openfermion/utils/_lattice.py. Final image sha256:d375707693ab4333774a63686807970307944fe456a783a524eaae3b40259f26, size 437899249 bytes."
openfermion_449_459,,quantumlib/OpenFermion,https://github.com/quantumlib/OpenFermion/issues/449,https://github.com/quantumlib/OpenFermion/pull/459,preprocessing/result/openfermion_combined_review_candidates.csv,32,b144452455dfc3bcfe288f6b3e714890b3b7b31d,bugfix,,,503_to_113,bugfix,recorded_issue_label,Recorded issue_label classification.,
openfermion_427_429,,quantumlib/OpenFermion,https://github.com/quantumlib/OpenFermion/issues/427,https://github.com/quantumlib/OpenFermion/pull/429,preprocessing/result/openfermion_combined_review_candidates.csv,33,b144452455dfc3bcfe288f6b3e714890b3b7b31d,bugfix,,,503_to_113,bugfix,recorded_issue_label,Recorded issue_label classification.,
openfermion_415_418,,quantumlib/OpenFermion,https://github.com/quantumlib/OpenFermion/issues/415,https://github.com/quantumlib/OpenFermion/pull/418,preprocessing/result/openfermion_combined_review_candidates.csv,34,b144452455dfc3bcfe288f6b3e714890b3b7b31d,refactor,,,503_to_113,refactor,recorded_issue_label,Recorded issue_label classification.,
openfermion_361_364,,quantumlib/OpenFermion,https://github.com/quantumlib/OpenFermion/issues/361,https://github.com/quantumlib/OpenFermion/pull/364,preprocessing/result/openfermion_combined_review_candidates.csv,35,b144452455dfc3bcfe288f6b3e714890b3b7b31d,bugfix,,,503_to_113,bugfix,recorded_issue_label,Recorded issue_label classification.,
openfermion_363_369,,quantumlib/OpenFermion,https://github.com/quantumlib/OpenFermion/issues/363,https://github.com/quantumlib/OpenFermion/pull/369,preprocessing/result/openfermion_combined_review_candidates.csv,36,b144452455dfc3bcfe288f6b3e714890b3b7b31d,feature,no,,503_to_113,feature_not_retained_reason_missing,decision_only_reason_missing,"The keep decision was recorded without a specific exclusion reason; missing tests, relationship ambiguity, or insufficient quantum scope must not be inferred.",
openfermion_151_352,1,quantumlib/OpenFermion,https://github.com/quantumlib/OpenFermion/issues/151,https://github.com/quantumlib/OpenFermion/pull/352,preprocessing/result/openfermion_combined_review_candidates.csv,37,b144452455dfc3bcfe288f6b3e714890b3b7b31d,feature,yes,completed,retained,retained,dataset_index_and_completed_status,,"Benchmark sample completed. Re-checked the Build_Docker_WORKFLOW task fields against issue #151 and intentionally scoped the very large PR #352 down to the BosonOperator feature itself, excluding BoseHubbard, QuadOperator, and Weyl-ordering follow-on behavior. Fail-pass uses 5 selector-level cases from _boson_operator_test.py: bosonic normal-ordering on the empty operator, number operator, and reversed ordering, plus boson-number preservation on in-order and out-of-order BosonOperator terms. Pass-pass uses 5 adjacent legacy FermionOperator selectors from _fermion_operator_test.py covering the pre-existing normal-ordering behavior that should remain unchanged. Selector-level stability checks: patched fail-pass passed 3/3; base fail-pass failed 3/3 with stable ModuleNotFoundError because base lacks openfermion.ops._boson_operator; patched pass-pass passed 3/3; base pass-pass passed 3/3. Historical environment alignment reused the older OpenFermion Python 3.6 stack with numpy<1.20, scipy<1.3, networkx<3, h5py<3.2, future, pytest<7, and six, and additionally required pubchempy because patched import collection reaches openfermion.utils._pubchem through package __init__ imports even though the selected BosonOperator tests do not use PubChem directly. Golden patch scope: src/openfermion/ops/_boson_operator.py. Formal validation: patched fail-pass 5 passed in 1.48s / 5.40s wall; patched pass-pass 5 passed in 1.35s / 4.84s wall; base fail-pass 5 errors in 2.54s / 9.41s wall; base pass-pass 5 passed in 2.26s / 9.86s wall. Final image sha256:5dd447a227c573a4c2f1c5e8aadda00e04ce82eb641019eb276e524137ddfa03, size 437734423 bytes."
openfermion_329_336,,quantumlib/OpenFermion,https://github.com/quantumlib/OpenFermion/issues/329,https://github.com/quantumlib/OpenFermion/pull/336,preprocessing/result/openfermion_combined_review_candidates.csv,38,b144452455dfc3bcfe288f6b3e714890b3b7b31d,refactor,,,503_to_113,refactor,recorded_issue_label,Recorded issue_label classification.,
openfermion_316_320,,quantumlib/OpenFermion,https://github.com/quantumlib/OpenFermion/issues/316,https://github.com/quantumlib/OpenFermion/pull/320,preprocessing/result/openfermion_combined_review_candidates.csv,39,b144452455dfc3bcfe288f6b3e714890b3b7b31d,refactor,,,503_to_113,refactor,recorded_issue_label,Recorded issue_label classification.,
openfermion_122_311,,quantumlib/OpenFermion,https://github.com/quantumlib/OpenFermion/issues/122,https://github.com/quantumlib/OpenFermion/pull/311,preprocessing/result/openfermion_combined_review_candidates.csv,40,b144452455dfc3bcfe288f6b3e714890b3b7b31d,feature,no,,503_to_113,feature_not_retained_reason_missing,decision_only_reason_missing,"The keep decision was recorded without a specific exclusion reason; missing tests, relationship ambiguity, or insufficient quantum scope must not be inferred.",
openfermion_274_303,,quantumlib/OpenFermion,https://github.com/quantumlib/OpenFermion/issues/274,https://github.com/quantumlib/OpenFermion/pull/303,preprocessing/result/openfermion_combined_review_candidates.csv,41,b144452455dfc3bcfe288f6b3e714890b3b7b31d,feature,no,,503_to_113,feature_not_retained_reason_missing,decision_only_reason_missing,"The keep decision was recorded without a specific exclusion reason; missing tests, relationship ambiguity, or insufficient quantum scope must not be inferred.",
openfermion_301_303,,quantumlib/OpenFermion,https://github.com/quantumlib/OpenFermion/issues/301,https://github.com/quantumlib/OpenFermion/pull/303,preprocessing/result/openfermion_combined_review_candidates.csv,42,b144452455dfc3bcfe288f6b3e714890b3b7b31d,bugfix,,,503_to_113,bugfix,recorded_issue_label,Recorded issue_label classification.,
openfermion_252_292,,quantumlib/OpenFermion,https://github.com/quantumlib/OpenFermion/issues/252,https://github.com/quantumlib/OpenFermion/pull/292,preprocessing/result/openfermion_combined_review_candidates.csv,43,b144452455dfc3bcfe288f6b3e714890b3b7b31d,other,,,503_to_113,other,recorded_issue_label,Recorded issue_label classification; no finer reason was saved for other.,
openfermion_281_286,,quantumlib/OpenFermion,https://github.com/quantumlib/OpenFermion/issues/281,https://github.com/quantumlib/OpenFermion/pull/286,preprocessing/result/openfermion_combined_review_candidates.csv,44,b144452455dfc3bcfe288f6b3e714890b3b7b31d,bugfix,,,503_to_113,bugfix,recorded_issue_label,Recorded issue_label classification.,
openfermion_259_283,5,quantumlib/OpenFermion,https://github.com/quantumlib/OpenFermion/issues/259,https://github.com/quantumlib/OpenFermion/pull/283,preprocessing/result/openfermion_combined_review_candidates.csv,45,b144452455dfc3bcfe288f6b3e714890b3b7b31d,feature,yes,completed,retained,retained,dataset_index_and_completed_status,,"Benchmark sample completed. Re-checked the Build_Docker_WORKFLOW task fields and intentionally scoped PR #283 to the new tree-based Bravyi-Kitaev entry point, excluding the simultaneous internal rewrite of the legacy bravyi_kitaev implementation. Fail-pass uses 4 selector-level cases from _bravyi_kitaev_tree_test.py: the core tree-transform behavior, identity mapping, n_qubits-too-small validation, and Jordan-Wigner spectral agreement for a number operator. Pass-pass uses 4 adjacent legacy _bravyi_kitaev_test.py selectors covering the existing non-tree Bravyi-Kitaev transform, identity mapping, n_qubits validation, and the corresponding number-operator spectral check. Selector-level stability checks: patched fail-pass passed on the initial probe plus 2 further runs; base fail-pass failed on the probe plus 2 further runs with stable ImportError because base lacks the bravyi_kitaev_tree export; patched pass-pass passed on the initial probe plus 2 further runs; base pass-pass passed on the initial probe plus 2 further runs. Historical environment alignment reused the older OpenFermion Python 3.6 stack with numpy<1.20, scipy<1.3, networkx<3, h5py<3.2, future, pytest<7, and six; unlike the later BosonOperator sample, this transforms-only path did not need pubchempy. Golden patch scope: src/openfermion/transforms/__init__.py, src/openfermion/transforms/_bravyi_kitaev_tree.py, src/openfermion/transforms/_fenwick_tree.py. Formal validation: patched fail-pass 4 passed in 1.15s / 4.72s wall; patched pass-pass 4 passed in 1.00s / 4.45s wall; base fail-pass 4 errors in 1.13s / 6.53s wall; base pass-pass 4 passed in 1.06s / 6.29s wall. Final image sha256:a26d008e562a3592fd82d3a464812092271cbc57aed04057ca64fb1896564f88, size 436861718 bytes."
openfermion_248_261,,quantumlib/OpenFermion,https://github.com/quantumlib/OpenFermion/issues/248,https://github.com/quantumlib/OpenFermion/pull/261,preprocessing/result/openfermion_combined_review_candidates.csv,46,b144452455dfc3bcfe288f6b3e714890b3b7b31d,refactor,,,503_to_113,refactor,recorded_issue_label,Recorded issue_label classification.,
openfermion_222_263,,quantumlib/OpenFermion,https://github.com/quantumlib/OpenFermion/issues/222,https://github.com/quantumlib/OpenFermion/pull/263,preprocessing/result/openfermion_combined_review_candidates.csv,47,b144452455dfc3bcfe288f6b3e714890b3b7b31d,other,,,503_to_113,other,recorded_issue_label,Recorded issue_label classification; no finer reason was saved for other.,
openfermion_259_263,,quantumlib/OpenFermion,https://github.com/quantumlib/OpenFermion/issues/259,https://github.com/quantumlib/OpenFermion/pull/263,preprocessing/result/openfermion_combined_review_candidates.csv,48,b144452455dfc3bcfe288f6b3e714890b3b7b31d,other,,,503_to_113,other,recorded_issue_label,Recorded issue_label classification; no finer reason was saved for other.,
openfermion_251_254,,quantumlib/OpenFermion,https://github.com/quantumlib/OpenFermion/issues/251,https://github.com/quantumlib/OpenFermion/pull/254,preprocessing/result/openfermion_combined_review_candidates.csv,49,b144452455dfc3bcfe288f6b3e714890b3b7b31d,bugfix,,,503_to_113,bugfix,recorded_issue_label,Recorded issue_label classification.,
openfermion_258_262,4,quantumlib/OpenFermion,https://github.com/quantumlib/OpenFermion/issues/258,https://github.com/quantumlib/OpenFermion/pull/262,preprocessing/result/openfermion_combined_review_candidates.csv,50,b144452455dfc3bcfe288f6b3e714890b3b7b31d,feature,yes,completed,retained,retained,dataset_index_and_completed_status,,"Scope narrowed to majorana_operator normalization/string init. fail-pass uses test_init + quadratic majorana_form; moved tests test_none_term/test_bad_coefficient/test_bad_term excluded because base still passes them. pass-pass adds nearby spin helpers, one quadratic old case, and one verstraete locality case to guard downstream semantics."
openfermion_219_250,,quantumlib/OpenFermion,https://github.com/quantumlib/OpenFermion/issues/219,https://github.com/quantumlib/OpenFermion/pull/250,preprocessing/result/openfermion_combined_review_candidates.csv,51,b144452455dfc3bcfe288f6b3e714890b3b7b31d,refactor,,,503_to_113,refactor,recorded_issue_label,Recorded issue_label classification.,
openfermion_154_232,,quantumlib/OpenFermion,https://github.com/quantumlib/OpenFermion/issues/154,https://github.com/quantumlib/OpenFermion/pull/232,preprocessing/result/openfermion_combined_review_candidates.csv,52,b144452455dfc3bcfe288f6b3e714890b3b7b31d,feature,no,,503_to_113,feature_not_retained_reason_missing,decision_only_reason_missing,"The keep decision was recorded without a specific exclusion reason; missing tests, relationship ambiguity, or insufficient quantum scope must not be inferred.",
openfermion_234_238,,quantumlib/OpenFermion,https://github.com/quantumlib/OpenFermion/issues/234,https://github.com/quantumlib/OpenFermion/pull/238,preprocessing/result/openfermion_combined_review_candidates.csv,53,b144452455dfc3bcfe288f6b3e714890b3b7b31d,bugfix,,,503_to_113,bugfix,recorded_issue_label,Recorded issue_label classification.,
openfermion_177_225,,quantumlib/OpenFermion,https://github.com/quantumlib/OpenFermion/issues/177,https://github.com/quantumlib/OpenFermion/pull/225,preprocessing/result/openfermion_combined_review_candidates.csv,54,b144452455dfc3bcfe288f6b3e714890b3b7b31d,feature,no,,503_to_113,feature_not_retained_reason_missing,decision_only_reason_missing,"The keep decision was recorded without a specific exclusion reason; missing tests, relationship ambiguity, or insufficient quantum scope must not be inferred.",
openfermion_219_224,,quantumlib/OpenFermion,https://github.com/quantumlib/OpenFermion/issues/219,https://github.com/quantumlib/OpenFermion/pull/224,preprocessing/result/openfermion_combined_review_candidates.csv,55,b144452455dfc3bcfe288f6b3e714890b3b7b31d,feature,no,,503_to_113,feature_not_retained_reason_missing,decision_only_reason_missing,"The keep decision was recorded without a specific exclusion reason; missing tests, relationship ambiguity, or insufficient quantum scope must not be inferred.",
openfermion_207_212,2,quantumlib/OpenFermion,https://github.com/quantumlib/OpenFermion/issues/207,https://github.com/quantumlib/OpenFermion/pull/212,preprocessing/result/openfermion_combined_review_candidates.csv,56,b144452455dfc3bcfe288f6b3e714890b3b7b31d,feature,yes,completed,retained,retained,dataset_index_and_completed_status,,Scope narrowed to freeze_orbitals as the active-space entry point. fail-pass uses the two new unit tests only; excluded prune_unused_indices and LiH integration to avoid broadening the task contract beyond freeze_orbitals itself. base fail-pass fails at import/collection because freeze_orbitals is missing.
openfermion_154_208,,quantumlib/OpenFermion,https://github.com/quantumlib/OpenFermion/issues/154,https://github.com/quantumlib/OpenFermion/pull/208,preprocessing/result/openfermion_combined_review_candidates.csv,57,b144452455dfc3bcfe288f6b3e714890b3b7b31d,feature,no,,503_to_113,feature_not_retained_reason_missing,decision_only_reason_missing,"The keep decision was recorded without a specific exclusion reason; missing tests, relationship ambiguity, or insufficient quantum scope must not be inferred.",
openfermion_205_206,,quantumlib/OpenFermion,https://github.com/quantumlib/OpenFermion/issues/205,https://github.com/quantumlib/OpenFermion/pull/206,preprocessing/result/openfermion_combined_review_candidates.csv,58,b144452455dfc3bcfe288f6b3e714890b3b7b31d,refactor,,,503_to_113,refactor,recorded_issue_label,Recorded issue_label classification.,
openfermion_154_204,,quantumlib/OpenFermion,https://github.com/quantumlib/OpenFermion/issues/154,https://github.com/quantumlib/OpenFermion/pull/204,preprocessing/result/openfermion_combined_review_candidates.csv,59,b144452455dfc3bcfe288f6b3e714890b3b7b31d,feature,no,,503_to_113,feature_not_retained_reason_missing,decision_only_reason_missing,"The keep decision was recorded without a specific exclusion reason; missing tests, relationship ambiguity, or insufficient quantum scope must not be inferred.",
openfermion_154_202,,quantumlib/OpenFermion,https://github.com/quantumlib/OpenFermion/issues/154,https://github.com/quantumlib/OpenFermion/pull/202,preprocessing/result/openfermion_combined_review_candidates.csv,60,b144452455dfc3bcfe288f6b3e714890b3b7b31d,feature,no,,503_to_113,feature_not_retained_reason_missing,decision_only_reason_missing,"The keep decision was recorded without a specific exclusion reason; missing tests, relationship ambiguity, or insufficient quantum scope must not be inferred.",
openfermion_177_194,,quantumlib/OpenFermion,https://github.com/quantumlib/OpenFermion/issues/177,https://github.com/quantumlib/OpenFermion/pull/194,preprocessing/result/openfermion_combined_review_candidates.csv,61,b144452455dfc3bcfe288f6b3e714890b3b7b31d,other,,,503_to_113,other,recorded_issue_label,Recorded issue_label classification; no finer reason was saved for other.,
openfermion_37_114,6,quantumlib/OpenFermion,https://github.com/quantumlib/OpenFermion/issues/37,https://github.com/quantumlib/OpenFermion/pull/114,preprocessing/result/openfermion_combined_review_candidates.csv,62,b144452455dfc3bcfe288f6b3e714890b3b7b31d,feature,yes,completed,retained,retained,dataset_index_and_completed_status,,Scope narrowed to the new bch_expand helper itself. fail-pass keeps the two BCH tests only; pass-pass uses adjacent CommutatorTest coverage from _operator_utils_test.py. golden_patch stays on utils/_bch_expansion.py and excludes the package-level __init__ export because the selected validation enters through the private helper directly. base fail-pass fails at import/collection because openfermion.utils._bch_expansion is missing.
openfermion_86_117,,quantumlib/OpenFermion,https://github.com/quantumlib/OpenFermion/issues/86,https://github.com/quantumlib/OpenFermion/pull/117,preprocessing/result/openfermion_combined_review_candidates.csv,63,b144452455dfc3bcfe288f6b3e714890b3b7b31d,feature,no,,503_to_113,feature_not_retained_reason_missing,decision_only_reason_missing,"The keep decision was recorded without a specific exclusion reason; missing tests, relationship ambiguity, or insufficient quantum scope must not be inferred.",
openfermion_116_117,,quantumlib/OpenFermion,https://github.com/quantumlib/OpenFermion/issues/116,https://github.com/quantumlib/OpenFermion/pull/117,preprocessing/result/openfermion_combined_review_candidates.csv,64,b144452455dfc3bcfe288f6b3e714890b3b7b31d,bugfix,,,503_to_113,bugfix,recorded_issue_label,Recorded issue_label classification.,
openfermion_94_95,,quantumlib/OpenFermion,https://github.com/quantumlib/OpenFermion/issues/94,https://github.com/quantumlib/OpenFermion/pull/95,preprocessing/result/openfermion_combined_review_candidates.csv,65,b144452455dfc3bcfe288f6b3e714890b3b7b31d,bugfix,,,503_to_113,bugfix,recorded_issue_label,Recorded issue_label classification.,
openfermion_46_61,10,quantumlib/OpenFermion,https://github.com/quantumlib/OpenFermion/issues/46,https://github.com/quantumlib/OpenFermion/pull/61,preprocessing/result/openfermion_combined_review_candidates.csv,66,b144452455dfc3bcfe288f6b3e714890b3b7b31d,feature,yes,completed,retained,retained,dataset_index_and_completed_status,,"Benchmark sample completed with case-level Docker validation recorded in benchmark/dataset/samples/openfermion/openfermion_46_61/sample.json. Scope covers the PolynomialTensor representation, public export, spinful basis rotation, incompatible tensor-key arithmetic rejection, and preservation of InteractionOperator unique-iteration behavior. Fail-pass uses 4 PolynomialTensor selectors; pass-pass uses 2 InteractionOperator selectors. Formal summaries: patched fail-pass 4 passed in 0.66s; patched pass-pass 2 passed in 0.64s; base fail-pass fails because the base commit lacks the selected PolynomialTensor behavior; base pass-pass 2 passed in 0.63s. Final image sha256:ffab0a15e039294e4eb911c850133f06f393875d5e180352a1ef26c664b92caa."
pennylane_6004_6019,,PennyLaneAI/pennylane,https://github.com/PennyLaneAI/pennylane/issues/6004,https://github.com/PennyLaneAI/pennylane/pull/6019,preprocessing/result/pennylane_application_review_candidates.csv,1,b144452455dfc3bcfe288f6b3e714890b3b7b31d,bugfix,,,503_to_113,bugfix,recorded_issue_label,Recorded issue_label classification.,
pennylane_5759_5773,17,PennyLaneAI/pennylane,https://github.com/PennyLaneAI/pennylane/issues/5759,https://github.com/PennyLaneAI/pennylane/pull/5773,preprocessing/result/pennylane_application_review_candidates.csv,2,b144452455dfc3bcfe288f6b3e714890b3b7b31d,feature,yes,completed,retained,retained,dataset_index_and_completed_status,,"Built benchmark sample. Core PR is qchem/fermi OpenFermion conversion, not incidental app-dir edit. Validated on linux/amd64 python:3.9-slim-trixie (Debian 13, glibc 2.41). fail-pass: 19 PR qchem conversion selectors; base fails at missing _from_openfermion_qubit import, patched passes. pass-pass: 5 adjacent legacy OpenFermion conversion selectors pass on both."
pennylane_5755_5846,,PennyLaneAI/pennylane,https://github.com/PennyLaneAI/pennylane/issues/5755,https://github.com/PennyLaneAI/pennylane/pull/5846,preprocessing/result/pennylane_application_review_candidates.csv,3,b144452455dfc3bcfe288f6b3e714890b3b7b31d,bugfix,,,503_to_113,bugfix,recorded_issue_label,Recorded issue_label classification.,
pennylane_5723_5800,,PennyLaneAI/pennylane,https://github.com/PennyLaneAI/pennylane/issues/5723,https://github.com/PennyLaneAI/pennylane/pull/5800,preprocessing/result/pennylane_application_review_candidates.csv,4,b144452455dfc3bcfe288f6b3e714890b3b7b31d,bugfix,,,503_to_113,bugfix,recorded_issue_label,Recorded issue_label classification.,
pennylane_5319_5492,,PennyLaneAI/pennylane,https://github.com/PennyLaneAI/pennylane/issues/5319,https://github.com/PennyLaneAI/pennylane/pull/5492,preprocessing/result/pennylane_application_review_candidates.csv,5,b144452455dfc3bcfe288f6b3e714890b3b7b31d,bugfix,,,503_to_113,bugfix,recorded_issue_label,Recorded issue_label classification.,
pennylane_3982_3977,15,PennyLaneAI/pennylane,https://github.com/PennyLaneAI/pennylane/issues/3982,https://github.com/PennyLaneAI/pennylane/pull/3977,preprocessing/result/pennylane_application_review_candidates.csv,6,b144452455dfc3bcfe288f6b3e714890b3b7b31d,feature,yes,completed,retained,retained,dataset_index_and_completed_status,,"completed qchem tapering memory-efficiency sample; PR core change is pennylane/qchem/tapering.py, not incidental; 3 fail-pass selectors and 6 adjacent qchem tapering pass-pass selectors stable 3/3; base fail-pass uses patched test file and fails on missing _split_pauli_sentence in old qchem tapering; environment pinned to python:3.9-slim-trixie, Debian 13/glibc 2.41; no validation command exceeded 120s"
pennylane_3622_3624,,PennyLaneAI/pennylane,https://github.com/PennyLaneAI/pennylane/issues/3622,https://github.com/PennyLaneAI/pennylane/pull/3624,preprocessing/result/pennylane_application_review_candidates.csv,7,b144452455dfc3bcfe288f6b3e714890b3b7b31d,bugfix,,,503_to_113,bugfix,recorded_issue_label,Recorded issue_label classification.,
pennylane_2492_3742,14,PennyLaneAI/pennylane,https://github.com/PennyLaneAI/pennylane/issues/2492,https://github.com/PennyLaneAI/pennylane/pull/3742,preprocessing/result/pennylane_application_review_candidates.csv,8,b144452455dfc3bcfe288f6b3e714890b3b7b31d,feature,yes,completed,retained,retained,dataset_index_and_completed_status,,"completed kernels matrix batching sample; PR core change is pennylane/kernels/utils.py, not incidental; 4 fail-pass selectors cover batched kernel outputs and single-datapoint batched square matrices; 4 adjacent polarity/target-alignment pass-pass selectors stable 3/3; autograd selector was excluded from fail-pass because base already passed in this lightweight environment; torch/tf/jax tests intentionally excluded to avoid optional heavy framework dependencies; repo cloned with full objects and run.sh skips fetch when commits exist to avoid runtime network blob fetches; environment pinned to python:3.9-slim-trixie, Debian 13/glibc 2.41; no validation command exceeded 120s"
pennylane_2440_2441,,PennyLaneAI/pennylane,https://github.com/PennyLaneAI/pennylane/issues/2440,https://github.com/PennyLaneAI/pennylane/pull/2441,preprocessing/result/pennylane_application_review_candidates.csv,9,b144452455dfc3bcfe288f6b3e714890b3b7b31d,bugfix,,,503_to_113,bugfix,recorded_issue_label,Recorded issue_label classification.,
pennylane_1399_1568,,PennyLaneAI/pennylane,https://github.com/PennyLaneAI/pennylane/issues/1399,https://github.com/PennyLaneAI/pennylane/pull/1568,preprocessing/result/pennylane_application_review_candidates.csv,10,b144452455dfc3bcfe288f6b3e714890b3b7b31d,feature,no,,503_to_113,feature_not_retained_reason_missing,decision_only_reason_missing,"The keep decision was recorded without a specific exclusion reason; missing tests, relationship ambiguity, or insufficient quantum scope must not be inferred.",
pennylane_1101_1228,,PennyLaneAI/pennylane,https://github.com/PennyLaneAI/pennylane/issues/1101,https://github.com/PennyLaneAI/pennylane/pull/1228,preprocessing/result/pennylane_application_review_candidates.csv,11,b144452455dfc3bcfe288f6b3e714890b3b7b31d,refactor,,,503_to_113,refactor,recorded_issue_label,Recorded issue_label classification.,
pennylane_936_1070,,PennyLaneAI/pennylane,https://github.com/PennyLaneAI/pennylane/issues/936,https://github.com/PennyLaneAI/pennylane/pull/1070,preprocessing/result/pennylane_application_review_candidates.csv,12,b144452455dfc3bcfe288f6b3e714890b3b7b31d,feature,yes,skipped,113_to_106,runtime_incompatibility,recorded_benchmark_notes,"The historical TensorFlow/Keras runtime raises Illegal instruction during import on the recorded linux/amd64 Docker host, preventing runtime validation.",Skipped during Docker build: target behavior is TensorFlow/Keras-only; historical TF 2.4.x on Python 3.8 and newer tensorflow/tensorflow-cpu wheels all fail at import with Illegal instruction under linux/amd64 Docker on this host. python:3.8-slim-trixie is unavailable; using Python 3.8 bookworm did not fix the TF runtime issue.
pennylane_991_1062,19,PennyLaneAI/pennylane,https://github.com/PennyLaneAI/pennylane/issues/991,https://github.com/PennyLaneAI/pennylane/pull/1062,preprocessing/result/pennylane_application_review_candidates.csv,13,b144452455dfc3bcfe288f6b3e714890b3b7b31d,feature,yes,completed,retained,retained,dataset_index_and_completed_status,,Completed as TorchLayer/qnn sample. KerasLayer tests intentionally excluded because TensorFlow wheels fail at import with Illegal instruction under this linux/amd64 Docker host; TorchLayer fail-pass directly covers the same multidimensional qnn broadcasting feature in pennylane/qnn/torch.py. Used python:3.9-slim-trixie to preserve Debian trixie/glibc 2.41 consistency; historical torch 1.7 was replaced with torch 2.2.2+cpu for available stable CPU wheels.
pennylane_709_899,,PennyLaneAI/pennylane,https://github.com/PennyLaneAI/pennylane/issues/709,https://github.com/PennyLaneAI/pennylane/pull/899,preprocessing/result/pennylane_application_review_candidates.csv,14,b144452455dfc3bcfe288f6b3e714890b3b7b31d,bugfix,,,503_to_113,bugfix,recorded_issue_label,Recorded issue_label classification.,
pennylane_166_588,13,PennyLaneAI/pennylane,https://github.com/PennyLaneAI/pennylane/issues/166,https://github.com/PennyLaneAI/pennylane/pull/588,preprocessing/result/pennylane_application_review_candidates.csv,15,b144452455dfc3bcfe288f6b3e714890b3b7b31d,feature,yes,completed,retained,retained,dataset_index_and_completed_status,,"Completed as qnn TorchLayer sample. Base fail-pass fails at collection because pennylane.qnn.torch does not exist, which is the targeted public module/class addition. No pass-pass selectors configured: adjacent qnn tests available in both commits are Keras/TensorFlow-only and TensorFlow wheels are not stable on this linux/amd64 Docker host. Used python:3.9-slim-trixie for Debian trixie/glibc 2.41 consistency and torch==2.2.2+cpu instead of historical torch 1.5.0+cpu for available stable CPU wheels. Evaluation injects patched tests/qnn/conftest.py with fail-pass tests because tests/qnn/test_qnn_torch.py depends on the PR-added qnn fixtures."
pennylane_8077_9374,,PennyLaneAI/pennylane,https://github.com/PennyLaneAI/pennylane/issues/8077,https://github.com/PennyLaneAI/pennylane/pull/9374,preprocessing/result/pennylane_application_review_candidates.csv,16,b144452455dfc3bcfe288f6b3e714890b3b7b31d,refactor,,,503_to_113,refactor,recorded_issue_label,Recorded issue_label classification.,
pennylane_4964_9182,,PennyLaneAI/pennylane,https://github.com/PennyLaneAI/pennylane/issues/4964,https://github.com/PennyLaneAI/pennylane/pull/9182,preprocessing/result/pennylane_application_review_candidates.csv,17,b144452455dfc3bcfe288f6b3e714890b3b7b31d,other,,,503_to_113,other,recorded_issue_label,Recorded issue_label classification; no finer reason was saved for other.,
pennylane_4929_9182,,PennyLaneAI/pennylane,https://github.com/PennyLaneAI/pennylane/issues/4929,https://github.com/PennyLaneAI/pennylane/pull/9182,preprocessing/result/pennylane_application_review_candidates.csv,18,b144452455dfc3bcfe288f6b3e714890b3b7b31d,other,,,503_to_113,other,recorded_issue_label,Recorded issue_label classification; no finer reason was saved for other.,
pennylane_7033_7039,,PennyLaneAI/pennylane,https://github.com/PennyLaneAI/pennylane/issues/7033,https://github.com/PennyLaneAI/pennylane/pull/7039,preprocessing/result/pennylane_application_review_candidates.csv,19,b144452455dfc3bcfe288f6b3e714890b3b7b31d,other,,,503_to_113,other,recorded_issue_label,Recorded issue_label classification; no finer reason was saved for other.,
pennylane_5895_5920,18,PennyLaneAI/pennylane,https://github.com/PennyLaneAI/pennylane/issues/5895,https://github.com/PennyLaneAI/pennylane/pull/5920,preprocessing/result/pennylane_application_review_candidates.csv,20,b144452455dfc3bcfe288f6b3e714890b3b7b31d,feature,yes,completed,retained,retained,dataset_index_and_completed_status,,"Built benchmark-pennylane_5895_5920:latest. Core fermi application change: FermiWord/FermiSentence matrix support via to_mat. fail-pass uses four PR-added to_mat tests; pass-pass uses adjacent FermiWord/FermiSentence legacy behavior. golden patch limited to pennylane/fermi/fermionic.py. Env: python:3.9-slim-trixie, Debian 13/glibc 2.41, linux/amd64."
pennylane_5762_5816,,PennyLaneAI/pennylane,https://github.com/PennyLaneAI/pennylane/issues/5762,https://github.com/PennyLaneAI/pennylane/pull/5816,preprocessing/result/pennylane_application_review_candidates.csv,21,b144452455dfc3bcfe288f6b3e714890b3b7b31d,bugfix,,,503_to_113,bugfix,recorded_issue_label,Recorded issue_label classification.,
pennylane_4999_5008,,PennyLaneAI/pennylane,https://github.com/PennyLaneAI/pennylane/issues/4999,https://github.com/PennyLaneAI/pennylane/pull/5008,preprocessing/result/pennylane_application_review_candidates.csv,22,b144452455dfc3bcfe288f6b3e714890b3b7b31d,bugfix,,,503_to_113,bugfix,recorded_issue_label,Recorded issue_label classification.,
pennylane_4881_4928,16,PennyLaneAI/pennylane,https://github.com/PennyLaneAI/pennylane/issues/4881,https://github.com/PennyLaneAI/pennylane/pull/4928,preprocessing/result/pennylane_application_review_candidates.csv,23,b144452455dfc3bcfe288f6b3e714890b3b7b31d,feature,yes,completed,retained,retained,dataset_index_and_completed_status,,"Built benchmark-pennylane_4881_4928:latest. Core fermi application change: add parity_transform mapping for FermiWord/FermiSentence. fail-pass uses 14 PR-added parity mapping selectors; pass-pass uses 12 adjacent Jordan-Wigner mapping selectors. golden patch limited to pennylane/fermi/__init__.py and pennylane/fermi/conversion.py. Env: python:3.9-slim-trixie, Debian 13/glibc 2.41, linux/amd64."
pennylane_4584_4611,,PennyLaneAI/pennylane,https://github.com/PennyLaneAI/pennylane/issues/4584,https://github.com/PennyLaneAI/pennylane/pull/4611,preprocessing/result/pennylane_application_review_candidates.csv,24,b144452455dfc3bcfe288f6b3e714890b3b7b31d,bugfix,,,503_to_113,bugfix,recorded_issue_label,Recorded issue_label classification.,
pennylane_3973_3975,,PennyLaneAI/pennylane,https://github.com/PennyLaneAI/pennylane/issues/3973,https://github.com/PennyLaneAI/pennylane/pull/3975,preprocessing/result/pennylane_application_review_candidates.csv,25,b144452455dfc3bcfe288f6b3e714890b3b7b31d,refactor,,,503_to_113,refactor,recorded_issue_label,Recorded issue_label classification.,
pennylane_1_3384,,PennyLaneAI/pennylane,https://github.com/PennyLaneAI/pennylane/issues/1,https://github.com/PennyLaneAI/pennylane/pull/3384,preprocessing/result/pennylane_application_review_candidates.csv,26,b144452455dfc3bcfe288f6b3e714890b3b7b31d,other,,,503_to_113,other,recorded_issue_label,Recorded issue_label classification; no finer reason was saved for other.,
pennylane_2037_2069,,PennyLaneAI/pennylane,https://github.com/PennyLaneAI/pennylane/issues/2037,https://github.com/PennyLaneAI/pennylane/pull/2069,preprocessing/result/pennylane_application_review_candidates.csv,27,b144452455dfc3bcfe288f6b3e714890b3b7b31d,feature,yes,skipped,113_to_106,feature_patch_not_isolatable,recorded_benchmark_notes,"The reproducible merge-base-to-head diff lacks the target Keras implementation; tracing earlier feature commits introduces substantial upstream synchronization, so a reliable single-feature patch cannot be isolated.","Skipped during Docker build triage. PR head is a merge commit whose reproducible merge-base-to-head diff only changes tests/transforms/test_batch_inputs.py and does not contain the qnn/keras.py application implementation. Reconstructing the historical feature range from the first batch-run commit crosses a large upstream sync with many unrelated files, so no solid minimal golden patch can be formed for this benchmark sample."
qiskit_finance_287_291,,qiskit-community/qiskit-finance,https://github.com/qiskit-community/qiskit-finance/issues/287,https://github.com/qiskit-community/qiskit-finance/pull/291,preprocessing/result/qiskit_finance_combined_review_candidates.csv,1,b144452455dfc3bcfe288f6b3e714890b3b7b31d,other,,,503_to_113,other,recorded_issue_label,Recorded issue_label classification; no finer reason was saved for other.,
qiskit_finance_343_344,,qiskit-community/qiskit-finance,https://github.com/qiskit-community/qiskit-finance/issues/343,https://github.com/qiskit-community/qiskit-finance/pull/344,preprocessing/result/qiskit_finance_combined_review_candidates.csv,2,b144452455dfc3bcfe288f6b3e714890b3b7b31d,bugfix,,,503_to_113,bugfix,recorded_issue_label,Recorded issue_label classification.,
qiskit_finance_153_157,,qiskit-community/qiskit-finance,https://github.com/qiskit-community/qiskit-finance/issues/153,https://github.com/qiskit-community/qiskit-finance/pull/157,preprocessing/result/qiskit_finance_combined_review_candidates.csv,3,b144452455dfc3bcfe288f6b3e714890b3b7b31d,other,,,503_to_113,other,recorded_issue_label,Recorded issue_label classification; no finer reason was saved for other.,
qiskit_finance_198_199,,qiskit-community/qiskit-finance,https://github.com/qiskit-community/qiskit-finance/issues/198,https://github.com/qiskit-community/qiskit-finance/pull/199,preprocessing/result/qiskit_finance_combined_review_candidates.csv,4,b144452455dfc3bcfe288f6b3e714890b3b7b31d,bugfix,,,503_to_113,bugfix,recorded_issue_label,Recorded issue_label classification.,
qiskit_finance_192_197,,qiskit-community/qiskit-finance,https://github.com/qiskit-community/qiskit-finance/issues/192,https://github.com/qiskit-community/qiskit-finance/pull/197,preprocessing/result/qiskit_finance_combined_review_candidates.csv,5,b144452455dfc3bcfe288f6b3e714890b3b7b31d,refactor,,,503_to_113,refactor,recorded_issue_label,Recorded issue_label classification.,
qiskit_finance_223_241,,qiskit-community/qiskit-finance,https://github.com/qiskit-community/qiskit-finance/issues/223,https://github.com/qiskit-community/qiskit-finance/pull/241,preprocessing/result/qiskit_finance_combined_review_candidates.csv,6,b144452455dfc3bcfe288f6b3e714890b3b7b31d,other,,,503_to_113,other,recorded_issue_label,Recorded issue_label classification; no finer reason was saved for other.,
qiskit_finance_72_112,21,qiskit-community/qiskit-finance,https://github.com/qiskit-community/qiskit-finance/issues/72,https://github.com/qiskit-community/qiskit-finance/pull/112,preprocessing/result/qiskit_finance_combined_review_candidates.csv,7,b144452455dfc3bcfe288f6b3e714890b3b7b31d,feature,yes,completed,retained,retained,dataset_index_and_completed_status,,"Benchmark sample completed with case-level Docker validation recorded in benchmark/dataset/samples/qiskit-finance/qiskit_finance_72_112/sample.json. Task fields were re-checked against Build_Docker_WORKFLOW.md and deliberately narrowed to the probability_distributions slice of PR #112; the issue's tutorial compose follow-up and the PR's other wrapped circuit classes were excluded because they are not fail-pass validated by this sample. Fail-pass uses 1 stable selector, test/circuit/test_probability_distributions.py::TestUniformDistribution::test_uniform; patched fail-pass passed 3/3 and base fail-pass failed 3/3 during selector stability review. Pass-pass uses the 18 adjacent NormalDistribution and LogNormalDistribution selectors from the same test file; patched/base pass-pass both passed 3/3 during selector stability review. PR-modified selector test/circuit/test_european_call_delta_objective.py::TestEuropeanCallDelta::test_application was reviewed and excluded because patched also fails in the reconstructed environment with a stable IterativeAmplitudeEstimation numeric drift (0.8079816552117236 vs 0.8088790606143996). Formal summaries: patched fail-pass 1 passed in 3.53s; patched pass-pass 18 passed in 3.84s; base fail-pass 1 failed in 3.32s; base pass-pass 18 passed in 3.66s. Final image sha256:0f986288dd00666d54c3591e09081cc782159febc7f6cb2062f589f98b7dcc16."
qiskit_finance_66_70,,qiskit-community/qiskit-finance,https://github.com/qiskit-community/qiskit-finance/issues/66,https://github.com/qiskit-community/qiskit-finance/pull/70,preprocessing/result/qiskit_finance_combined_review_candidates.csv,8,b144452455dfc3bcfe288f6b3e714890b3b7b31d,bugfix,,,503_to_113,bugfix,recorded_issue_label,Recorded issue_label classification.,
qiskit_finance_54_57,20,qiskit-community/qiskit-finance,https://github.com/qiskit-community/qiskit-finance/issues/54,https://github.com/qiskit-community/qiskit-finance/pull/57,preprocessing/result/qiskit_finance_combined_review_candidates.csv,9,b144452455dfc3bcfe288f6b3e714890b3b7b31d,feature,yes,completed,retained,retained,dataset_index_and_completed_status,,"Benchmark sample completed with case-level Docker validation recorded in benchmark/dataset/samples/qiskit-finance/qiskit_finance_54_57/sample.json. Task fields were re-checked against Build_Docker_WORKFLOW.md with no deliberate scope exclusions. Fail-pass uses 6 stable PortfolioOptimization selectors from test_portfolio_optimization.py covering bounded integer variable construction, compatibility validation, quadratic-program export, and bounds property behavior; patched fail-pass passed 3/3 and base fail-pass failed 3/3 during selector stability review. Pass-pass uses 5 adjacent selectors covering interpret, expected value, variance, risk_factor, and budget behavior; patched/base pass-pass both passed 3/3 during selector stability review. Formal summaries: patched fail-pass 6 passed in 3.49s; patched pass-pass 5 passed in 3.56s; base fail-pass 6 failed in 3.81s; base pass-pass 5 passed in 3.40s. Final image sha256:ebc99c88bea4f3b0a8e39de485b5ee9d1dc2b11765478436be296c014b797e89."
qiskit_finance_8_9,,qiskit-community/qiskit-finance,https://github.com/qiskit-community/qiskit-finance/issues/8,https://github.com/qiskit-community/qiskit-finance/pull/9,preprocessing/result/qiskit_finance_combined_review_candidates.csv,10,b144452455dfc3bcfe288f6b3e714890b3b7b31d,refactor,,,503_to_113,refactor,recorded_issue_label,Recorded issue_label classification.,
qiskit_machine_learning_1040_1041,,qiskit-community/qiskit-machine-learning,https://github.com/qiskit-community/qiskit-machine-learning/issues/1040,https://github.com/qiskit-community/qiskit-machine-learning/pull/1041,preprocessing/result/qiskit_machine_learning_combined_review_candidates.csv,1,b144452455dfc3bcfe288f6b3e714890b3b7b31d,bugfix,,,503_to_113,bugfix,recorded_issue_label,Recorded issue_label classification.,
qiskit_machine_learning_1010_1023,,qiskit-community/qiskit-machine-learning,https://github.com/qiskit-community/qiskit-machine-learning/issues/1010,https://github.com/qiskit-community/qiskit-machine-learning/pull/1023,preprocessing/result/qiskit_machine_learning_combined_review_candidates.csv,2,b144452455dfc3bcfe288f6b3e714890b3b7b31d,refactor,,,503_to_113,refactor,recorded_issue_label,Recorded issue_label classification.,
qiskit_machine_learning_1003_1026,,qiskit-community/qiskit-machine-learning,https://github.com/qiskit-community/qiskit-machine-learning/issues/1003,https://github.com/qiskit-community/qiskit-machine-learning/pull/1026,preprocessing/result/qiskit_machine_learning_combined_review_candidates.csv,3,b144452455dfc3bcfe288f6b3e714890b3b7b31d,bugfix,,,503_to_113,bugfix,recorded_issue_label,Recorded issue_label classification.,
qiskit_machine_learning_993_973,,qiskit-community/qiskit-machine-learning,https://github.com/qiskit-community/qiskit-machine-learning/issues/993,https://github.com/qiskit-community/qiskit-machine-learning/pull/973,preprocessing/result/qiskit_machine_learning_combined_review_candidates.csv,4,b144452455dfc3bcfe288f6b3e714890b3b7b31d,refactor,,,503_to_113,refactor,recorded_issue_label,Recorded issue_label classification.,
qiskit_machine_learning_991_1002,,qiskit-community/qiskit-machine-learning,https://github.com/qiskit-community/qiskit-machine-learning/issues/991,https://github.com/qiskit-community/qiskit-machine-learning/pull/1002,preprocessing/result/qiskit_machine_learning_combined_review_candidates.csv,5,b144452455dfc3bcfe288f6b3e714890b3b7b31d,other,,,503_to_113,other,recorded_issue_label,Recorded issue_label classification; no finer reason was saved for other.,
qiskit_machine_learning_975_973,,qiskit-community/qiskit-machine-learning,https://github.com/qiskit-community/qiskit-machine-learning/issues/975,https://github.com/qiskit-community/qiskit-machine-learning/pull/973,preprocessing/result/qiskit_machine_learning_combined_review_candidates.csv,6,b144452455dfc3bcfe288f6b3e714890b3b7b31d,refactor,,,503_to_113,refactor,recorded_issue_label,Recorded issue_label classification.,
qiskit_machine_learning_960_1021,45,qiskit-community/qiskit-machine-learning,https://github.com/qiskit-community/qiskit-machine-learning/issues/960,https://github.com/qiskit-community/qiskit-machine-learning/pull/1021,preprocessing/result/qiskit_machine_learning_combined_review_candidates.csv,7,b144452455dfc3bcfe288f6b3e714890b3b7b31d,feature,yes,completed,retained,retained,dataset_index_and_completed_status,,Benchmark sample completed with case-level Docker validation recorded in benchmark/dataset/samples/qiskit-machine-learning/qiskit_machine_learning_960_1021/sample.json. Formal summaries: patched fail-pass 4 passed in 5.19s; patched pass-pass 2 passed in 2.51s; base fail-pass ImportError during collection: cannot import name 'SVRLoss' from qiskit_machine_learning.utils.loss_functions; 1 error in 3.01s; base pass-pass 2 passed in 3.77s. Final image sha256:62435914d7cb357774d6dcd6cea6549edd4e790dae91254aa13d1697ac43e11f.
qiskit_machine_learning_957_966,,qiskit-community/qiskit-machine-learning,https://github.com/qiskit-community/qiskit-machine-learning/issues/957,https://github.com/qiskit-community/qiskit-machine-learning/pull/966,preprocessing/result/qiskit_machine_learning_combined_review_candidates.csv,8,b144452455dfc3bcfe288f6b3e714890b3b7b31d,other,,,503_to_113,other,recorded_issue_label,Recorded issue_label classification; no finer reason was saved for other.,
qiskit_machine_learning_934_973,,qiskit-community/qiskit-machine-learning,https://github.com/qiskit-community/qiskit-machine-learning/issues/934,https://github.com/qiskit-community/qiskit-machine-learning/pull/973,preprocessing/result/qiskit_machine_learning_combined_review_candidates.csv,9,b144452455dfc3bcfe288f6b3e714890b3b7b31d,refactor,,,503_to_113,refactor,recorded_issue_label,Recorded issue_label classification.,
qiskit_machine_learning_931_945,,qiskit-community/qiskit-machine-learning,https://github.com/qiskit-community/qiskit-machine-learning/issues/931,https://github.com/qiskit-community/qiskit-machine-learning/pull/945,preprocessing/result/qiskit_machine_learning_combined_review_candidates.csv,10,b144452455dfc3bcfe288f6b3e714890b3b7b31d,refactor,,,503_to_113,refactor,recorded_issue_label,Recorded issue_label classification.,
qiskit_machine_learning_920_924,44,qiskit-community/qiskit-machine-learning,https://github.com/qiskit-community/qiskit-machine-learning/issues/920,https://github.com/qiskit-community/qiskit-machine-learning/pull/924,preprocessing/result/qiskit_machine_learning_combined_review_candidates.csv,11,b144452455dfc3bcfe288f6b3e714890b3b7b31d,feature,yes,completed,retained,retained,dataset_index_and_completed_status,,"Benchmark sample completed with case-level Docker validation recorded in benchmark/dataset/samples/qiskit-machine-learning/qiskit_machine_learning_920_924/sample.json. Formal summaries: patched fail-pass 1 passed in 2.85s; patched pass-pass 4 passed in 5.51s; base fail-pass ImportError during collection: cannot import name 'SBPLX' from qiskit_machine_learning.optimizers; 1 error in 1.75s; base pass-pass 4 passed in 5.11s. Final image sha256:91ce581f3c504b50eca8d449fcc8516cb0322c2ec8adc188d66fde9135ff9130. Pass-pass review update: Checked NLopt expansion candidates. test_nlopt_4 failed on base during 3-run stability, and reduced candidate test_nlopt_1 also failed on base; keep current 4 stable pass-pass selectors."
qiskit_machine_learning_911_926,,qiskit-community/qiskit-machine-learning,https://github.com/qiskit-community/qiskit-machine-learning/issues/911,https://github.com/qiskit-community/qiskit-machine-learning/pull/926,preprocessing/result/qiskit_machine_learning_combined_review_candidates.csv,12,b144452455dfc3bcfe288f6b3e714890b3b7b31d,bugfix,,,503_to_113,bugfix,recorded_issue_label,Recorded issue_label classification.,
qiskit_machine_learning_897_973,,qiskit-community/qiskit-machine-learning,https://github.com/qiskit-community/qiskit-machine-learning/issues/897,https://github.com/qiskit-community/qiskit-machine-learning/pull/973,preprocessing/result/qiskit_machine_learning_combined_review_candidates.csv,13,b144452455dfc3bcfe288f6b3e714890b3b7b31d,refactor,,,503_to_113,refactor,recorded_issue_label,Recorded issue_label classification.,
qiskit_machine_learning_891_951,,qiskit-community/qiskit-machine-learning,https://github.com/qiskit-community/qiskit-machine-learning/issues/891,https://github.com/qiskit-community/qiskit-machine-learning/pull/951,preprocessing/result/qiskit_machine_learning_combined_review_candidates.csv,14,b144452455dfc3bcfe288f6b3e714890b3b7b31d,bugfix,,,503_to_113,bugfix,recorded_issue_label,Recorded issue_label classification.,
qiskit_machine_learning_877_878,,qiskit-community/qiskit-machine-learning,https://github.com/qiskit-community/qiskit-machine-learning/issues/877,https://github.com/qiskit-community/qiskit-machine-learning/pull/878,preprocessing/result/qiskit_machine_learning_combined_review_candidates.csv,15,b144452455dfc3bcfe288f6b3e714890b3b7b31d,bugfix,,,503_to_113,bugfix,recorded_issue_label,Recorded issue_label classification.,
qiskit_machine_learning_840_843,,qiskit-community/qiskit-machine-learning,https://github.com/qiskit-community/qiskit-machine-learning/issues/840,https://github.com/qiskit-community/qiskit-machine-learning/pull/843,preprocessing/result/qiskit_machine_learning_combined_review_candidates.csv,16,b144452455dfc3bcfe288f6b3e714890b3b7b31d,feature,maybe,,503_to_113,feature_maybe_not_retained_reason_missing,decision_only_reason_missing,"The keep decision was recorded without a specific exclusion reason; missing tests, relationship ambiguity, or insufficient quantum scope must not be inferred.",
qiskit_machine_learning_839_843,,qiskit-community/qiskit-machine-learning,https://github.com/qiskit-community/qiskit-machine-learning/issues/839,https://github.com/qiskit-community/qiskit-machine-learning/pull/843,preprocessing/result/qiskit_machine_learning_combined_review_candidates.csv,17,b144452455dfc3bcfe288f6b3e714890b3b7b31d,bugfix,,,503_to_113,bugfix,recorded_issue_label,Recorded issue_label classification.,
qiskit_machine_learning_824_826,,qiskit-community/qiskit-machine-learning,https://github.com/qiskit-community/qiskit-machine-learning/issues/824,https://github.com/qiskit-community/qiskit-machine-learning/pull/826,preprocessing/result/qiskit_machine_learning_combined_review_candidates.csv,18,b144452455dfc3bcfe288f6b3e714890b3b7b31d,other,,,503_to_113,other,recorded_issue_label,Recorded issue_label classification; no finer reason was saved for other.,
qiskit_machine_learning_810_843,,qiskit-community/qiskit-machine-learning,https://github.com/qiskit-community/qiskit-machine-learning/issues/810,https://github.com/qiskit-community/qiskit-machine-learning/pull/843,preprocessing/result/qiskit_machine_learning_combined_review_candidates.csv,19,b144452455dfc3bcfe288f6b3e714890b3b7b31d,feature,maybe,,503_to_113,feature_maybe_not_retained_reason_missing,decision_only_reason_missing,"The keep decision was recorded without a specific exclusion reason; missing tests, relationship ambiguity, or insufficient quantum scope must not be inferred.",
qiskit_machine_learning_811_817,,qiskit-community/qiskit-machine-learning,https://github.com/qiskit-community/qiskit-machine-learning/issues/811,https://github.com/qiskit-community/qiskit-machine-learning/pull/817,preprocessing/result/qiskit_machine_learning_combined_review_candidates.csv,20,b144452455dfc3bcfe288f6b3e714890b3b7b31d,refactor,,,503_to_113,refactor,recorded_issue_label,Recorded issue_label classification.,
qiskit_machine_learning_786_843,,qiskit-community/qiskit-machine-learning,https://github.com/qiskit-community/qiskit-machine-learning/issues/786,https://github.com/qiskit-community/qiskit-machine-learning/pull/843,preprocessing/result/qiskit_machine_learning_combined_review_candidates.csv,21,b144452455dfc3bcfe288f6b3e714890b3b7b31d,refactor,,,503_to_113,refactor,recorded_issue_label,Recorded issue_label classification.,
qiskit_machine_learning_742_843,,qiskit-community/qiskit-machine-learning,https://github.com/qiskit-community/qiskit-machine-learning/issues/742,https://github.com/qiskit-community/qiskit-machine-learning/pull/843,preprocessing/result/qiskit_machine_learning_combined_review_candidates.csv,22,b144452455dfc3bcfe288f6b3e714890b3b7b31d,feature,maybe,,503_to_113,feature_maybe_not_retained_reason_missing,decision_only_reason_missing,"The keep decision was recorded without a specific exclusion reason; missing tests, relationship ambiguity, or insufficient quantum scope must not be inferred.",
qiskit_machine_learning_729_761,,qiskit-community/qiskit-machine-learning,https://github.com/qiskit-community/qiskit-machine-learning/issues/729,https://github.com/qiskit-community/qiskit-machine-learning/pull/761,preprocessing/result/qiskit_machine_learning_combined_review_candidates.csv,23,b144452455dfc3bcfe288f6b3e714890b3b7b31d,bugfix,,,503_to_113,bugfix,recorded_issue_label,Recorded issue_label classification.,
qiskit_machine_learning_727_728,,qiskit-community/qiskit-machine-learning,https://github.com/qiskit-community/qiskit-machine-learning/issues/727,https://github.com/qiskit-community/qiskit-machine-learning/pull/728,preprocessing/result/qiskit_machine_learning_combined_review_candidates.csv,24,b144452455dfc3bcfe288f6b3e714890b3b7b31d,bugfix,,,503_to_113,bugfix,recorded_issue_label,Recorded issue_label classification.,
qiskit_machine_learning_716_793,,qiskit-community/qiskit-machine-learning,https://github.com/qiskit-community/qiskit-machine-learning/issues/716,https://github.com/qiskit-community/qiskit-machine-learning/pull/793,preprocessing/result/qiskit_machine_learning_combined_review_candidates.csv,25,b144452455dfc3bcfe288f6b3e714890b3b7b31d,bugfix,,,503_to_113,bugfix,recorded_issue_label,Recorded issue_label classification.,
qiskit_machine_learning_687_691,,qiskit-community/qiskit-machine-learning,https://github.com/qiskit-community/qiskit-machine-learning/issues/687,https://github.com/qiskit-community/qiskit-machine-learning/pull/691,preprocessing/result/qiskit_machine_learning_combined_review_candidates.csv,26,b144452455dfc3bcfe288f6b3e714890b3b7b31d,refactor,,,503_to_113,refactor,recorded_issue_label,Recorded issue_label classification.,
qiskit_machine_learning_678_728,,qiskit-community/qiskit-machine-learning,https://github.com/qiskit-community/qiskit-machine-learning/issues/678,https://github.com/qiskit-community/qiskit-machine-learning/pull/728,preprocessing/result/qiskit_machine_learning_combined_review_candidates.csv,27,b144452455dfc3bcfe288f6b3e714890b3b7b31d,bugfix,,,503_to_113,bugfix,recorded_issue_label,Recorded issue_label classification.,
qiskit_machine_learning_686_690,,qiskit-community/qiskit-machine-learning,https://github.com/qiskit-community/qiskit-machine-learning/issues/686,https://github.com/qiskit-community/qiskit-machine-learning/pull/690,preprocessing/result/qiskit_machine_learning_combined_review_candidates.csv,28,b144452455dfc3bcfe288f6b3e714890b3b7b31d,refactor,,,503_to_113,refactor,recorded_issue_label,Recorded issue_label classification.,
qiskit_machine_learning_638_639,41,qiskit-community/qiskit-machine-learning,https://github.com/qiskit-community/qiskit-machine-learning/issues/638,https://github.com/qiskit-community/qiskit-machine-learning/pull/639,preprocessing/result/qiskit_machine_learning_combined_review_candidates.csv,29,b144452455dfc3bcfe288f6b3e714890b3b7b31d,feature,yes,completed,retained,retained,dataset_index_and_completed_status,,Benchmark sample completed with case-level Docker validation recorded in benchmark/dataset/samples/qiskit-machine-learning/qiskit_machine_learning_638_639/sample.json. Formal summaries: patched fail-pass 10 passed in 11.49s; patched pass-pass 8 passed in 3.54s; base fail-pass Failed during collection because the base version cannot import TrainableFidelityStatevectorKernel from qiskit_machine_learning.kernels; 2 errors in 2.87s; base pass-pass 8 passed in 3.29s. Final image sha256:17898e784092226c0199ace6736a4342730074ffbc437ecbba36590fa938ff95.
qiskit_machine_learning_607_778,,qiskit-community/qiskit-machine-learning,https://github.com/qiskit-community/qiskit-machine-learning/issues/607,https://github.com/qiskit-community/qiskit-machine-learning/pull/778,preprocessing/result/qiskit_machine_learning_combined_review_candidates.csv,30,b144452455dfc3bcfe288f6b3e714890b3b7b31d,bugfix,,,503_to_113,bugfix,recorded_issue_label,Recorded issue_label classification.,
qiskit_machine_learning_605_606,,qiskit-community/qiskit-machine-learning,https://github.com/qiskit-community/qiskit-machine-learning/issues/605,https://github.com/qiskit-community/qiskit-machine-learning/pull/606,preprocessing/result/qiskit_machine_learning_combined_review_candidates.csv,31,b144452455dfc3bcfe288f6b3e714890b3b7b31d,bugfix,,,503_to_113,bugfix,recorded_issue_label,Recorded issue_label classification.,
qiskit_machine_learning_597_609,39,qiskit-community/qiskit-machine-learning,https://github.com/qiskit-community/qiskit-machine-learning/issues/597,https://github.com/qiskit-community/qiskit-machine-learning/pull/609,preprocessing/result/qiskit_machine_learning_combined_review_candidates.csv,32,b144452455dfc3bcfe288f6b3e714890b3b7b31d,feature,yes,completed,retained,retained,dataset_index_and_completed_status,,"Benchmark sample completed with case-level Docker validation recorded in benchmark/dataset/samples/qiskit-machine-learning/qiskit_machine_learning_597_609/sample.json. Formal summaries: patched fail-pass 2 passed in 8.63s; patched pass-pass 4 passed in 5.23s; base fail-pass 2 selected pytest items failed because base QNNCircuit construction leaves inferred input_params empty, causing parameter mismatches and input-shape errors; 2 failed in 8.63s; base pass-pass 4 passed in 6.42s. Final image sha256:ac14689c94f4df6bf28930819a1d4cd22db0cf9bcb3f9fdf67cd53cf075f9dbd."
qiskit_machine_learning_551_548,37,qiskit-community/qiskit-machine-learning,https://github.com/qiskit-community/qiskit-machine-learning/issues/551,https://github.com/qiskit-community/qiskit-machine-learning/pull/548,preprocessing/result/qiskit_machine_learning_combined_review_candidates.csv,33,b144452455dfc3bcfe288f6b3e714890b3b7b31d,feature,yes,completed,retained,retained,dataset_index_and_completed_status,,"Benchmark sample completed with case-level Docker validation recorded in benchmark/dataset/samples/qiskit-machine-learning/qiskit_machine_learning_551_548/sample.json. Formal summaries: patched fail-pass 9 passed, 91 warnings, 9 subtests passed in 4.54s.; patched pass-pass 3 passed, 119 warnings in 4.00s.; base fail-pass Failed during collection because FidelityStatevectorKernel cannot be imported from qiskit_machine_learning.kernels in the base commit.; base pass-pass 3 passed, 119 warnings in 3.56s.. Final image sha256:8fab40148ed41654c8bb982553cbd4147ed09d6be1da1126699ec2166057f238. Pass-pass review update: Expanded pass-pass from 3 to 27 related FidelityQuantumKernel/QuantumKernel selectors. Formal pass-pass: patched 27 passed in 3.46s; base 27 passed in 3.18s."
qiskit_machine_learning_557_558,38,qiskit-community/qiskit-machine-learning,https://github.com/qiskit-community/qiskit-machine-learning/issues/557,https://github.com/qiskit-community/qiskit-machine-learning/pull/558,preprocessing/result/qiskit_machine_learning_combined_review_candidates.csv,34,b144452455dfc3bcfe288f6b3e714890b3b7b31d,feature,yes,completed,retained,retained,dataset_index_and_completed_status,,Benchmark sample completed with case-level Docker validation recorded in benchmark/dataset/samples/qiskit-machine-learning/qiskit_machine_learning_557_558/sample.json. Formal summaries: patched fail-pass 2 passed in 4.69s.; patched pass-pass 3 passed in 3.97s.; base fail-pass 2 failed because the base FidelityStatevectorKernel constructor rejects the new shots and enforce_psd arguments.; base pass-pass 3 passed in 4.20s.. Final image sha256:5d44216a510415575923ae8d8ba28692dc08b9159b5e2f0677d5d2eae9005bb5. Pass-pass review update: Expanded pass-pass from 3 to 27 related FidelityStatevectorKernel selectors. Formal pass-pass: patched 27 passed in 2.46s; base 27 passed in 2.42s.
qiskit_machine_learning_505_569,36,qiskit-community/qiskit-machine-learning,https://github.com/qiskit-community/qiskit-machine-learning/issues/505,https://github.com/qiskit-community/qiskit-machine-learning/pull/569,preprocessing/result/qiskit_machine_learning_combined_review_candidates.csv,35,b144452455dfc3bcfe288f6b3e714890b3b7b31d,feature,yes,completed,retained,retained,dataset_index_and_completed_status,,Benchmark sample completed with case-level Docker validation recorded in benchmark/dataset/samples/qiskit-machine-learning/qiskit_machine_learning_505_569/sample.json. Formal summaries: patched fail-pass 9 passed in 1.85s.; patched pass-pass 6 passed in 2.98s.; base fail-pass Collection failed because the base circuit library cannot import QNNCircuit.; base pass-pass 6 passed in 3.19s.. Final image sha256:995715888a3afe2f669fab42ff7a36f0f69062ddd479a6ec708070c62dc2be6f.
qiskit_machine_learning_434_900,,qiskit-community/qiskit-machine-learning,https://github.com/qiskit-community/qiskit-machine-learning/issues/434,https://github.com/qiskit-community/qiskit-machine-learning/pull/900,preprocessing/result/qiskit_machine_learning_combined_review_candidates.csv,36,b144452455dfc3bcfe288f6b3e714890b3b7b31d,other,,,503_to_113,other,recorded_issue_label,Recorded issue_label classification; no finer reason was saved for other.,
qiskit_machine_learning_425_432,,qiskit-community/qiskit-machine-learning,https://github.com/qiskit-community/qiskit-machine-learning/issues/425,https://github.com/qiskit-community/qiskit-machine-learning/pull/432,preprocessing/result/qiskit_machine_learning_combined_review_candidates.csv,37,b144452455dfc3bcfe288f6b3e714890b3b7b31d,bugfix,,,503_to_113,bugfix,recorded_issue_label,Recorded issue_label classification.,
qiskit_machine_learning_401_470,34,qiskit-community/qiskit-machine-learning,https://github.com/qiskit-community/qiskit-machine-learning/issues/401,https://github.com/qiskit-community/qiskit-machine-learning/pull/470,preprocessing/result/qiskit_machine_learning_combined_review_candidates.csv,38,b144452455dfc3bcfe288f6b3e714890b3b7b31d,feature,yes,completed,retained,retained,dataset_index_and_completed_status,,"Benchmark sample completed with case-level Docker validation recorded in benchmark/dataset/samples/qiskit-machine-learning/qiskit_machine_learning_401_470/sample.json. Formal summaries: patched fail-pass 15 passed, 29 warnings, 32 subtests passed in 4.24s.; patched pass-pass 4 passed, 1 skipped, 5 warnings in 5.40s.; base fail-pass Failed during collection because the base version does not provide qiskit_machine_learning.neural_networks.estimator_qnn.EstimatorQNN.; base pass-pass 4 passed, 1 skipped, 5 warnings in 4.19s.. Final image sha256:f08d4ae331593044c606afa2bad92c35a73323dd291be21e307fee2c57787c05. Pass-pass review update: Corrected pass-pass from 5 to 4 selectors by removing a skipped CircuitQNN selector under the new workflow. Formal pass-pass: patched 4 passed in 2.87s; base 4 passed in 2.60s."
qiskit_machine_learning_400_436,33,qiskit-community/qiskit-machine-learning,https://github.com/qiskit-community/qiskit-machine-learning/issues/400,https://github.com/qiskit-community/qiskit-machine-learning/pull/436,preprocessing/result/qiskit_machine_learning_combined_review_candidates.csv,39,b144452455dfc3bcfe288f6b3e714890b3b7b31d,feature,yes,completed,retained,retained,dataset_index_and_completed_status,,"Benchmark sample completed with case-level Docker validation recorded in benchmark/dataset/samples/qiskit-machine-learning/qiskit_machine_learning_400_436/sample.json. Formal summaries: patched fail-pass 13 passed, 3 subtests passed in 18.94s.; patched pass-pass 5 passed, 2 warnings, 3 subtests passed in 4.22s.; base fail-pass Failed during collection because the base version does not provide qiskit_machine_learning.neural_networks.sampler_qnn.SamplerQNN or export SamplerQNN from the neural_networks package.; base pass-pass 5 passed, 2 warnings, 3 subtests passed in 3.48s.. Final image sha256:74964a965a5be2dd3c4c768d5dc83eec3be87fe35d618bc6838cd4c06fdd0917."
qiskit_machine_learning_385_404,31,qiskit-community/qiskit-machine-learning,https://github.com/qiskit-community/qiskit-machine-learning/issues/385,https://github.com/qiskit-community/qiskit-machine-learning/pull/404,preprocessing/result/qiskit_machine_learning_combined_review_candidates.csv,40,b144452455dfc3bcfe288f6b3e714890b3b7b31d,feature,yes,completed,retained,retained,dataset_index_and_completed_status,,"Benchmark sample completed with case-level Docker validation recorded in benchmark/dataset/samples/qiskit-machine-learning/qiskit_machine_learning_385_404/sample.json. Formal summaries: patched fail-pass 5 passed, 4 warnings in 9.13s.; patched pass-pass 4 passed, 2 warnings in 6.50s.; base fail-pass 5 failed, 4 warnings in 8.15s. Base failures directly correspond to missing public fit_result and weights accessors on classifier and regressor models.; base pass-pass 4 passed, 2 warnings in 6.71s.. Final image sha256:176175101260bb89e269f69629857d84a94e949002bcb3bb690c11365f400194."
qiskit_machine_learning_367_540,30,qiskit-community/qiskit-machine-learning,https://github.com/qiskit-community/qiskit-machine-learning/issues/367,https://github.com/qiskit-community/qiskit-machine-learning/pull/540,preprocessing/result/qiskit_machine_learning_combined_review_candidates.csv,41,b144452455dfc3bcfe288f6b3e714890b3b7b31d,feature,yes,completed,retained,retained,dataset_index_and_completed_status,,"Benchmark sample completed with case-level Docker validation recorded in benchmark/dataset/samples/qiskit-machine-learning/qiskit_machine_learning_367_540/sample.json. Formal summaries: patched fail-pass 7 passed, 7 warnings in 8.34s.; patched pass-pass 5 passed, 1 warning in 4.31s.; base fail-pass 7 failed, 3 warnings in 2.38s. Failures show callable optimizers are treated as objects with a minimize method by the base implementation.; base pass-pass 5 passed, 1 warning in 4.22s.. Final image sha256:66b7d3ad098eb48127af1cb0dcc33fb1be029a4c1d5415aab18e23000e7c91d2. Pass-pass review update: Expanded pass-pass from 5 to 12 related callable-optimizer NN classifier/regressor selectors. Formal pass-pass: patched 12 passed in 8.51s; base 12 passed in 8.28s."
qiskit_machine_learning_350_351,,qiskit-community/qiskit-machine-learning,https://github.com/qiskit-community/qiskit-machine-learning/issues/350,https://github.com/qiskit-community/qiskit-machine-learning/pull/351,preprocessing/result/qiskit_machine_learning_combined_review_candidates.csv,42,b144452455dfc3bcfe288f6b3e714890b3b7b31d,refactor,,,503_to_113,refactor,recorded_issue_label,Recorded issue_label classification.,
qiskit_machine_learning_344_345,,qiskit-community/qiskit-machine-learning,https://github.com/qiskit-community/qiskit-machine-learning/issues/344,https://github.com/qiskit-community/qiskit-machine-learning/pull/345,preprocessing/result/qiskit_machine_learning_combined_review_candidates.csv,43,b144452455dfc3bcfe288f6b3e714890b3b7b31d,bugfix,,,503_to_113,bugfix,recorded_issue_label,Recorded issue_label classification.,
qiskit_machine_learning_340_364,29,qiskit-community/qiskit-machine-learning,https://github.com/qiskit-community/qiskit-machine-learning/issues/340,https://github.com/qiskit-community/qiskit-machine-learning/pull/364,preprocessing/result/qiskit_machine_learning_combined_review_candidates.csv,44,b144452455dfc3bcfe288f6b3e714890b3b7b31d,feature,yes,completed,retained,retained,dataset_index_and_completed_status,,Benchmark sample completed with case-level Docker validation recorded in benchmark/dataset/samples/qiskit-machine-learning/qiskit_machine_learning_340_364/sample.json. Formal summaries: patched fail-pass 10 passed in 52.88s; patched pass-pass 4 passed in 16.01s; base fail-pass Failed during collection because the base version cannot import EffectiveDimension from qiskit_machine_learning.neural_networks; 1 error in 5.91s; base pass-pass 4 passed in 14.45s. Final image sha256:ac9497597738f34d100a3f922a2cf788c07aeae475b298b1d1337abe0ee9e395. Pass-pass review update: Expanded pass-pass from 4 to 10 related neural-network shape/QNN testcase selectors. Formal pass-pass: patched 10 passed in 3.61s; base 10 passed in 3.22s.
qiskit_machine_learning_328_348,28,qiskit-community/qiskit-machine-learning,https://github.com/qiskit-community/qiskit-machine-learning/issues/328,https://github.com/qiskit-community/qiskit-machine-learning/pull/348,preprocessing/result/qiskit_machine_learning_combined_review_candidates.csv,45,b144452455dfc3bcfe288f6b3e714890b3b7b31d,feature,yes,completed,retained,retained,dataset_index_and_completed_status,,"Fail-pass audit checked: apparent mixed base fail-pass summary came from pytest-subtests bookkeeping, not a base-passing selector mixed into fail-pass. Both configured sparse-array selectors fail on base via internal subtest failures with IndexError before patched conversion to dense arrays; patched fail-pass remains 2 passed. Summary wording was clarified to selector-level failure: 2 selected selectors failed via 12 subtest failures in 5.33s. Pass-pass remains unchanged. Final image sha256:25175fc02e9b990155197b1f0971d18cec204416baf3d59e2e26ff5a3a4e450b."
qiskit_machine_learning_327_369,,qiskit-community/qiskit-machine-learning,https://github.com/qiskit-community/qiskit-machine-learning/issues/327,https://github.com/qiskit-community/qiskit-machine-learning/pull/369,preprocessing/result/qiskit_machine_learning_combined_review_candidates.csv,46,b144452455dfc3bcfe288f6b3e714890b3b7b31d,bugfix,,,503_to_113,bugfix,recorded_issue_label,Recorded issue_label classification.,
qiskit_machine_learning_326_360,27,qiskit-community/qiskit-machine-learning,https://github.com/qiskit-community/qiskit-machine-learning/issues/326,https://github.com/qiskit-community/qiskit-machine-learning/pull/360,preprocessing/result/qiskit_machine_learning_combined_review_candidates.csv,47,b144452455dfc3bcfe288f6b3e714890b3b7b31d,feature,yes,completed,retained,retained,dataset_index_and_completed_status,,Benchmark sample completed with case-level Docker validation recorded in benchmark/dataset/samples/qiskit-machine-learning/qiskit_machine_learning_326_360/sample.json. Formal summaries: patched fail-pass 6 passed in 19.15s; patched pass-pass 3 passed in 7.99s; base fail-pass collection failed because base cannot import SerializableModelMixin from qiskit_machine_learning.algorithms; 5 errors in 2.12s; base pass-pass 3 passed in 10.75s. Final image sha256:0974afbaf06d388ba58c625b3e023db5b9fde0e940014985fd4b35c316d7a3b4.
qiskit_machine_learning_325_374,,qiskit-community/qiskit-machine-learning,https://github.com/qiskit-community/qiskit-machine-learning/issues/325,https://github.com/qiskit-community/qiskit-machine-learning/pull/374,preprocessing/result/qiskit_machine_learning_combined_review_candidates.csv,48,b144452455dfc3bcfe288f6b3e714890b3b7b31d,refactor,,,503_to_113,refactor,recorded_issue_label,Recorded issue_label classification.,
qiskit_machine_learning_322_374,,qiskit-community/qiskit-machine-learning,https://github.com/qiskit-community/qiskit-machine-learning/issues/322,https://github.com/qiskit-community/qiskit-machine-learning/pull/374,preprocessing/result/qiskit_machine_learning_combined_review_candidates.csv,49,b144452455dfc3bcfe288f6b3e714890b3b7b31d,bugfix,,,503_to_113,bugfix,recorded_issue_label,Recorded issue_label classification.,
qiskit_machine_learning_323_374,,qiskit-community/qiskit-machine-learning,https://github.com/qiskit-community/qiskit-machine-learning/issues/323,https://github.com/qiskit-community/qiskit-machine-learning/pull/374,preprocessing/result/qiskit_machine_learning_combined_review_candidates.csv,50,b144452455dfc3bcfe288f6b3e714890b3b7b31d,bugfix,,,503_to_113,bugfix,recorded_issue_label,Recorded issue_label classification.,
qiskit_machine_learning_320_412,26,qiskit-community/qiskit-machine-learning,https://github.com/qiskit-community/qiskit-machine-learning/issues/320,https://github.com/qiskit-community/qiskit-machine-learning/pull/412,preprocessing/result/qiskit_machine_learning_combined_review_candidates.csv,51,b144452455dfc3bcfe288f6b3e714890b3b7b31d,feature,yes,completed,retained,retained,dataset_index_and_completed_status,,"Benchmark sample completed with case-level Docker validation recorded in benchmark/dataset/samples/qiskit-machine-learning/qiskit_machine_learning_320_412/sample.json. Fail-pass uses NeuralNetworkClassifier categorical prediction plus VQC integer-label and categorical-label cases; pass-pass uses stable adjacent classifier validation and VQC non-parameterized cases that exist on both base and patched. Stability: patched fail-pass passed 3/3, base fail-pass failed 3/3 for target label encoding/decoding behavior, patched pass-pass passed 3/3, base pass-pass passed 3/3. Formal summaries: patched fail-pass 3 passed in 6.52s; patched pass-pass 4 passed in 10.34s; base fail-pass 3 failed in 4.01s; base pass-pass 4 passed in 10.30s. Final image sha256:04d83f159540af1d90102929a8594ffd20ba425bc459f18acc3437628e16b1ee. Pass-pass review update: Expanded pass-pass from 4 to 8 related classifier/VQC testcase selectors. Formal pass-pass: patched 8 passed in 14.36s; base 8 passed in 14.25s."
qiskit_machine_learning_297_317,,qiskit-community/qiskit-machine-learning,https://github.com/qiskit-community/qiskit-machine-learning/issues/297,https://github.com/qiskit-community/qiskit-machine-learning/pull/317,preprocessing/result/qiskit_machine_learning_combined_review_candidates.csv,52,b144452455dfc3bcfe288f6b3e714890b3b7b31d,bugfix,,,503_to_113,bugfix,recorded_issue_label,Recorded issue_label classification.,
qiskit_machine_learning_296_312,,qiskit-community/qiskit-machine-learning,https://github.com/qiskit-community/qiskit-machine-learning/issues/296,https://github.com/qiskit-community/qiskit-machine-learning/pull/312,preprocessing/result/qiskit_machine_learning_combined_review_candidates.csv,53,b144452455dfc3bcfe288f6b3e714890b3b7b31d,bugfix,,,503_to_113,bugfix,recorded_issue_label,Recorded issue_label classification.,
qiskit_machine_learning_278_287,,qiskit-community/qiskit-machine-learning,https://github.com/qiskit-community/qiskit-machine-learning/issues/278,https://github.com/qiskit-community/qiskit-machine-learning/pull/287,preprocessing/result/qiskit_machine_learning_combined_review_candidates.csv,54,b144452455dfc3bcfe288f6b3e714890b3b7b31d,bugfix,,,503_to_113,bugfix,recorded_issue_label,Recorded issue_label classification.,
qiskit_machine_learning_251_284,,qiskit-community/qiskit-machine-learning,https://github.com/qiskit-community/qiskit-machine-learning/issues/251,https://github.com/qiskit-community/qiskit-machine-learning/pull/284,preprocessing/result/qiskit_machine_learning_combined_review_candidates.csv,55,b144452455dfc3bcfe288f6b3e714890b3b7b31d,bugfix,,,503_to_113,bugfix,recorded_issue_label,Recorded issue_label classification.,
qiskit_machine_learning_242_306,,qiskit-community/qiskit-machine-learning,https://github.com/qiskit-community/qiskit-machine-learning/issues/242,https://github.com/qiskit-community/qiskit-machine-learning/pull/306,preprocessing/result/qiskit_machine_learning_combined_review_candidates.csv,56,b144452455dfc3bcfe288f6b3e714890b3b7b31d,other,,,503_to_113,other,recorded_issue_label,Recorded issue_label classification; no finer reason was saved for other.,
qiskit_machine_learning_226_219,24,qiskit-community/qiskit-machine-learning,https://github.com/qiskit-community/qiskit-machine-learning/issues/226,https://github.com/qiskit-community/qiskit-machine-learning/pull/219,preprocessing/result/qiskit_machine_learning_combined_review_candidates.csv,57,b144452455dfc3bcfe288f6b3e714890b3b7b31d,feature,yes,completed,retained,retained,dataset_index_and_completed_status,,Completed. Built benchmark-qiskit_machine_learning_226_219:latest after pinning setuptools<70/pytest<8; fail-pass selector is test_user_parameters; pass-pass selectors are 3 adjacent construct_circuit cases; stability confirmed 3/3 for patched/base expectations.
qiskit_machine_learning_227_244,25,qiskit-community/qiskit-machine-learning,https://github.com/qiskit-community/qiskit-machine-learning/issues/227,https://github.com/qiskit-community/qiskit-machine-learning/pull/244,preprocessing/result/qiskit_machine_learning_combined_review_candidates.csv,58,b144452455dfc3bcfe288f6b3e714890b3b7b31d,feature,yes,completed,retained,retained,dataset_index_and_completed_status,,"Benchmark sample completed and pass-pass expanded after workflow update. Fail-pass uses the direct QuantumKernelTrainer integration selector. Pass-pass now keeps 22 related testcase-level selectors from test/kernels/test_qkernel.py covering adjacent QuantumKernel classifier, evaluation, and circuit-construction behavior; TestQuantumKernelUserParameters was excluded because it is not native to the base commit. Stability: expanded pass-pass passed 3/3 on patched and 3/3 on base. Formal summaries after rebuild: patched fail-pass 1 passed in 40.94s; patched pass-pass 22 passed in 2.69s; base fail-pass ImportError during collection because base cannot import QuantumKernelTrainer; base pass-pass 22 passed in 3.40s. Final image sha256:06027a0f62834c8a99fb0559fe0673cb633cd0e5d37e52996f099ef202552f2d."
qiskit_machine_learning_218_220,,qiskit-community/qiskit-machine-learning,https://github.com/qiskit-community/qiskit-machine-learning/issues/218,https://github.com/qiskit-community/qiskit-machine-learning/pull/220,preprocessing/result/qiskit_machine_learning_combined_review_candidates.csv,59,b144452455dfc3bcfe288f6b3e714890b3b7b31d,bugfix,,,503_to_113,bugfix,recorded_issue_label,Recorded issue_label classification.,
qiskit_machine_learning_217_248,,qiskit-community/qiskit-machine-learning,https://github.com/qiskit-community/qiskit-machine-learning/issues/217,https://github.com/qiskit-community/qiskit-machine-learning/pull/248,preprocessing/result/qiskit_machine_learning_combined_review_candidates.csv,60,b144452455dfc3bcfe288f6b3e714890b3b7b31d,bugfix,,,503_to_113,bugfix,recorded_issue_label,Recorded issue_label classification.,
qiskit_machine_learning_180_182,,qiskit-community/qiskit-machine-learning,https://github.com/qiskit-community/qiskit-machine-learning/issues/180,https://github.com/qiskit-community/qiskit-machine-learning/pull/182,preprocessing/result/qiskit_machine_learning_combined_review_candidates.csv,61,b144452455dfc3bcfe288f6b3e714890b3b7b31d,bugfix,,,503_to_113,bugfix,recorded_issue_label,Recorded issue_label classification.,
qiskit_machine_learning_175_188,,qiskit-community/qiskit-machine-learning,https://github.com/qiskit-community/qiskit-machine-learning/issues/175,https://github.com/qiskit-community/qiskit-machine-learning/pull/188,preprocessing/result/qiskit_machine_learning_combined_review_candidates.csv,62,b144452455dfc3bcfe288f6b3e714890b3b7b31d,bugfix,,,503_to_113,bugfix,recorded_issue_label,Recorded issue_label classification.,
qiskit_machine_learning_149_332,,qiskit-community/qiskit-machine-learning,https://github.com/qiskit-community/qiskit-machine-learning/issues/149,https://github.com/qiskit-community/qiskit-machine-learning/pull/332,preprocessing/result/qiskit_machine_learning_combined_review_candidates.csv,63,b144452455dfc3bcfe288f6b3e714890b3b7b31d,other,,,503_to_113,other,recorded_issue_label,Recorded issue_label classification; no finer reason was saved for other.,
qiskit_machine_learning_124_132,,qiskit-community/qiskit-machine-learning,https://github.com/qiskit-community/qiskit-machine-learning/issues/124,https://github.com/qiskit-community/qiskit-machine-learning/pull/132,preprocessing/result/qiskit_machine_learning_combined_review_candidates.csv,64,b144452455dfc3bcfe288f6b3e714890b3b7b31d,bugfix,,,503_to_113,bugfix,recorded_issue_label,Recorded issue_label classification.,
qiskit_machine_learning_113_115,23,qiskit-community/qiskit-machine-learning,https://github.com/qiskit-community/qiskit-machine-learning/issues/113,https://github.com/qiskit-community/qiskit-machine-learning/pull/115,preprocessing/result/qiskit_machine_learning_combined_review_candidates.csv,65,b144452455dfc3bcfe288f6b3e714890b3b7b31d,feature,yes,completed,retained,retained,dataset_index_and_completed_status,,"Benchmark sample completed with case-level Docker validation recorded in benchmark/dataset/samples/qiskit-machine-learning/qiskit_machine_learning_113_115/sample.json. Formal summaries: patched fail-pass 5 passed in 15.41s; patched pass-pass 20 passed in 52.07s; base fail-pass TypeError for missing initial_point constructor support, 5 failed in 2.89s; base pass-pass 20 passed in 41.59s. Final image sha256:af42c59e8436d838610b68972179412638f45c135e7b784ae769360d47f0474f."
qiskit_machine_learning_112_151,22,qiskit-community/qiskit-machine-learning,https://github.com/qiskit-community/qiskit-machine-learning/issues/112,https://github.com/qiskit-community/qiskit-machine-learning/pull/151,preprocessing/result/qiskit_machine_learning_combined_review_candidates.csv,66,b144452455dfc3bcfe288f6b3e714890b3b7b31d,feature,yes,completed,retained,retained,dataset_index_and_completed_status,,"Completed with 24 classifier callback=True fail-pass selectors and 17 VQC/VQR pass-pass selectors. Excluded VQC optimizer=None/statevector pass-pass case because it was flaky on base, once scoring 0.0 instead of >0.5; regressor PR test only passed callback=None and did not directly validate callback invocation, so task scope is classifier callback behavior."
qiskit_machine_learning_94_93,,qiskit-community/qiskit-machine-learning,https://github.com/qiskit-community/qiskit-machine-learning/issues/94,https://github.com/qiskit-community/qiskit-machine-learning/pull/93,preprocessing/result/qiskit_machine_learning_combined_review_candidates.csv,67,b144452455dfc3bcfe288f6b3e714890b3b7b31d,bugfix,,,503_to_113,bugfix,recorded_issue_label,Recorded issue_label classification.,
qiskit_machine_learning_100_121,,qiskit-community/qiskit-machine-learning,https://github.com/qiskit-community/qiskit-machine-learning/issues/100,https://github.com/qiskit-community/qiskit-machine-learning/pull/121,preprocessing/result/qiskit_machine_learning_combined_review_candidates.csv,68,b144452455dfc3bcfe288f6b3e714890b3b7b31d,bugfix,,,503_to_113,bugfix,recorded_issue_label,Recorded issue_label classification.,
qiskit_machine_learning_90_117,43,qiskit-community/qiskit-machine-learning,https://github.com/qiskit-community/qiskit-machine-learning/issues/90,https://github.com/qiskit-community/qiskit-machine-learning/pull/117,preprocessing/result/qiskit_machine_learning_combined_review_candidates.csv,69,b144452455dfc3bcfe288f6b3e714890b3b7b31d,feature,yes,completed,retained,retained,dataset_index_and_completed_status,,Benchmark sample completed with case-level Docker validation recorded in benchmark/dataset/samples/qiskit-machine-learning/qiskit_machine_learning_90_117/sample.json. Formal summaries: patched fail-pass 5 passed in 3.95s; patched pass-pass 20 passed in 1.60s; base fail-pass 5 failed with TypeError: unexpected input_gradients constructor argument in 3.88s; base pass-pass 20 passed in 1.59s. Final image sha256:15c137ff0d185d6598281169814095f1016478ba531eb14c2e0fedf025c50d38.
qiskit_machine_learning_87_88,,qiskit-community/qiskit-machine-learning,https://github.com/qiskit-community/qiskit-machine-learning/issues/87,https://github.com/qiskit-community/qiskit-machine-learning/pull/88,preprocessing/result/qiskit_machine_learning_combined_review_candidates.csv,70,b144452455dfc3bcfe288f6b3e714890b3b7b31d,bugfix,,,503_to_113,bugfix,recorded_issue_label,Recorded issue_label classification.,
qiskit_machine_learning_82_131,,qiskit-community/qiskit-machine-learning,https://github.com/qiskit-community/qiskit-machine-learning/issues/82,https://github.com/qiskit-community/qiskit-machine-learning/pull/131,preprocessing/result/qiskit_machine_learning_combined_review_candidates.csv,71,b144452455dfc3bcfe288f6b3e714890b3b7b31d,refactor,,,503_to_113,refactor,recorded_issue_label,Recorded issue_label classification.,
qiskit_machine_learning_76_99,,qiskit-community/qiskit-machine-learning,https://github.com/qiskit-community/qiskit-machine-learning/issues/76,https://github.com/qiskit-community/qiskit-machine-learning/pull/99,preprocessing/result/qiskit_machine_learning_combined_review_candidates.csv,72,b144452455dfc3bcfe288f6b3e714890b3b7b31d,refactor,,,503_to_113,refactor,recorded_issue_label,Recorded issue_label classification.,
qiskit_machine_learning_75_79,,qiskit-community/qiskit-machine-learning,https://github.com/qiskit-community/qiskit-machine-learning/issues/75,https://github.com/qiskit-community/qiskit-machine-learning/pull/79,preprocessing/result/qiskit_machine_learning_combined_review_candidates.csv,73,b144452455dfc3bcfe288f6b3e714890b3b7b31d,bugfix,,,503_to_113,bugfix,recorded_issue_label,Recorded issue_label classification.,
qiskit_machine_learning_67_103,,qiskit-community/qiskit-machine-learning,https://github.com/qiskit-community/qiskit-machine-learning/issues/67,https://github.com/qiskit-community/qiskit-machine-learning/pull/103,preprocessing/result/qiskit_machine_learning_combined_review_candidates.csv,74,b144452455dfc3bcfe288f6b3e714890b3b7b31d,feature,maybe,,503_to_113,feature_maybe_not_retained_reason_missing,decision_only_reason_missing,"The keep decision was recorded without a specific exclusion reason; missing tests, relationship ambiguity, or insufficient quantum scope must not be inferred.",
qiskit_machine_learning_62_143,40,qiskit-community/qiskit-machine-learning,https://github.com/qiskit-community/qiskit-machine-learning/issues/62,https://github.com/qiskit-community/qiskit-machine-learning/pull/143,preprocessing/result/qiskit_machine_learning_combined_review_candidates.csv,75,b144452455dfc3bcfe288f6b3e714890b3b7b31d,feature,yes,completed,retained,retained,dataset_index_and_completed_status,,Benchmark sample completed with case-level Docker validation recorded in benchmark/dataset/samples/qiskit-machine-learning/qiskit_machine_learning_62_143/sample.json. Formal summaries: patched fail-pass 5 passed in 15.06s; patched pass-pass 12 passed in 36.68s; base fail-pass 5 failed in 4.89s; base pass-pass 12 passed in 35.12s. Final image sha256:5fe62cfe92ab9be95a4bd8a9aa9ad8f12841426d4af0e6030fdd1f8bf2dcd23b.
qiskit_machine_learning_63_102,42,qiskit-community/qiskit-machine-learning,https://github.com/qiskit-community/qiskit-machine-learning/issues/63,https://github.com/qiskit-community/qiskit-machine-learning/pull/102,preprocessing/result/qiskit_machine_learning_combined_review_candidates.csv,76,b144452455dfc3bcfe288f6b3e714890b3b7b31d,feature,yes,completed,retained,retained,dataset_index_and_completed_status,,Benchmark sample completed with case-level Docker validation recorded in benchmark/dataset/samples/qiskit-machine-learning/qiskit_machine_learning_63_102/sample.json. Formal summaries: patched fail-pass 2 passed in 3.45s; patched pass-pass 4 passed in 4.93s; base fail-pass 2 failed with one-dimensional batch loss shape collapse in 3.35s; base pass-pass 4 passed in 4.65s. Final image sha256:d610bf4bde73ac9053343306092a5f2bc910672a33277714d58d40198eb9617c.
qiskit_machine_learning_54_55,,qiskit-community/qiskit-machine-learning,https://github.com/qiskit-community/qiskit-machine-learning/issues/54,https://github.com/qiskit-community/qiskit-machine-learning/pull/55,preprocessing/result/qiskit_machine_learning_combined_review_candidates.csv,77,b144452455dfc3bcfe288f6b3e714890b3b7b31d,other,,,503_to_113,other,recorded_issue_label,Recorded issue_label classification; no finer reason was saved for other.,
qiskit_machine_learning_49_64,,qiskit-community/qiskit-machine-learning,https://github.com/qiskit-community/qiskit-machine-learning/issues/49,https://github.com/qiskit-community/qiskit-machine-learning/pull/64,preprocessing/result/qiskit_machine_learning_combined_review_candidates.csv,78,b144452455dfc3bcfe288f6b3e714890b3b7b31d,other,,,503_to_113,other,recorded_issue_label,Recorded issue_label classification; no finer reason was saved for other.,
qiskit_machine_learning_44_73,35,qiskit-community/qiskit-machine-learning,https://github.com/qiskit-community/qiskit-machine-learning/issues/44,https://github.com/qiskit-community/qiskit-machine-learning/pull/73,preprocessing/result/qiskit_machine_learning_combined_review_candidates.csv,79,b144452455dfc3bcfe288f6b3e714890b3b7b31d,feature,yes,completed,retained,retained,dataset_index_and_completed_status,,"Built as benchmark sample with 13 case-level primary selectors covering disabled input gradients across base, CircuitQNN, OpflowQNN, and TwoLayerQNN behavior. Validation: patched fail-pass 13 passed, patched pass-pass 20 passed, base fail-pass 13 failed, base pass-pass 20 passed. Excluded input_gradients=True cases because base already computes input gradients; excluded sampling CircuitQNN variants because sampling backward returns no gradients and does not directly prove the PR behavior. No validation exceeded 120s."
qiskit_machine_learning_24_25,,qiskit-community/qiskit-machine-learning,https://github.com/qiskit-community/qiskit-machine-learning/issues/24,https://github.com/qiskit-community/qiskit-machine-learning/pull/25,preprocessing/result/qiskit_machine_learning_combined_review_candidates.csv,80,b144452455dfc3bcfe288f6b3e714890b3b7b31d,refactor,,,503_to_113,refactor,recorded_issue_label,Recorded issue_label classification.,
qiskit_machine_learning_960_1022,,qiskit-community/qiskit-machine-learning,https://github.com/qiskit-community/qiskit-machine-learning/issues/960,https://github.com/qiskit-community/qiskit-machine-learning/pull/1022,preprocessing/result/qiskit_machine_learning_combined_review_candidates.csv,81,b144452455dfc3bcfe288f6b3e714890b3b7b31d,feature,no,,503_to_113,feature_not_retained_reason_missing,decision_only_reason_missing,"The keep decision was recorded without a specific exclusion reason; missing tests, relationship ambiguity, or insufficient quantum scope must not be inferred.",
qiskit_machine_learning_903_938,,qiskit-community/qiskit-machine-learning,https://github.com/qiskit-community/qiskit-machine-learning/issues/903,https://github.com/qiskit-community/qiskit-machine-learning/pull/938,preprocessing/result/qiskit_machine_learning_combined_review_candidates.csv,82,b144452455dfc3bcfe288f6b3e714890b3b7b31d,bugfix,,,503_to_113,bugfix,recorded_issue_label,Recorded issue_label classification.,
qiskit_machine_learning_911_939,,qiskit-community/qiskit-machine-learning,https://github.com/qiskit-community/qiskit-machine-learning/issues/911,https://github.com/qiskit-community/qiskit-machine-learning/pull/939,preprocessing/result/qiskit_machine_learning_combined_review_candidates.csv,83,b144452455dfc3bcfe288f6b3e714890b3b7b31d,bugfix,,,503_to_113,bugfix,recorded_issue_label,Recorded issue_label classification.,
qiskit_machine_learning_903_925,,qiskit-community/qiskit-machine-learning,https://github.com/qiskit-community/qiskit-machine-learning/issues/903,https://github.com/qiskit-community/qiskit-machine-learning/pull/925,preprocessing/result/qiskit_machine_learning_combined_review_candidates.csv,84,b144452455dfc3bcfe288f6b3e714890b3b7b31d,bugfix,,,503_to_113,bugfix,recorded_issue_label,Recorded issue_label classification.,
qiskit_machine_learning_877_883,,qiskit-community/qiskit-machine-learning,https://github.com/qiskit-community/qiskit-machine-learning/issues/877,https://github.com/qiskit-community/qiskit-machine-learning/pull/883,preprocessing/result/qiskit_machine_learning_combined_review_candidates.csv,85,b144452455dfc3bcfe288f6b3e714890b3b7b31d,bugfix,,,503_to_113,bugfix,recorded_issue_label,Recorded issue_label classification.,
qiskit_machine_learning_726_779,,qiskit-community/qiskit-machine-learning,https://github.com/qiskit-community/qiskit-machine-learning/issues/726,https://github.com/qiskit-community/qiskit-machine-learning/pull/779,preprocessing/result/qiskit_machine_learning_combined_review_candidates.csv,86,b144452455dfc3bcfe288f6b3e714890b3b7b31d,bugfix,,,503_to_113,bugfix,recorded_issue_label,Recorded issue_label classification.,
qiskit_machine_learning_701_780,,qiskit-community/qiskit-machine-learning,https://github.com/qiskit-community/qiskit-machine-learning/issues/701,https://github.com/qiskit-community/qiskit-machine-learning/pull/780,preprocessing/result/qiskit_machine_learning_combined_review_candidates.csv,87,b144452455dfc3bcfe288f6b3e714890b3b7b31d,bugfix,,,503_to_113,bugfix,recorded_issue_label,Recorded issue_label classification.,
qiskit_machine_learning_600_780,,qiskit-community/qiskit-machine-learning,https://github.com/qiskit-community/qiskit-machine-learning/issues/600,https://github.com/qiskit-community/qiskit-machine-learning/pull/780,preprocessing/result/qiskit_machine_learning_combined_review_candidates.csv,88,b144452455dfc3bcfe288f6b3e714890b3b7b31d,bugfix,,,503_to_113,bugfix,recorded_issue_label,Recorded issue_label classification.,
qiskit_machine_learning_701_772,,qiskit-community/qiskit-machine-learning,https://github.com/qiskit-community/qiskit-machine-learning/issues/701,https://github.com/qiskit-community/qiskit-machine-learning/pull/772,preprocessing/result/qiskit_machine_learning_combined_review_candidates.csv,89,b144452455dfc3bcfe288f6b3e714890b3b7b31d,bugfix,,,503_to_113,bugfix,recorded_issue_label,Recorded issue_label classification.,
qiskit_machine_learning_600_772,,qiskit-community/qiskit-machine-learning,https://github.com/qiskit-community/qiskit-machine-learning/issues/600,https://github.com/qiskit-community/qiskit-machine-learning/pull/772,preprocessing/result/qiskit_machine_learning_combined_review_candidates.csv,90,b144452455dfc3bcfe288f6b3e714890b3b7b31d,bugfix,,,503_to_113,bugfix,recorded_issue_label,Recorded issue_label classification.,
qiskit_machine_learning_725_728,,qiskit-community/qiskit-machine-learning,https://github.com/qiskit-community/qiskit-machine-learning/issues/725,https://github.com/qiskit-community/qiskit-machine-learning/pull/728,preprocessing/result/qiskit_machine_learning_combined_review_candidates.csv,91,b144452455dfc3bcfe288f6b3e714890b3b7b31d,other,,,503_to_113,other,recorded_issue_label,Recorded issue_label classification; no finer reason was saved for other.,
qiskit_machine_learning_289_677,,qiskit-community/qiskit-machine-learning,https://github.com/qiskit-community/qiskit-machine-learning/issues/289,https://github.com/qiskit-community/qiskit-machine-learning/pull/677,preprocessing/result/qiskit_machine_learning_combined_review_candidates.csv,92,b144452455dfc3bcfe288f6b3e714890b3b7b31d,feature,no,,503_to_113,feature_not_retained_reason_missing,decision_only_reason_missing,"The keep decision was recorded without a specific exclusion reason; missing tests, relationship ambiguity, or insufficient quantum scope must not be inferred.",
qiskit_machine_learning_336_432,,qiskit-community/qiskit-machine-learning,https://github.com/qiskit-community/qiskit-machine-learning/issues/336,https://github.com/qiskit-community/qiskit-machine-learning/pull/432,preprocessing/result/qiskit_machine_learning_combined_review_candidates.csv,93,b144452455dfc3bcfe288f6b3e714890b3b7b31d,bugfix,,,503_to_113,bugfix,recorded_issue_label,Recorded issue_label classification.,
qiskit_machine_learning_393_405,,qiskit-community/qiskit-machine-learning,https://github.com/qiskit-community/qiskit-machine-learning/issues/393,https://github.com/qiskit-community/qiskit-machine-learning/pull/405,preprocessing/result/qiskit_machine_learning_combined_review_candidates.csv,94,b144452455dfc3bcfe288f6b3e714890b3b7b31d,bugfix,,,503_to_113,bugfix,recorded_issue_label,Recorded issue_label classification.,
qiskit_machine_learning_394_405,,qiskit-community/qiskit-machine-learning,https://github.com/qiskit-community/qiskit-machine-learning/issues/394,https://github.com/qiskit-community/qiskit-machine-learning/pull/405,preprocessing/result/qiskit_machine_learning_combined_review_candidates.csv,95,b144452455dfc3bcfe288f6b3e714890b3b7b31d,bugfix,,,503_to_113,bugfix,recorded_issue_label,Recorded issue_label classification.,
qiskit_machine_learning_387_398,32,qiskit-community/qiskit-machine-learning,https://github.com/qiskit-community/qiskit-machine-learning/issues/387,https://github.com/qiskit-community/qiskit-machine-learning/pull/398,preprocessing/result/qiskit_machine_learning_combined_review_candidates.csv,96,b144452455dfc3bcfe288f6b3e714890b3b7b31d,feature,yes,completed,retained,retained,dataset_index_and_completed_status,,Benchmark sample completed with case-level Docker validation recorded in benchmark/dataset/samples/qiskit-machine-learning/qiskit_machine_learning_387_398/sample.json. Formal summaries: patched fail-pass 1 passed in 6.91s; patched pass-pass 5 passed in 17.26s; base fail-pass AttributeError: 'PegasosQSVC' object has no attribute '_sparse'; 1 failed in 5.31s; base pass-pass 5 passed in 21.82s. Final image sha256:39e716e6683a3ca1986068a229a2c033b38c727de3dd37231b0a81a385f04c2c. No validation exceeded 120s.
qiskit_machine_learning_342_373,,qiskit-community/qiskit-machine-learning,https://github.com/qiskit-community/qiskit-machine-learning/issues/342,https://github.com/qiskit-community/qiskit-machine-learning/pull/373,preprocessing/result/qiskit_machine_learning_combined_review_candidates.csv,97,b144452455dfc3bcfe288f6b3e714890b3b7b31d,feature,yes,skipped,113_to_106,no_valid_f2p,recorded_benchmark_notes,The change mainly adds tutorials and removes old callback tests; no target test establishes base failure followed by patched success.,Skipped under current Docker workflow: issue goal is an Effective Dimension tutorial and PR primarily adds docs/tutorial content; the only test change removes the prior callback test rather than adding a PR-modified fail-pass target where base fails and patched passes. Existing EffectiveDimension behavior is already represented by qiskit_machine_learning_340_364.
qiskit_machine_learning_297_321,,qiskit-community/qiskit-machine-learning,https://github.com/qiskit-community/qiskit-machine-learning/issues/297,https://github.com/qiskit-community/qiskit-machine-learning/pull/321,preprocessing/result/qiskit_machine_learning_combined_review_candidates.csv,98,b144452455dfc3bcfe288f6b3e714890b3b7b31d,bugfix,,,503_to_113,bugfix,recorded_issue_label,Recorded issue_label classification.,
qiskit_machine_learning_322_317,,qiskit-community/qiskit-machine-learning,https://github.com/qiskit-community/qiskit-machine-learning/issues/322,https://github.com/qiskit-community/qiskit-machine-learning/pull/317,preprocessing/result/qiskit_machine_learning_combined_review_candidates.csv,99,b144452455dfc3bcfe288f6b3e714890b3b7b31d,feature,no,,503_to_113,feature_not_retained_reason_missing,decision_only_reason_missing,"The keep decision was recorded without a specific exclusion reason; missing tests, relationship ambiguity, or insufficient quantum scope must not be inferred.",
qiskit_machine_learning_323_317,,qiskit-community/qiskit-machine-learning,https://github.com/qiskit-community/qiskit-machine-learning/issues/323,https://github.com/qiskit-community/qiskit-machine-learning/pull/317,preprocessing/result/qiskit_machine_learning_combined_review_candidates.csv,100,b144452455dfc3bcfe288f6b3e714890b3b7b31d,feature,no,,503_to_113,feature_not_retained_reason_missing,decision_only_reason_missing,"The keep decision was recorded without a specific exclusion reason; missing tests, relationship ambiguity, or insufficient quantum scope must not be inferred.",
qiskit_machine_learning_320_317,,qiskit-community/qiskit-machine-learning,https://github.com/qiskit-community/qiskit-machine-learning/issues/320,https://github.com/qiskit-community/qiskit-machine-learning/pull/317,preprocessing/result/qiskit_machine_learning_combined_review_candidates.csv,101,b144452455dfc3bcfe288f6b3e714890b3b7b31d,feature,no,,503_to_113,feature_not_retained_reason_missing,decision_only_reason_missing,"The keep decision was recorded without a specific exclusion reason; missing tests, relationship ambiguity, or insufficient quantum scope must not be inferred.",
qiskit_machine_learning_325_317,,qiskit-community/qiskit-machine-learning,https://github.com/qiskit-community/qiskit-machine-learning/issues/325,https://github.com/qiskit-community/qiskit-machine-learning/pull/317,preprocessing/result/qiskit_machine_learning_combined_review_candidates.csv,102,b144452455dfc3bcfe288f6b3e714890b3b7b31d,feature,no,,503_to_113,feature_not_retained_reason_missing,decision_only_reason_missing,"The keep decision was recorded without a specific exclusion reason; missing tests, relationship ambiguity, or insufficient quantum scope must not be inferred.",
qiskit_machine_learning_221_287,,qiskit-community/qiskit-machine-learning,https://github.com/qiskit-community/qiskit-machine-learning/issues/221,https://github.com/qiskit-community/qiskit-machine-learning/pull/287,preprocessing/result/qiskit_machine_learning_combined_review_candidates.csv,103,b144452455dfc3bcfe288f6b3e714890b3b7b31d,bugfix,,,503_to_113,bugfix,recorded_issue_label,Recorded issue_label classification.,
qiskit_machine_learning_95_182,,qiskit-community/qiskit-machine-learning,https://github.com/qiskit-community/qiskit-machine-learning/issues/95,https://github.com/qiskit-community/qiskit-machine-learning/pull/182,preprocessing/result/qiskit_machine_learning_combined_review_candidates.csv,104,b144452455dfc3bcfe288f6b3e714890b3b7b31d,feature,no,,503_to_113,feature_not_retained_reason_missing,decision_only_reason_missing,"The keep decision was recorded without a specific exclusion reason; missing tests, relationship ambiguity, or insufficient quantum scope must not be inferred.",
qiskit_machine_learning_112_193,,qiskit-community/qiskit-machine-learning,https://github.com/qiskit-community/qiskit-machine-learning/issues/112,https://github.com/qiskit-community/qiskit-machine-learning/pull/193,preprocessing/result/qiskit_machine_learning_combined_review_candidates.csv,105,b144452455dfc3bcfe288f6b3e714890b3b7b31d,feature,no,,503_to_113,feature_not_retained_reason_missing,decision_only_reason_missing,"The keep decision was recorded without a specific exclusion reason; missing tests, relationship ambiguity, or insufficient quantum scope must not be inferred.",
qiskit_machine_learning_62_193,,qiskit-community/qiskit-machine-learning,https://github.com/qiskit-community/qiskit-machine-learning/issues/62,https://github.com/qiskit-community/qiskit-machine-learning/pull/193,preprocessing/result/qiskit_machine_learning_combined_review_candidates.csv,106,b144452455dfc3bcfe288f6b3e714890b3b7b31d,feature,no,,503_to_113,feature_not_retained_reason_missing,decision_only_reason_missing,"The keep decision was recorded without a specific exclusion reason; missing tests, relationship ambiguity, or insufficient quantum scope must not be inferred.",
qiskit_machine_learning_70_77,,qiskit-community/qiskit-machine-learning,https://github.com/qiskit-community/qiskit-machine-learning/issues/70,https://github.com/qiskit-community/qiskit-machine-learning/pull/77,preprocessing/result/qiskit_machine_learning_combined_review_candidates.csv,107,b144452455dfc3bcfe288f6b3e714890b3b7b31d,bugfix,,,503_to_113,bugfix,recorded_issue_label,Recorded issue_label classification.,
qiskit_machine_learning_36_37,,qiskit-community/qiskit-machine-learning,https://github.com/qiskit-community/qiskit-machine-learning/issues/36,https://github.com/qiskit-community/qiskit-machine-learning/pull/37,preprocessing/result/qiskit_machine_learning_combined_review_candidates.csv,108,b144452455dfc3bcfe288f6b3e714890b3b7b31d,bugfix,,,503_to_113,bugfix,recorded_issue_label,Recorded issue_label classification.,
qiskit_nature_1370_1374,,qiskit-community/qiskit-nature,https://github.com/qiskit-community/qiskit-nature/issues/1370,https://github.com/qiskit-community/qiskit-nature/pull/1374,preprocessing/result/qiskit_nature_combined_review_candidates.csv,1,b144452455dfc3bcfe288f6b3e714890b3b7b31d,bugfix,,,503_to_113,bugfix,recorded_issue_label,Recorded issue_label classification.,
qiskit_nature_1309_1310,,qiskit-community/qiskit-nature,https://github.com/qiskit-community/qiskit-nature/issues/1309,https://github.com/qiskit-community/qiskit-nature/pull/1310,preprocessing/result/qiskit_nature_combined_review_candidates.csv,2,b144452455dfc3bcfe288f6b3e714890b3b7b31d,other,,,503_to_113,other,recorded_issue_label,Recorded issue_label classification; no finer reason was saved for other.,
qiskit_nature_1345_1356,49,qiskit-community/qiskit-nature,https://github.com/qiskit-community/qiskit-nature/issues/1345,https://github.com/qiskit-community/qiskit-nature/pull/1356,preprocessing/result/qiskit_nature_combined_review_candidates.csv,3,b144452455dfc3bcfe288f6b3e714890b3b7b31d,feature,yes,completed,retained,retained,dataset_index_and_completed_status,,Benchmark sample completed with case-level Docker validation recorded in benchmark/dataset/samples/qiskit-nature/qiskit_nature_1345_1356/sample.json. Formal summaries: patched fail-pass 6 passed in 2.18s.; patched pass-pass 5 passed in 2.32s.; base fail-pass ImportError during collection: cannot import name 'BosonicLogarithmicMapper' from qiskit_nature.second_q.mappers; 1 error in 2.05s.; base pass-pass 5 passed in 2.01s.. Final image sha256:374cd74812e447496e452d91ed4745a537d077ee59a053e96d76cec3dacaaa38. Pass-pass review update: Expanded pass-pass from 5 to 26 related BosonicLinearMapper/LogarithmicMapper selectors. Formal pass-pass: patched 26 passed in 1.74s; base 26 passed in 1.58s.
qiskit_nature_1298_1299,,qiskit-community/qiskit-nature,https://github.com/qiskit-community/qiskit-nature/issues/1298,https://github.com/qiskit-community/qiskit-nature/pull/1299,preprocessing/result/qiskit_nature_combined_review_candidates.csv,4,b144452455dfc3bcfe288f6b3e714890b3b7b31d,bugfix,,,503_to_113,bugfix,recorded_issue_label,Recorded issue_label classification.,
qiskit_nature_1277_1286,,qiskit-community/qiskit-nature,https://github.com/qiskit-community/qiskit-nature/issues/1277,https://github.com/qiskit-community/qiskit-nature/pull/1286,preprocessing/result/qiskit_nature_combined_review_candidates.csv,5,b144452455dfc3bcfe288f6b3e714890b3b7b31d,bugfix,,,503_to_113,bugfix,recorded_issue_label,Recorded issue_label classification.,
qiskit_nature_1291_1292,,qiskit-community/qiskit-nature,https://github.com/qiskit-community/qiskit-nature/issues/1291,https://github.com/qiskit-community/qiskit-nature/pull/1292,preprocessing/result/qiskit_nature_combined_review_candidates.csv,6,b144452455dfc3bcfe288f6b3e714890b3b7b31d,bugfix,,,503_to_113,bugfix,recorded_issue_label,Recorded issue_label classification.,
qiskit_nature_1273_1275,,qiskit-community/qiskit-nature,https://github.com/qiskit-community/qiskit-nature/issues/1273,https://github.com/qiskit-community/qiskit-nature/pull/1275,preprocessing/result/qiskit_nature_combined_review_candidates.csv,7,b144452455dfc3bcfe288f6b3e714890b3b7b31d,bugfix,,,503_to_113,bugfix,recorded_issue_label,Recorded issue_label classification.,
qiskit_nature_1253_1254,,qiskit-community/qiskit-nature,https://github.com/qiskit-community/qiskit-nature/issues/1253,https://github.com/qiskit-community/qiskit-nature/pull/1254,preprocessing/result/qiskit_nature_combined_review_candidates.csv,8,b144452455dfc3bcfe288f6b3e714890b3b7b31d,bugfix,,,503_to_113,bugfix,recorded_issue_label,Recorded issue_label classification.,
qiskit_nature_1257_1270,46,qiskit-community/qiskit-nature,https://github.com/qiskit-community/qiskit-nature/issues/1257,https://github.com/qiskit-community/qiskit-nature/pull/1270,preprocessing/result/qiskit_nature_combined_review_candidates.csv,9,b144452455dfc3bcfe288f6b3e714890b3b7b31d,feature,yes,completed,retained,retained,dataset_index_and_completed_status,,"Benchmark sample completed with case-level Docker validation recorded in benchmark/dataset/samples/qiskit-nature/qiskit_nature_1257_1270/sample.json. Formal summaries: patched fail-pass 13 passed, 36 subtests passed in 2.98s.; patched pass-pass 7 passed, 2 warnings, 28 subtests passed in 9.75s.; base fail-pass ImportError during collection: cannot import name 'MajoranaOp' from qiskit_nature.second_q.operators; 1 error in 2.57s.; base pass-pass 7 passed, 2 warnings, 28 subtests passed in 7.89s.. Final image sha256:919682d9ba84a9a23d70b8a271015db5c2635d0c89760b91510b77edc933c0d0. Pass-pass review update: Expanded pass-pass from 7 to 14 related FermionicOp/algebra selectors. Formal pass-pass: patched 14 passed in 6.51s; base 14 passed in 6.28s."
qiskit_nature_1250_1252,,qiskit-community/qiskit-nature,https://github.com/qiskit-community/qiskit-nature/issues/1250,https://github.com/qiskit-community/qiskit-nature/pull/1252,preprocessing/result/qiskit_nature_combined_review_candidates.csv,10,b144452455dfc3bcfe288f6b3e714890b3b7b31d,refactor,,,503_to_113,refactor,recorded_issue_label,Recorded issue_label classification.,
qiskit_nature_1208_1210,,qiskit-community/qiskit-nature,https://github.com/qiskit-community/qiskit-nature/issues/1208,https://github.com/qiskit-community/qiskit-nature/pull/1210,preprocessing/result/qiskit_nature_combined_review_candidates.csv,11,b144452455dfc3bcfe288f6b3e714890b3b7b31d,bugfix,,,503_to_113,bugfix,recorded_issue_label,Recorded issue_label classification.,
qiskit_nature_1190_1240,,qiskit-community/qiskit-nature,https://github.com/qiskit-community/qiskit-nature/issues/1190,https://github.com/qiskit-community/qiskit-nature/pull/1240,preprocessing/result/qiskit_nature_combined_review_candidates.csv,12,b144452455dfc3bcfe288f6b3e714890b3b7b31d,feature,no,,503_to_113,feature_not_retained_reason_missing,decision_only_reason_missing,"The keep decision was recorded without a specific exclusion reason; missing tests, relationship ambiguity, or insufficient quantum scope must not be inferred.",
qiskit_nature_1187_1189,,qiskit-community/qiskit-nature,https://github.com/qiskit-community/qiskit-nature/issues/1187,https://github.com/qiskit-community/qiskit-nature/pull/1189,preprocessing/result/qiskit_nature_combined_review_candidates.csv,13,b144452455dfc3bcfe288f6b3e714890b3b7b31d,bugfix,,,503_to_113,bugfix,recorded_issue_label,Recorded issue_label classification.,
qiskit_nature_1168_1171,,qiskit-community/qiskit-nature,https://github.com/qiskit-community/qiskit-nature/issues/1168,https://github.com/qiskit-community/qiskit-nature/pull/1171,preprocessing/result/qiskit_nature_combined_review_candidates.csv,14,b144452455dfc3bcfe288f6b3e714890b3b7b31d,bugfix,,,503_to_113,bugfix,recorded_issue_label,Recorded issue_label classification.,
qiskit_nature_1169_1248,,qiskit-community/qiskit-nature,https://github.com/qiskit-community/qiskit-nature/issues/1169,https://github.com/qiskit-community/qiskit-nature/pull/1248,preprocessing/result/qiskit_nature_combined_review_candidates.csv,15,b144452455dfc3bcfe288f6b3e714890b3b7b31d,refactor,,,503_to_113,refactor,recorded_issue_label,Recorded issue_label classification.,
qiskit_nature_1196_1248,,qiskit-community/qiskit-nature,https://github.com/qiskit-community/qiskit-nature/issues/1196,https://github.com/qiskit-community/qiskit-nature/pull/1248,preprocessing/result/qiskit_nature_combined_review_candidates.csv,16,b144452455dfc3bcfe288f6b3e714890b3b7b31d,refactor,,,503_to_113,refactor,recorded_issue_label,Recorded issue_label classification.,
qiskit_nature_1157_1158,,qiskit-community/qiskit-nature,https://github.com/qiskit-community/qiskit-nature/issues/1157,https://github.com/qiskit-community/qiskit-nature/pull/1158,preprocessing/result/qiskit_nature_combined_review_candidates.csv,17,b144452455dfc3bcfe288f6b3e714890b3b7b31d,bugfix,,,503_to_113,bugfix,recorded_issue_label,Recorded issue_label classification.,
qiskit_nature_1123_1122,,qiskit-community/qiskit-nature,https://github.com/qiskit-community/qiskit-nature/issues/1123,https://github.com/qiskit-community/qiskit-nature/pull/1122,preprocessing/result/qiskit_nature_combined_review_candidates.csv,18,b144452455dfc3bcfe288f6b3e714890b3b7b31d,other,,,503_to_113,other,recorded_issue_label,Recorded issue_label classification; no finer reason was saved for other.,
qiskit_nature_1110_1111,,qiskit-community/qiskit-nature,https://github.com/qiskit-community/qiskit-nature/issues/1110,https://github.com/qiskit-community/qiskit-nature/pull/1111,preprocessing/result/qiskit_nature_combined_review_candidates.csv,19,b144452455dfc3bcfe288f6b3e714890b3b7b31d,bugfix,,,503_to_113,bugfix,recorded_issue_label,Recorded issue_label classification.,
qiskit_nature_1099_1122,,qiskit-community/qiskit-nature,https://github.com/qiskit-community/qiskit-nature/issues/1099,https://github.com/qiskit-community/qiskit-nature/pull/1122,preprocessing/result/qiskit_nature_combined_review_candidates.csv,20,b144452455dfc3bcfe288f6b3e714890b3b7b31d,other,,,503_to_113,other,recorded_issue_label,Recorded issue_label classification; no finer reason was saved for other.,
qiskit_nature_1100_1116,,qiskit-community/qiskit-nature,https://github.com/qiskit-community/qiskit-nature/issues/1100,https://github.com/qiskit-community/qiskit-nature/pull/1116,preprocessing/result/qiskit_nature_combined_review_candidates.csv,21,b144452455dfc3bcfe288f6b3e714890b3b7b31d,bugfix,,,503_to_113,bugfix,recorded_issue_label,Recorded issue_label classification.,
qiskit_nature_1076_1073,,qiskit-community/qiskit-nature,https://github.com/qiskit-community/qiskit-nature/issues/1076,https://github.com/qiskit-community/qiskit-nature/pull/1073,preprocessing/result/qiskit_nature_combined_review_candidates.csv,22,b144452455dfc3bcfe288f6b3e714890b3b7b31d,bugfix,,,503_to_113,bugfix,recorded_issue_label,Recorded issue_label classification.,
qiskit_nature_1071_1077,,qiskit-community/qiskit-nature,https://github.com/qiskit-community/qiskit-nature/issues/1071,https://github.com/qiskit-community/qiskit-nature/pull/1077,preprocessing/result/qiskit_nature_combined_review_candidates.csv,23,b144452455dfc3bcfe288f6b3e714890b3b7b31d,bugfix,,,503_to_113,bugfix,recorded_issue_label,Recorded issue_label classification.,
qiskit_nature_1059_1060,,qiskit-community/qiskit-nature,https://github.com/qiskit-community/qiskit-nature/issues/1059,https://github.com/qiskit-community/qiskit-nature/pull/1060,preprocessing/result/qiskit_nature_combined_review_candidates.csv,24,b144452455dfc3bcfe288f6b3e714890b3b7b31d,bugfix,,,503_to_113,bugfix,recorded_issue_label,Recorded issue_label classification.,
qiskit_nature_1049_1073,,qiskit-community/qiskit-nature,https://github.com/qiskit-community/qiskit-nature/issues/1049,https://github.com/qiskit-community/qiskit-nature/pull/1073,preprocessing/result/qiskit_nature_combined_review_candidates.csv,25,b144452455dfc3bcfe288f6b3e714890b3b7b31d,refactor,,,503_to_113,refactor,recorded_issue_label,Recorded issue_label classification.,
qiskit_nature_1039_1044,,qiskit-community/qiskit-nature,https://github.com/qiskit-community/qiskit-nature/issues/1039,https://github.com/qiskit-community/qiskit-nature/pull/1044,preprocessing/result/qiskit_nature_combined_review_candidates.csv,26,b144452455dfc3bcfe288f6b3e714890b3b7b31d,refactor,,,503_to_113,refactor,recorded_issue_label,Recorded issue_label classification.,
qiskit_nature_1032_1060,,qiskit-community/qiskit-nature,https://github.com/qiskit-community/qiskit-nature/issues/1032,https://github.com/qiskit-community/qiskit-nature/pull/1060,preprocessing/result/qiskit_nature_combined_review_candidates.csv,27,b144452455dfc3bcfe288f6b3e714890b3b7b31d,feature,no,,503_to_113,feature_not_retained_reason_missing,decision_only_reason_missing,"The keep decision was recorded without a specific exclusion reason; missing tests, relationship ambiguity, or insufficient quantum scope must not be inferred.",
qiskit_nature_1036_1084,,qiskit-community/qiskit-nature,https://github.com/qiskit-community/qiskit-nature/issues/1036,https://github.com/qiskit-community/qiskit-nature/pull/1084,preprocessing/result/qiskit_nature_combined_review_candidates.csv,28,b144452455dfc3bcfe288f6b3e714890b3b7b31d,refactor,,,503_to_113,refactor,recorded_issue_label,Recorded issue_label classification.,
qiskit_nature_1020_1050,,qiskit-community/qiskit-nature,https://github.com/qiskit-community/qiskit-nature/issues/1020,https://github.com/qiskit-community/qiskit-nature/pull/1050,preprocessing/result/qiskit_nature_combined_review_candidates.csv,29,b144452455dfc3bcfe288f6b3e714890b3b7b31d,refactor,,,503_to_113,refactor,recorded_issue_label,Recorded issue_label classification.,
qiskit_nature_1010_1023,,qiskit-community/qiskit-nature,https://github.com/qiskit-community/qiskit-nature/issues/1010,https://github.com/qiskit-community/qiskit-nature/pull/1023,preprocessing/result/qiskit_nature_combined_review_candidates.csv,30,b144452455dfc3bcfe288f6b3e714890b3b7b31d,feature,yes,rejected_base_passes_primary,113_to_106,no_valid_f2p,recorded_benchmark_notes,"The target tests pass on both base and patched revisions, and unittest subTest cases cannot be separated into independent pytest selectors.","Re-reviewed under current case-level workflow. Full PR diff from base 0e9b7e2d to head af92de61 changes SparseLabelOp.assign_parameters, requirements qiskit-terra>=0.23.*, and one added assertion inside test/second_q/operators/test_sparse_label_op.py::TestSparseLabelOp::test_assign_parameters. With a Terra 0.23-compatible benchmark environment, patched test_assign_parameters passes and base with the patched test file also passes, because the base implementation already manually filters unknown parameters before binding. The added assertion is inside a unittest subTest, so there is no finer pytest nodeid that can form fail-to-pass. Not constructible as a fail_to_pass sample."
qiskit_nature_1006_1008,,qiskit-community/qiskit-nature,https://github.com/qiskit-community/qiskit-nature/issues/1006,https://github.com/qiskit-community/qiskit-nature/pull/1008,preprocessing/result/qiskit_nature_combined_review_candidates.csv,31,b144452455dfc3bcfe288f6b3e714890b3b7b31d,bugfix,,,503_to_113,bugfix,recorded_issue_label,Recorded issue_label classification.,
qiskit_nature_1003_1004,,qiskit-community/qiskit-nature,https://github.com/qiskit-community/qiskit-nature/issues/1003,https://github.com/qiskit-community/qiskit-nature/pull/1004,preprocessing/result/qiskit_nature_combined_review_candidates.csv,32,b144452455dfc3bcfe288f6b3e714890b3b7b31d,bugfix,,,503_to_113,bugfix,recorded_issue_label,Recorded issue_label classification.,
qiskit_nature_974_1031,,qiskit-community/qiskit-nature,https://github.com/qiskit-community/qiskit-nature/issues/974,https://github.com/qiskit-community/qiskit-nature/pull/1031,preprocessing/result/qiskit_nature_combined_review_candidates.csv,33,b144452455dfc3bcfe288f6b3e714890b3b7b31d,feature,yes,rejected_pr_too_broad,113_to_106,feature_patch_not_isolatable,recorded_benchmark_notes,The PR mixes extensive mapper/API refactoring with related changes and lacks a clear single-feature scope.,Attempted review for benchmark construction. PR #1031 spans a broad mapper/API refactor and related changes rather than a clean single-feature sample; skipped before Docker construction.
qiskit_nature_973_1018,93,qiskit-community/qiskit-nature,https://github.com/qiskit-community/qiskit-nature/issues/973,https://github.com/qiskit-community/qiskit-nature/pull/1018,preprocessing/result/qiskit_nature_combined_review_candidates.csv,34,b144452455dfc3bcfe288f6b3e714890b3b7b31d,feature,yes,completed,retained,retained,dataset_index_and_completed_status,,"Converted from file-level to case-level selectors. Fail-pass uses three ParityMapper/QubitConverter two-qubit-reduction cases, stable 3x with patched pass and base failing because ParityMapper does not accept the num_particles constructor argument. Pass-pass uses three adjacent mapper cases and excludes a skipped DirectMapper case. Formal validation: patched fail-pass 3 passed in 20.18s, patched pass-pass 3 passed in 16.63s, base fail-pass target collection failure in 19.26s, base pass-pass 3 passed in 33.61s. Final image sha256:49a4d4641d2c27554cf1fad676c90c165445655139bbc90f0e697a32311009b0, size 1161353330 bytes. Pass-pass review update: Expanded pass-pass from 3 to 8 related mapper/QubitConverter selectors. Excluded QubitConverter::test_two_qubit_reduction because it failed on patched during stability. Formal pass-pass: patched 8 passed in 2.02s; base 8 passed in 1.99s."
qiskit_nature_967_1073,,qiskit-community/qiskit-nature,https://github.com/qiskit-community/qiskit-nature/issues/967,https://github.com/qiskit-community/qiskit-nature/pull/1073,preprocessing/result/qiskit_nature_combined_review_candidates.csv,35,b144452455dfc3bcfe288f6b3e714890b3b7b31d,refactor,,,503_to_113,refactor,recorded_issue_label,Recorded issue_label classification.,
qiskit_nature_962_966,,qiskit-community/qiskit-nature,https://github.com/qiskit-community/qiskit-nature/issues/962,https://github.com/qiskit-community/qiskit-nature/pull/966,preprocessing/result/qiskit_nature_combined_review_candidates.csv,36,b144452455dfc3bcfe288f6b3e714890b3b7b31d,bugfix,,,503_to_113,bugfix,recorded_issue_label,Recorded issue_label classification.,
qiskit_nature_972_999,,qiskit-community/qiskit-nature,https://github.com/qiskit-community/qiskit-nature/issues/972,https://github.com/qiskit-community/qiskit-nature/pull/999,preprocessing/result/qiskit_nature_combined_review_candidates.csv,37,b144452455dfc3bcfe288f6b3e714890b3b7b31d,feature,no,,503_to_113,feature_not_retained_reason_missing,decision_only_reason_missing,"The keep decision was recorded without a specific exclusion reason; missing tests, relationship ambiguity, or insufficient quantum scope must not be inferred.",
qiskit_nature_958_1085,92,qiskit-community/qiskit-nature,https://github.com/qiskit-community/qiskit-nature/issues/958,https://github.com/qiskit-community/qiskit-nature/pull/1085,preprocessing/result/qiskit_nature_combined_review_candidates.csv,38,b144452455dfc3bcfe288f6b3e714890b3b7b31d,feature,yes,completed,retained,retained,dataset_index_and_completed_status,,"Converted fail-pass from file-level to 52 case-level nodeids covering all patched BosonicOp and BosonicLinearMapper cases. Narrowed pass-pass from broad operator/mapper files to 12 adjacent case-level selectors covering existing VibrationalOp/FermionicOp algebra and validation plus Linear/Direct mapper behavior. Stability passed 3x: patched fail-pass pass, base fail-pass target ImportError for missing BosonicOp, patched/base pass-pass pass. Formal validations all under 1200s. Final image sha256:c4c4fb1a902100067f613e86e231558b56ff1764d3fcdd222a9c0507b0787f33, size 1201239386 bytes. Pass-pass review update: Expanded pass-pass from 12 to 68 related operators/mappers selectors. Formal pass-pass: patched 68 passed in 2.95s; base 68 passed in 2.54s."
qiskit_nature_956_1027,90,qiskit-community/qiskit-nature,https://github.com/qiskit-community/qiskit-nature/issues/956,https://github.com/qiskit-community/qiskit-nature/pull/1027,preprocessing/result/qiskit_nature_combined_review_candidates.csv,39,b144452455dfc3bcfe288f6b3e714890b3b7b31d,feature,yes,completed,retained,retained,dataset_index_and_completed_status,,"Converted from file-level to case-level selectors. Fail-pass is TestHexagonalLattice::test_init, the only dedicated HexagonalLattice case. Pass-pass narrowed to four adjacent lattice init cases and excludes the original skipped hyper_cubic coverage. Stability passed 3x: patched fail-pass pass, base fail-pass target ImportError for missing HexagonalLattice, patched/base pass-pass pass. Formal validation: patched fail-pass 1 passed in 8.44s, patched pass-pass 4 passed in 9.72s, base fail-pass target ImportError in 15.38s, base pass-pass 4 passed in 12.23s. Final image sha256:026dd04ae236dd9411ae67d59da6f688fe1d4022070d4d70b1978e2b32aa7b9c, size 954088980 bytes. Pass-pass review update: Expanded pass-pass from 4 to 15 related lattice selectors. Formal pass-pass: patched 15 passed in 1.21s; base 15 passed in 1.09s."
qiskit_nature_957_1038,91,qiskit-community/qiskit-nature,https://github.com/qiskit-community/qiskit-nature/issues/957,https://github.com/qiskit-community/qiskit-nature/pull/1038,preprocessing/result/qiskit_nature_combined_review_candidates.csv,40,b144452455dfc3bcfe288f6b3e714890b3b7b31d,feature,yes,completed,retained,retained,dataset_index_and_completed_status,,"Converted qiskit_nature_957_1038 from file-level to case-level selectors. Fail-pass uses the four KagomeLattice init cases, stable 3x with patched pass and base failing by missing KagomeLattice import. Pass-pass narrowed to adjacent line/square/triangular init cases, stable 3x pass/pass; dropped broad lattice files and skipped hyper_cubic coverage to avoid skipped/non-target items. Formal validation: patched fail-pass 4 passed in 12.04s, patched pass-pass 4 passed in 18.18s, base fail-pass target ImportError in 27.86s, base pass-pass 4 passed in 16.18s. Final image sha256:a1a08c4908f7cf5c25edac52929df4e5fc98bcb0e19c7b807ee45b664988e096, size 958665813 bytes. Pass-pass review update: Expanded pass-pass from 4 to 11 related lattice selectors. Formal pass-pass: patched 11 passed in 1.17s; base 11 passed in 1.19s."
qiskit_nature_954_1158,,qiskit-community/qiskit-nature,https://github.com/qiskit-community/qiskit-nature/issues/954,https://github.com/qiskit-community/qiskit-nature/pull/1158,preprocessing/result/qiskit_nature_combined_review_candidates.csv,41,b144452455dfc3bcfe288f6b3e714890b3b7b31d,feature,maybe,,503_to_113,feature_maybe_not_retained_reason_missing,decision_only_reason_missing,"The keep decision was recorded without a specific exclusion reason; missing tests, relationship ambiguity, or insufficient quantum scope must not be inferred.",
qiskit_nature_955_964,89,qiskit-community/qiskit-nature,https://github.com/qiskit-community/qiskit-nature/issues/955,https://github.com/qiskit-community/qiskit-nature/pull/964,preprocessing/result/qiskit_nature_combined_review_candidates.csv,42,b144452455dfc3bcfe288f6b3e714890b3b7b31d,feature,yes,completed,retained,retained,dataset_index_and_completed_status,,"Converted from file-level to case-level selectors. Fail-pass is TestPolynomialTensor::test_einsum; pass-pass is four adjacent PolynomialTensor cases (apply, tensor, to_dense, to_sparse). Stability 3x passed on patched/pass-pass and failed on base fail-pass as expected via missing HAS_OPT_EINSUM optional dependency hook. Formal validations all under 1200s. Final image sha256:b3cbf8655c81853a6677100563fe4f628063207a458bb28941e129d480e271ff, size 1206505654 bytes. Pass-pass review update: Expanded pass-pass from 4 to 19 related PolynomialTensor selectors. Formal pass-pass: patched 19 passed in 5.23s; base 19 passed in 5.00s."
qiskit_nature_953_975,,qiskit-community/qiskit-nature,https://github.com/qiskit-community/qiskit-nature/issues/953,https://github.com/qiskit-community/qiskit-nature/pull/975,preprocessing/result/qiskit_nature_combined_review_candidates.csv,43,b144452455dfc3bcfe288f6b3e714890b3b7b31d,bugfix,,,503_to_113,bugfix,recorded_issue_label,Recorded issue_label classification.,
qiskit_nature_944_1002,,qiskit-community/qiskit-nature,https://github.com/qiskit-community/qiskit-nature/issues/944,https://github.com/qiskit-community/qiskit-nature/pull/1002,preprocessing/result/qiskit_nature_combined_review_candidates.csv,44,b144452455dfc3bcfe288f6b3e714890b3b7b31d,other,,,503_to_113,other,recorded_issue_label,Recorded issue_label classification; no finer reason was saved for other.,
qiskit_nature_933_1078,,qiskit-community/qiskit-nature,https://github.com/qiskit-community/qiskit-nature/issues/933,https://github.com/qiskit-community/qiskit-nature/pull/1078,preprocessing/result/qiskit_nature_combined_review_candidates.csv,45,b144452455dfc3bcfe288f6b3e714890b3b7b31d,bugfix,,,503_to_113,bugfix,recorded_issue_label,Recorded issue_label classification.,
qiskit_nature_918_1046,86,qiskit-community/qiskit-nature,https://github.com/qiskit-community/qiskit-nature/issues/918,https://github.com/qiskit-community/qiskit-nature/pull/1046,preprocessing/result/qiskit_nature_combined_review_candidates.csv,46,b144452455dfc3bcfe288f6b3e714890b3b7b31d,feature,yes,completed,retained,retained,dataset_index_and_completed_status,,"Migrated qiskit_nature_918_1046 to case-level selectors. Fail-pass is the PR-added InterleavedQubitMapper mapping case; patched passes 3/3 and base fails 3/3 with stable ImportError for missing public InterleavedQubitMapper. Pass-pass narrowed from broad mapper files with skipped cases to three adjacent mapper single-op nodeids; patched/base both pass 3/3 with no skipped/xfailed/not-run cases. Formal validation: patched fail-pass 1 passed in 12.55s, patched pass-pass 3 passed in 12.11s, base fail-pass target ImportError in 15.69s, base pass-pass 3 passed in 23.59s. Final image sha256:b323897e44ae32d95b9fc818cc7df61032638d83a09b8abbd4b597431f0da68b, size 1026605673 bytes. Pass-pass review update: Expanded pass-pass from 3 to 8 related mapper selectors. Formal pass-pass: patched 8 passed in 1.88s; base 8 passed in 1.69s."
qiskit_nature_929_1112,,qiskit-community/qiskit-nature,https://github.com/qiskit-community/qiskit-nature/issues/929,https://github.com/qiskit-community/qiskit-nature/pull/1112,preprocessing/result/qiskit_nature_combined_review_candidates.csv,47,b144452455dfc3bcfe288f6b3e714890b3b7b31d,other,,,503_to_113,other,recorded_issue_label,Recorded issue_label classification; no finer reason was saved for other.,
qiskit_nature_901_902,,qiskit-community/qiskit-nature,https://github.com/qiskit-community/qiskit-nature/issues/901,https://github.com/qiskit-community/qiskit-nature/pull/902,preprocessing/result/qiskit_nature_combined_review_candidates.csv,48,b144452455dfc3bcfe288f6b3e714890b3b7b31d,feature,maybe,,503_to_113,feature_maybe_not_retained_reason_missing,decision_only_reason_missing,"The keep decision was recorded without a specific exclusion reason; missing tests, relationship ambiguity, or insufficient quantum scope must not be inferred.",
qiskit_nature_892_891,,qiskit-community/qiskit-nature,https://github.com/qiskit-community/qiskit-nature/issues/892,https://github.com/qiskit-community/qiskit-nature/pull/891,preprocessing/result/qiskit_nature_combined_review_candidates.csv,49,b144452455dfc3bcfe288f6b3e714890b3b7b31d,bugfix,,,503_to_113,bugfix,recorded_issue_label,Recorded issue_label classification.,
qiskit_nature_888_893,,qiskit-community/qiskit-nature,https://github.com/qiskit-community/qiskit-nature/issues/888,https://github.com/qiskit-community/qiskit-nature/pull/893,preprocessing/result/qiskit_nature_combined_review_candidates.csv,50,b144452455dfc3bcfe288f6b3e714890b3b7b31d,bugfix,,,503_to_113,bugfix,recorded_issue_label,Recorded issue_label classification.,
qiskit_nature_885_887,,qiskit-community/qiskit-nature,https://github.com/qiskit-community/qiskit-nature/issues/885,https://github.com/qiskit-community/qiskit-nature/pull/887,preprocessing/result/qiskit_nature_combined_review_candidates.csv,51,b144452455dfc3bcfe288f6b3e714890b3b7b31d,bugfix,,,503_to_113,bugfix,recorded_issue_label,Recorded issue_label classification.,
qiskit_nature_883_886,,qiskit-community/qiskit-nature,https://github.com/qiskit-community/qiskit-nature/issues/883,https://github.com/qiskit-community/qiskit-nature/pull/886,preprocessing/result/qiskit_nature_combined_review_candidates.csv,52,b144452455dfc3bcfe288f6b3e714890b3b7b31d,bugfix,,,503_to_113,bugfix,recorded_issue_label,Recorded issue_label classification.,
qiskit_nature_881_903,85,qiskit-community/qiskit-nature,https://github.com/qiskit-community/qiskit-nature/issues/881,https://github.com/qiskit-community/qiskit-nature/pull/903,preprocessing/result/qiskit_nature_combined_review_candidates.csv,53,b144452455dfc3bcfe288f6b3e714890b3b7b31d,feature,yes,completed,retained,retained,dataset_index_and_completed_status,,"Migrated qiskit_nature_881_903 from file-level selectors to case-level selectors. Fail-pass uses the three PR-added fail-to-pass cases for HartreeFock lazy attribute setting, HartreeFock unsupported mapper NotImplementedError behavior, and VSCF lazy attribute setting. Pass-pass uses four adjacent pre-existing HartreeFock/VSCF bitstring and eager-constructor cases that run natively and pass 3x on both base and patched. Formal validation: patched fail-pass 3 passed in 8.97s, patched pass-pass 4 passed in 9.19s, base fail-pass 3 failed in 13.31s, base pass-pass 4 passed in 11.11s. Final image sha256:1eaf5ab57420ab566857004e391a81f4d24f6bb40f585e630f7ad105090836b2, size 1023668484 bytes. Task fields were checked against the selected case-level scope. Pass-pass review update: Expanded pass-pass from 4 to 11 related HartreeFock/VSCF selectors. Formal pass-pass: patched 11 passed in 1.56s; base 11 passed in 1.45s."
qiskit_nature_875_1079,,qiskit-community/qiskit-nature,https://github.com/qiskit-community/qiskit-nature/issues/875,https://github.com/qiskit-community/qiskit-nature/pull/1079,preprocessing/result/qiskit_nature_combined_review_candidates.csv,54,b144452455dfc3bcfe288f6b3e714890b3b7b31d,refactor,,,503_to_113,refactor,recorded_issue_label,Recorded issue_label classification.,
qiskit_nature_867_921,,qiskit-community/qiskit-nature,https://github.com/qiskit-community/qiskit-nature/issues/867,https://github.com/qiskit-community/qiskit-nature/pull/921,preprocessing/result/qiskit_nature_combined_review_candidates.csv,55,b144452455dfc3bcfe288f6b3e714890b3b7b31d,refactor,,,503_to_113,refactor,recorded_issue_label,Recorded issue_label classification.,
qiskit_nature_865_890,83,qiskit-community/qiskit-nature,https://github.com/qiskit-community/qiskit-nature/issues/865,https://github.com/qiskit-community/qiskit-nature/pull/890,preprocessing/result/qiskit_nature_combined_review_candidates.csv,56,b144452455dfc3bcfe288f6b3e714890b3b7b31d,feature,yes,completed,retained,retained,dataset_index_and_completed_status,,"Case-level migration completed. Fail-pass narrowed from whole test_quadratic_hamiltonian.py to the three PR-added fail-to-pass cases for QuadraticHamiltonian addition/subtraction, scalar multiplication, and constructor-style repr. Pass-pass narrowed from broad hamiltonian files with skipped cases to three adjacent pre-existing QuadraticHamiltonian cases (test_init, test_fermionic_op, test_validate) that run and pass on both base and patched. Formal validation: patched fail-pass 3 passed in 9.47s, patched pass-pass 3 passed in 9.26s, base fail-pass 3 failed in 15.72s, base pass-pass 3 passed in 12.24s. Final image sha256:00348b125397d5eec4507b07a197b52bcd264726c6d694a8b00ce165a1bccbba, size 1023625590 bytes. Task fields were re-scoped to the selected fail-pass behavior."
qiskit_nature_866_870,84,qiskit-community/qiskit-nature,https://github.com/qiskit-community/qiskit-nature/issues/866,https://github.com/qiskit-community/qiskit-nature/pull/870,preprocessing/result/qiskit_nature_combined_review_candidates.csv,57,b144452455dfc3bcfe288f6b3e714890b3b7b31d,feature,yes,completed,retained,retained,dataset_index_and_completed_status,,"Converted from file-level to case-level selectors. Fail-pass uses six sparse PolynomialTensor/ElectronicIntegrals/tensor-ordering/FermionicOp cases and excludes the skipped compose_sparse case. Stability passed 3x: patched fail-pass pass, base fail-pass fails by missing HAS_SPARSE optional marker, patched/base pass-pass pass. Pass-pass narrowed to five adjacent SparseLabelOp/VibrationalOp cases with no skipped/xfailed/not-run items. Formal validation: patched fail-pass 6 passed in 14.56s, patched pass-pass 5 passed in 14.12s, base fail-pass target collection failure in 21.86s, base pass-pass 5 passed in 20.46s. Final image sha256:d0a3143d306d0b1885845e54d6bdf533318a6e99de4f3ff1d19851419336f283, size 1217171493 bytes. Pass-pass review update: Expanded pass-pass from 5 to 41 related PolynomialTensor/ElectronicIntegrals/TensorOrdering selectors. Formal pass-pass: patched 41 passed in 3.40s; base 41 passed in 1.10s."
qiskit_nature_864_915,,qiskit-community/qiskit-nature,https://github.com/qiskit-community/qiskit-nature/issues/864,https://github.com/qiskit-community/qiskit-nature/pull/915,preprocessing/result/qiskit_nature_combined_review_candidates.csv,58,b144452455dfc3bcfe288f6b3e714890b3b7b31d,refactor,,,503_to_113,refactor,recorded_issue_label,Recorded issue_label classification.,
qiskit_nature_863_905,,qiskit-community/qiskit-nature,https://github.com/qiskit-community/qiskit-nature/issues/863,https://github.com/qiskit-community/qiskit-nature/pull/905,preprocessing/result/qiskit_nature_combined_review_candidates.csv,59,b144452455dfc3bcfe288f6b3e714890b3b7b31d,refactor,,,503_to_113,refactor,recorded_issue_label,Recorded issue_label classification.,
qiskit_nature_861_904,82,qiskit-community/qiskit-nature,https://github.com/qiskit-community/qiskit-nature/issues/861,https://github.com/qiskit-community/qiskit-nature/pull/904,preprocessing/result/qiskit_nature_combined_review_candidates.csv,60,b144452455dfc3bcfe288f6b3e714890b3b7b31d,feature,yes,completed,retained,retained,dataset_index_and_completed_status,,"Converted from file-level to case-level selectors. Fail-pass is the PR-added SparseLabelOp round case; patched passes 3x and base fails 3x with AttributeError because DummySparseLabelOp has no round method. Pass-pass narrowed to five adjacent SparseLabelOp/VibrationalOp cases with no skipped/xfailed/not-run items and passes 3x on both base and patched. Formal validation: patched fail-pass 1 passed in 10.74s, patched pass-pass 5 passed in 10.03s, base fail-pass target AttributeError in 12.16s, base pass-pass 5 passed in 11.91s. Final image sha256:8a3b8150cce462ba579c41424101f866432b5efb2ea7597c88df74dd3a38a7ae, size 1217191773 bytes. Pass-pass review update: Expanded pass-pass from 5 to 20 related SparseLabelOp and VibrationalOp selectors. Formal pass-pass: patched 20 passed in 1.43s; base 20 passed in 1.32s."
qiskit_nature_855_857,,qiskit-community/qiskit-nature,https://github.com/qiskit-community/qiskit-nature/issues/855,https://github.com/qiskit-community/qiskit-nature/pull/857,preprocessing/result/qiskit_nature_combined_review_candidates.csv,61,b144452455dfc3bcfe288f6b3e714890b3b7b31d,refactor,,,503_to_113,refactor,recorded_issue_label,Recorded issue_label classification.,
qiskit_nature_854_1084,,qiskit-community/qiskit-nature,https://github.com/qiskit-community/qiskit-nature/issues/854,https://github.com/qiskit-community/qiskit-nature/pull/1084,preprocessing/result/qiskit_nature_combined_review_candidates.csv,62,b144452455dfc3bcfe288f6b3e714890b3b7b31d,feature,maybe,,503_to_113,feature_maybe_not_retained_reason_missing,decision_only_reason_missing,"The keep decision was recorded without a specific exclusion reason; missing tests, relationship ambiguity, or insufficient quantum scope must not be inferred.",
qiskit_nature_851_880,,qiskit-community/qiskit-nature,https://github.com/qiskit-community/qiskit-nature/issues/851,https://github.com/qiskit-community/qiskit-nature/pull/880,preprocessing/result/qiskit_nature_combined_review_candidates.csv,63,b144452455dfc3bcfe288f6b3e714890b3b7b31d,refactor,,,503_to_113,refactor,recorded_issue_label,Recorded issue_label classification.,
qiskit_nature_848_858,81,qiskit-community/qiskit-nature,https://github.com/qiskit-community/qiskit-nature/issues/848,https://github.com/qiskit-community/qiskit-nature/pull/858,preprocessing/result/qiskit_nature_combined_review_candidates.csv,64,b144452455dfc3bcfe288f6b3e714890b3b7b31d,feature,yes,completed,retained,retained,dataset_index_and_completed_status,,"Migrated qiskit_nature_848_858 from file-level selectors to case-level nodeids. Fail-pass uses 7 patched commutator ddt cases plus SparseLabelOp.is_zero; patched passes 3/3 and base fails 3/3 because the base commit lacks qiskit_nature.second_q.operators.commutators. Pass-pass narrowed to 6 adjacent native SparseLabelOp behavior cases; patched/base both pass 3/3 with no skipped/xfailed/not-run cases. Formal validation: patched fail-pass 8 passed in 10.90s, patched pass-pass 6 passed in 21.03s, base fail-pass target collection errors in 14.74s, base pass-pass 6 passed in 15.49s. Final image sha256:eb739b2c8568937d968ebc932f1d9a29ad14b77d71bcee57803cd3f34b49aad4, size 1217194550 bytes. Pass-pass review update: Expanded pass-pass from 6 to 12 related SparseLabelOp selectors. Formal pass-pass: patched 12 passed in 1.48s; base 12 passed in 1.28s."
qiskit_nature_849_856,,qiskit-community/qiskit-nature,https://github.com/qiskit-community/qiskit-nature/issues/849,https://github.com/qiskit-community/qiskit-nature/pull/856,preprocessing/result/qiskit_nature_combined_review_candidates.csv,65,b144452455dfc3bcfe288f6b3e714890b3b7b31d,refactor,,,503_to_113,refactor,recorded_issue_label,Recorded issue_label classification.,
qiskit_nature_847_1043,80,qiskit-community/qiskit-nature,https://github.com/qiskit-community/qiskit-nature/issues/847,https://github.com/qiskit-community/qiskit-nature/pull/1043,preprocessing/result/qiskit_nature_combined_review_candidates.csv,66,b144452455dfc3bcfe288f6b3e714890b3b7b31d,feature,yes,completed,retained,retained,dataset_index_and_completed_status,,"Built as benchmark sample with case-level primary selectors for standalone ActiveSpaceTransformer and FreezeCoreTransformer usage. Validation: patched fail-pass 2 passed, patched pass-pass 10 passed, base fail-pass 2 failed with pre-PR NotImplementedError, base pass-pass 10 passed. PySCF included and scipy pinned to 1.10.1 so primary selectors execute instead of skip; no selected validation exceeded 120s."
qiskit_nature_831_1044,,qiskit-community/qiskit-nature,https://github.com/qiskit-community/qiskit-nature/issues/831,https://github.com/qiskit-community/qiskit-nature/pull/1044,preprocessing/result/qiskit_nature_combined_review_candidates.csv,67,b144452455dfc3bcfe288f6b3e714890b3b7b31d,feature,maybe,,503_to_113,feature_maybe_not_retained_reason_missing,decision_only_reason_missing,"The keep decision was recorded without a specific exclusion reason; missing tests, relationship ambiguity, or insufficient quantum scope must not be inferred.",
qiskit_nature_828_891,78,qiskit-community/qiskit-nature,https://github.com/qiskit-community/qiskit-nature/issues/828,https://github.com/qiskit-community/qiskit-nature/pull/891,preprocessing/result/qiskit_nature_combined_review_candidates.csv,68,b144452455dfc3bcfe288f6b3e714890b3b7b31d,feature,yes,completed,retained,retained,dataset_index_and_completed_status,,"Migrated qiskit_nature_828_891 from file-level to case-level selectors. Fail-pass uses 16 PR-modified fail-to-pass nodeids covering SparseLabelOp parameter APIs/chop/equiv/norm, parameterized FermionicOp scalar/compose/pow/simplify/normal_order/to_matrix/hermiticity behavior, and JordanWignerMapper preservation of symbolic coefficients; patched passed 3/3 and base failed 3/3 for the expected missing parameter support. Pass-pass uses 8 adjacent operator old-behavior nodeids that passed 3/3 on both base and patched with no skipped/xfailed/not-run cases. Mapper pass-pass candidates in test_jordan_wigner_mapper.py were excluded because non-target cases skip without pyscf. Formal validation: patched fail-pass 16 passed in 21.79s, patched pass-pass 8 passed in 21.25s, base fail-pass 16 failed in 26.78s, base pass-pass 8 passed in 17.91s. Final image sha256:0165efa4829583b5b29cb6b44ebb711422722af763f4b7e3339868b2d22693f3, size 1217307496 bytes."
qiskit_nature_822_832,,qiskit-community/qiskit-nature,https://github.com/qiskit-community/qiskit-nature/issues/822,https://github.com/qiskit-community/qiskit-nature/pull/832,preprocessing/result/qiskit_nature_combined_review_candidates.csv,69,b144452455dfc3bcfe288f6b3e714890b3b7b31d,bugfix,,,503_to_113,bugfix,recorded_issue_label,Recorded issue_label classification.,
qiskit_nature_820_880,,qiskit-community/qiskit-nature,https://github.com/qiskit-community/qiskit-nature/issues/820,https://github.com/qiskit-community/qiskit-nature/pull/880,preprocessing/result/qiskit_nature_combined_review_candidates.csv,70,b144452455dfc3bcfe288f6b3e714890b3b7b31d,refactor,,,503_to_113,refactor,recorded_issue_label,Recorded issue_label classification.,
qiskit_nature_804_921,,qiskit-community/qiskit-nature,https://github.com/qiskit-community/qiskit-nature/issues/804,https://github.com/qiskit-community/qiskit-nature/pull/921,preprocessing/result/qiskit_nature_combined_review_candidates.csv,71,b144452455dfc3bcfe288f6b3e714890b3b7b31d,feature,maybe,,503_to_113,feature_maybe_not_retained_reason_missing,decision_only_reason_missing,"The keep decision was recorded without a specific exclusion reason; missing tests, relationship ambiguity, or insufficient quantum scope must not be inferred.",
qiskit_nature_803_873,,qiskit-community/qiskit-nature,https://github.com/qiskit-community/qiskit-nature/issues/803,https://github.com/qiskit-community/qiskit-nature/pull/873,preprocessing/result/qiskit_nature_combined_review_candidates.csv,72,b144452455dfc3bcfe288f6b3e714890b3b7b31d,feature,yes,rejected_metadata_mismatch,113_to_106,issue_pr_metadata_mismatch,recorded_benchmark_notes,"The PR changes include_dipole in Gaussian/PySCF, which does not match the candidate Psi4Driver request and tests.","Attempted review for benchmark construction. Fetched PR #873 locally and found head commit 7eb074e2 only changes gaussiandriver.py and pyscfdriver.py for an include_dipole argument, which does not match the candidate's Psi4Driver requirement/tests. Skipped before Docker construction."
qiskit_nature_795_1188,77,qiskit-community/qiskit-nature,https://github.com/qiskit-community/qiskit-nature/issues/795,https://github.com/qiskit-community/qiskit-nature/pull/1188,preprocessing/result/qiskit_nature_combined_review_candidates.csv,73,b144452455dfc3bcfe288f6b3e714890b3b7b31d,feature,yes,completed,retained,retained,dataset_index_and_completed_status,,"Built as benchmark sample with 15 case-level primary selectors covering MixedOp arithmetic/composition and MixedMapper mapping/container behavior. Validation: patched fail-pass 15 passed, patched pass-pass 8 passed, base fail-pass 2 collection import errors for missing MixedOp, base pass-pass 8 passed. Excluded JordanWignerMapper::test_mapping from pass-pass because it skipped without PySCF in this environment; all retained selectors were stable across 3 runs and no validation exceeded 120s."
qiskit_nature_788_789,,qiskit-community/qiskit-nature,https://github.com/qiskit-community/qiskit-nature/issues/788,https://github.com/qiskit-community/qiskit-nature/pull/789,preprocessing/result/qiskit_nature_combined_review_candidates.csv,74,b144452455dfc3bcfe288f6b3e714890b3b7b31d,bugfix,,,503_to_113,bugfix,recorded_issue_label,Recorded issue_label classification.,
qiskit_nature_802_805,,qiskit-community/qiskit-nature,https://github.com/qiskit-community/qiskit-nature/issues/802,https://github.com/qiskit-community/qiskit-nature/pull/805,preprocessing/result/qiskit_nature_combined_review_candidates.csv,75,b144452455dfc3bcfe288f6b3e714890b3b7b31d,bugfix,,,503_to_113,bugfix,recorded_issue_label,Recorded issue_label classification.,
qiskit_nature_802_808,,qiskit-community/qiskit-nature,https://github.com/qiskit-community/qiskit-nature/issues/802,https://github.com/qiskit-community/qiskit-nature/pull/808,preprocessing/result/qiskit_nature_combined_review_candidates.csv,76,b144452455dfc3bcfe288f6b3e714890b3b7b31d,bugfix,,,503_to_113,bugfix,recorded_issue_label,Recorded issue_label classification.,
qiskit_nature_781_782,,qiskit-community/qiskit-nature,https://github.com/qiskit-community/qiskit-nature/issues/781,https://github.com/qiskit-community/qiskit-nature/pull/782,preprocessing/result/qiskit_nature_combined_review_candidates.csv,77,b144452455dfc3bcfe288f6b3e714890b3b7b31d,bugfix,,,503_to_113,bugfix,recorded_issue_label,Recorded issue_label classification.,
qiskit_nature_751_762,,qiskit-community/qiskit-nature,https://github.com/qiskit-community/qiskit-nature/issues/751,https://github.com/qiskit-community/qiskit-nature/pull/762,preprocessing/result/qiskit_nature_combined_review_candidates.csv,78,b144452455dfc3bcfe288f6b3e714890b3b7b31d,refactor,,,503_to_113,refactor,recorded_issue_label,Recorded issue_label classification.,
qiskit_nature_769_971,,qiskit-community/qiskit-nature,https://github.com/qiskit-community/qiskit-nature/issues/769,https://github.com/qiskit-community/qiskit-nature/pull/971,preprocessing/result/qiskit_nature_combined_review_candidates.csv,79,b144452455dfc3bcfe288f6b3e714890b3b7b31d,refactor,,,503_to_113,refactor,recorded_issue_label,Recorded issue_label classification.,
qiskit_nature_752_796,,qiskit-community/qiskit-nature,https://github.com/qiskit-community/qiskit-nature/issues/752,https://github.com/qiskit-community/qiskit-nature/pull/796,preprocessing/result/qiskit_nature_combined_review_candidates.csv,80,b144452455dfc3bcfe288f6b3e714890b3b7b31d,refactor,,,503_to_113,refactor,recorded_issue_label,Recorded issue_label classification.,
qiskit_nature_748_763,,qiskit-community/qiskit-nature,https://github.com/qiskit-community/qiskit-nature/issues/748,https://github.com/qiskit-community/qiskit-nature/pull/763,preprocessing/result/qiskit_nature_combined_review_candidates.csv,81,b144452455dfc3bcfe288f6b3e714890b3b7b31d,refactor,,,503_to_113,refactor,recorded_issue_label,Recorded issue_label classification.,
qiskit_nature_739_754,,qiskit-community/qiskit-nature,https://github.com/qiskit-community/qiskit-nature/issues/739,https://github.com/qiskit-community/qiskit-nature/pull/754,preprocessing/result/qiskit_nature_combined_review_candidates.csv,82,b144452455dfc3bcfe288f6b3e714890b3b7b31d,bugfix,,,503_to_113,bugfix,recorded_issue_label,Recorded issue_label classification.,
qiskit_nature_738_921,,qiskit-community/qiskit-nature,https://github.com/qiskit-community/qiskit-nature/issues/738,https://github.com/qiskit-community/qiskit-nature/pull/921,preprocessing/result/qiskit_nature_combined_review_candidates.csv,83,b144452455dfc3bcfe288f6b3e714890b3b7b31d,refactor,,,503_to_113,refactor,recorded_issue_label,Recorded issue_label classification.,
qiskit_nature_737_753,,qiskit-community/qiskit-nature,https://github.com/qiskit-community/qiskit-nature/issues/737,https://github.com/qiskit-community/qiskit-nature/pull/753,preprocessing/result/qiskit_nature_combined_review_candidates.csv,84,b144452455dfc3bcfe288f6b3e714890b3b7b31d,bugfix,,,503_to_113,bugfix,recorded_issue_label,Recorded issue_label classification.,
qiskit_nature_715_716,75,qiskit-community/qiskit-nature,https://github.com/qiskit-community/qiskit-nature/issues/715,https://github.com/qiskit-community/qiskit-nature/pull/716,preprocessing/result/qiskit_nature_combined_review_candidates.csv,85,b144452455dfc3bcfe288f6b3e714890b3b7b31d,feature,yes,completed,retained,retained,dataset_index_and_completed_status,,"Built as benchmark sample with 3 case-level primary selectors covering equiv behavior on FermionicOp, SpinOp, and VibrationalOp. Validation: patched fail-pass 3 passed, patched pass-pass 3 passed, base fail-pass 3 failed with missing equiv AttributeError, base pass-pass 3 passed. Pass-pass keeps adjacent hermiticity/simplify behavior; no validation exceeded 120s."
qiskit_nature_711_746,,qiskit-community/qiskit-nature,https://github.com/qiskit-community/qiskit-nature/issues/711,https://github.com/qiskit-community/qiskit-nature/pull/746,preprocessing/result/qiskit_nature_combined_review_candidates.csv,86,b144452455dfc3bcfe288f6b3e714890b3b7b31d,refactor,,,503_to_113,refactor,recorded_issue_label,Recorded issue_label classification.,
qiskit_nature_710_746,,qiskit-community/qiskit-nature,https://github.com/qiskit-community/qiskit-nature/issues/710,https://github.com/qiskit-community/qiskit-nature/pull/746,preprocessing/result/qiskit_nature_combined_review_candidates.csv,87,b144452455dfc3bcfe288f6b3e714890b3b7b31d,refactor,,,503_to_113,refactor,recorded_issue_label,Recorded issue_label classification.,
qiskit_nature_709_746,,qiskit-community/qiskit-nature,https://github.com/qiskit-community/qiskit-nature/issues/709,https://github.com/qiskit-community/qiskit-nature/pull/746,preprocessing/result/qiskit_nature_combined_review_candidates.csv,88,b144452455dfc3bcfe288f6b3e714890b3b7b31d,refactor,,,503_to_113,refactor,recorded_issue_label,Recorded issue_label classification.,
qiskit_nature_707_746,,qiskit-community/qiskit-nature,https://github.com/qiskit-community/qiskit-nature/issues/707,https://github.com/qiskit-community/qiskit-nature/pull/746,preprocessing/result/qiskit_nature_combined_review_candidates.csv,89,b144452455dfc3bcfe288f6b3e714890b3b7b31d,refactor,,,503_to_113,refactor,recorded_issue_label,Recorded issue_label classification.,
qiskit_nature_706_746,,qiskit-community/qiskit-nature,https://github.com/qiskit-community/qiskit-nature/issues/706,https://github.com/qiskit-community/qiskit-nature/pull/746,preprocessing/result/qiskit_nature_combined_review_candidates.csv,90,b144452455dfc3bcfe288f6b3e714890b3b7b31d,refactor,,,503_to_113,refactor,recorded_issue_label,Recorded issue_label classification.,
qiskit_nature_705_746,,qiskit-community/qiskit-nature,https://github.com/qiskit-community/qiskit-nature/issues/705,https://github.com/qiskit-community/qiskit-nature/pull/746,preprocessing/result/qiskit_nature_combined_review_candidates.csv,91,b144452455dfc3bcfe288f6b3e714890b3b7b31d,refactor,,,503_to_113,refactor,recorded_issue_label,Recorded issue_label classification.,
qiskit_nature_708_746,,qiskit-community/qiskit-nature,https://github.com/qiskit-community/qiskit-nature/issues/708,https://github.com/qiskit-community/qiskit-nature/pull/746,preprocessing/result/qiskit_nature_combined_review_candidates.csv,92,b144452455dfc3bcfe288f6b3e714890b3b7b31d,refactor,,,503_to_113,refactor,recorded_issue_label,Recorded issue_label classification.,
qiskit_nature_704_746,,qiskit-community/qiskit-nature,https://github.com/qiskit-community/qiskit-nature/issues/704,https://github.com/qiskit-community/qiskit-nature/pull/746,preprocessing/result/qiskit_nature_combined_review_candidates.csv,93,b144452455dfc3bcfe288f6b3e714890b3b7b31d,refactor,,,503_to_113,refactor,recorded_issue_label,Recorded issue_label classification.,
qiskit_nature_683_684,73,qiskit-community/qiskit-nature,https://github.com/qiskit-community/qiskit-nature/issues/683,https://github.com/qiskit-community/qiskit-nature/pull/684,preprocessing/result/qiskit_nature_combined_review_candidates.csv,94,b144452455dfc3bcfe288f6b3e714890b3b7b31d,feature,yes,completed,retained,retained,dataset_index_and_completed_status,,"Built as benchmark sample with 1 case-level primary selector for BOPESSampler with ExcitedStatesEigensolver and 2 adjacent ground-state pass-pass selectors. Validation: patched fail-pass 1 passed, patched pass-pass 2 passed, base fail-pass 1 failed due to missing ExcitedStatesEigensolver.get_qubit_operators support, base pass-pass 2 passed. Excluded Aer/QEOM and auxiliary-operator PR-added cases from primary because they add optional Aer/callable-auxiliary coverage beyond the core issue #683 excited-state BOPES behavior. PySCF pinned to 2.2.1 and scipy to 1.10.1; no validation exceeded 120s."
qiskit_nature_679_841,,qiskit-community/qiskit-nature,https://github.com/qiskit-community/qiskit-nature/issues/679,https://github.com/qiskit-community/qiskit-nature/pull/841,preprocessing/result/qiskit_nature_combined_review_candidates.csv,95,b144452455dfc3bcfe288f6b3e714890b3b7b31d,refactor,,,503_to_113,refactor,recorded_issue_label,Recorded issue_label classification.,
qiskit_nature_671_673,,qiskit-community/qiskit-nature,https://github.com/qiskit-community/qiskit-nature/issues/671,https://github.com/qiskit-community/qiskit-nature/pull/673,preprocessing/result/qiskit_nature_combined_review_candidates.csv,96,b144452455dfc3bcfe288f6b3e714890b3b7b31d,bugfix,,,503_to_113,bugfix,recorded_issue_label,Recorded issue_label classification.,
qiskit_nature_669_731,72,qiskit-community/qiskit-nature,https://github.com/qiskit-community/qiskit-nature/issues/669,https://github.com/qiskit-community/qiskit-nature/pull/731,preprocessing/result/qiskit_nature_combined_review_candidates.csv,97,b144452455dfc3bcfe288f6b3e714890b3b7b31d,feature,yes,completed,retained,retained,dataset_index_and_completed_status,,"Completed with 11 case-level fail-pass selectors from the added SparseLabelOp tests and 12 adjacent case-level pass-pass selectors from existing FermionicOp, SpinOp, and VibrationalOp behavior. Base fail-pass fails consistently because SparseLabelOp is missing; all formal validation commands are under 120s."
qiskit_nature_668_921,,qiskit-community/qiskit-nature,https://github.com/qiskit-community/qiskit-nature/issues/668,https://github.com/qiskit-community/qiskit-nature/pull/921,preprocessing/result/qiskit_nature_combined_review_candidates.csv,98,b144452455dfc3bcfe288f6b3e714890b3b7b31d,feature,maybe,,503_to_113,feature_maybe_not_retained_reason_missing,decision_only_reason_missing,"The keep decision was recorded without a specific exclusion reason; missing tests, relationship ambiguity, or insufficient quantum scope must not be inferred.",
qiskit_nature_703_746,,qiskit-community/qiskit-nature,https://github.com/qiskit-community/qiskit-nature/issues/703,https://github.com/qiskit-community/qiskit-nature/pull/746,preprocessing/result/qiskit_nature_combined_review_candidates.csv,99,b144452455dfc3bcfe288f6b3e714890b3b7b31d,refactor,,,503_to_113,refactor,recorded_issue_label,Recorded issue_label classification.,
qiskit_nature_702_746,,qiskit-community/qiskit-nature,https://github.com/qiskit-community/qiskit-nature/issues/702,https://github.com/qiskit-community/qiskit-nature/pull/746,preprocessing/result/qiskit_nature_combined_review_candidates.csv,100,b144452455dfc3bcfe288f6b3e714890b3b7b31d,refactor,,,503_to_113,refactor,recorded_issue_label,Recorded issue_label classification.,
qiskit_nature_667_905,,qiskit-community/qiskit-nature,https://github.com/qiskit-community/qiskit-nature/issues/667,https://github.com/qiskit-community/qiskit-nature/pull/905,preprocessing/result/qiskit_nature_combined_review_candidates.csv,101,b144452455dfc3bcfe288f6b3e714890b3b7b31d,feature,no,,503_to_113,feature_not_retained_reason_missing,decision_only_reason_missing,"The keep decision was recorded without a specific exclusion reason; missing tests, relationship ambiguity, or insufficient quantum scope must not be inferred.",
qiskit_nature_666_841,,qiskit-community/qiskit-nature,https://github.com/qiskit-community/qiskit-nature/issues/666,https://github.com/qiskit-community/qiskit-nature/pull/841,preprocessing/result/qiskit_nature_combined_review_candidates.csv,102,b144452455dfc3bcfe288f6b3e714890b3b7b31d,feature,maybe,,503_to_113,feature_maybe_not_retained_reason_missing,decision_only_reason_missing,"The keep decision was recorded without a specific exclusion reason; missing tests, relationship ambiguity, or insufficient quantum scope must not be inferred.",
qiskit_nature_701_746,,qiskit-community/qiskit-nature,https://github.com/qiskit-community/qiskit-nature/issues/701,https://github.com/qiskit-community/qiskit-nature/pull/746,preprocessing/result/qiskit_nature_combined_review_candidates.csv,103,b144452455dfc3bcfe288f6b3e714890b3b7b31d,refactor,,,503_to_113,refactor,recorded_issue_label,Recorded issue_label classification.,
qiskit_nature_665_756,71,qiskit-community/qiskit-nature,https://github.com/qiskit-community/qiskit-nature/issues/665,https://github.com/qiskit-community/qiskit-nature/pull/756,preprocessing/result/qiskit_nature_combined_review_candidates.csv,104,b144452455dfc3bcfe288f6b3e714890b3b7b31d,feature,yes,completed,retained,retained,dataset_index_and_completed_status,,Completed with 12 case-level fail-pass selectors from PR-added PolynomialTensor tests and 9 adjacent case-level pass-pass selectors from existing second-quantized operator arithmetic/adjoint behavior. Initial hint paths test_electronic_integrals.py and test_integral_property.py were excluded because they were not PR #756 added/modified tests. Base fail-pass fails consistently on missing PolynomialTensor import; all formal validation commands are under 120s.
qiskit_nature_652_653,,qiskit-community/qiskit-nature,https://github.com/qiskit-community/qiskit-nature/issues/652,https://github.com/qiskit-community/qiskit-nature/pull/653,preprocessing/result/qiskit_nature_combined_review_candidates.csv,105,b144452455dfc3bcfe288f6b3e714890b3b7b31d,bugfix,,,503_to_113,bugfix,recorded_issue_label,Recorded issue_label classification.,
qiskit_nature_643_726,,qiskit-community/qiskit-nature,https://github.com/qiskit-community/qiskit-nature/issues/643,https://github.com/qiskit-community/qiskit-nature/pull/726,preprocessing/result/qiskit_nature_combined_review_candidates.csv,106,b144452455dfc3bcfe288f6b3e714890b3b7b31d,other,,,503_to_113,other,recorded_issue_label,Recorded issue_label classification; no finer reason was saved for other.,
qiskit_nature_634_635,,qiskit-community/qiskit-nature,https://github.com/qiskit-community/qiskit-nature/issues/634,https://github.com/qiskit-community/qiskit-nature/pull/635,preprocessing/result/qiskit_nature_combined_review_candidates.csv,107,b144452455dfc3bcfe288f6b3e714890b3b7b31d,bugfix,,,503_to_113,bugfix,recorded_issue_label,Recorded issue_label classification.,
qiskit_nature_631_660,,qiskit-community/qiskit-nature,https://github.com/qiskit-community/qiskit-nature/issues/631,https://github.com/qiskit-community/qiskit-nature/pull/660,preprocessing/result/qiskit_nature_combined_review_candidates.csv,108,b144452455dfc3bcfe288f6b3e714890b3b7b31d,bugfix,,,503_to_113,bugfix,recorded_issue_label,Recorded issue_label classification.,
qiskit_nature_610_823,,qiskit-community/qiskit-nature,https://github.com/qiskit-community/qiskit-nature/issues/610,https://github.com/qiskit-community/qiskit-nature/pull/823,preprocessing/result/qiskit_nature_combined_review_candidates.csv,109,b144452455dfc3bcfe288f6b3e714890b3b7b31d,refactor,,,503_to_113,refactor,recorded_issue_label,Recorded issue_label classification.,
qiskit_nature_582_1313,70,qiskit-community/qiskit-nature,https://github.com/qiskit-community/qiskit-nature/issues/582,https://github.com/qiskit-community/qiskit-nature/pull/1313,preprocessing/result/qiskit_nature_combined_review_candidates.csv,110,b144452455dfc3bcfe288f6b3e714890b3b7b31d,feature,yes,completed,retained,retained,dataset_index_and_completed_status,,Completed with 7 case-level fail-pass selectors from the added TernaryTreeMapper tests and 5 adjacent case-level JordanWignerMapper pass-pass selectors. Installed pyscf==2.8.0 so optional spectrum-mapping cases execute instead of skipping. Base fail-pass fails consistently on missing TernaryTreeMapper import; all formal validation commands are under 120s.
qiskit_nature_585_677,,qiskit-community/qiskit-nature,https://github.com/qiskit-community/qiskit-nature/issues/585,https://github.com/qiskit-community/qiskit-nature/pull/677,preprocessing/result/qiskit_nature_combined_review_candidates.csv,111,b144452455dfc3bcfe288f6b3e714890b3b7b31d,bugfix,,,503_to_113,bugfix,recorded_issue_label,Recorded issue_label classification.,
qiskit_nature_577_591,69,qiskit-community/qiskit-nature,https://github.com/qiskit-community/qiskit-nature/issues/577,https://github.com/qiskit-community/qiskit-nature/pull/591,preprocessing/result/qiskit_nature_combined_review_candidates.csv,112,b144452455dfc3bcfe288f6b3e714890b3b7b31d,feature,yes,completed,retained,retained,dataset_index_and_completed_status,,Completed with 5 case-level fail-pass selectors from PR-added HeisenbergModel tests and 3 adjacent case-level pass-pass selectors from existing IsingModel lattice behavior. Environment pins qiskit-terra==0.21.2 and runs tests from repo source to avoid modern PEP 517 incompatibility with the historical qiskit-terra>=0.21.* requirement. Base fail-pass fails consistently on missing HeisenbergModel import; all formal validation commands are under 120s.
qiskit_nature_574_796,,qiskit-community/qiskit-nature,https://github.com/qiskit-community/qiskit-nature/issues/574,https://github.com/qiskit-community/qiskit-nature/pull/796,preprocessing/result/qiskit_nature_combined_review_candidates.csv,113,b144452455dfc3bcfe288f6b3e714890b3b7b31d,refactor,,,503_to_113,refactor,recorded_issue_label,Recorded issue_label classification.,
qiskit_nature_563_620,67,qiskit-community/qiskit-nature,https://github.com/qiskit-community/qiskit-nature/issues/563,https://github.com/qiskit-community/qiskit-nature/pull/620,preprocessing/result/qiskit_nature_combined_review_candidates.csv,114,b144452455dfc3bcfe288f6b3e714890b3b7b31d,feature,yes,completed,retained,retained,dataset_index_and_completed_status,,Completed with 2 case-level fail-pass selectors from PR-added LatticeModelProblem tests and 3 adjacent case-level pass-pass selectors from existing FermiHubbardModel lattice behavior. Base fail-pass fails consistently because LatticeModelProblem is missing; all formal validation commands are under 120s.
qiskit_nature_562_823,,qiskit-community/qiskit-nature,https://github.com/qiskit-community/qiskit-nature/issues/562,https://github.com/qiskit-community/qiskit-nature/pull/823,preprocessing/result/qiskit_nature_combined_review_candidates.csv,115,b144452455dfc3bcfe288f6b3e714890b3b7b31d,refactor,,,503_to_113,refactor,recorded_issue_label,Recorded issue_label classification.,
qiskit_nature_561_578,,qiskit-community/qiskit-nature,https://github.com/qiskit-community/qiskit-nature/issues/561,https://github.com/qiskit-community/qiskit-nature/pull/578,preprocessing/result/qiskit_nature_combined_review_candidates.csv,116,b144452455dfc3bcfe288f6b3e714890b3b7b31d,refactor,,,503_to_113,refactor,recorded_issue_label,Recorded issue_label classification.,
qiskit_nature_551_607,,qiskit-community/qiskit-nature,https://github.com/qiskit-community/qiskit-nature/issues/551,https://github.com/qiskit-community/qiskit-nature/pull/607,preprocessing/result/qiskit_nature_combined_review_candidates.csv,117,b144452455dfc3bcfe288f6b3e714890b3b7b31d,refactor,,,503_to_113,refactor,recorded_issue_label,Recorded issue_label classification.,
qiskit_nature_542_1158,,qiskit-community/qiskit-nature,https://github.com/qiskit-community/qiskit-nature/issues/542,https://github.com/qiskit-community/qiskit-nature/pull/1158,preprocessing/result/qiskit_nature_combined_review_candidates.csv,118,b144452455dfc3bcfe288f6b3e714890b3b7b31d,feature,maybe,,503_to_113,feature_maybe_not_retained_reason_missing,decision_only_reason_missing,"The keep decision was recorded without a specific exclusion reason; missing tests, relationship ambiguity, or insufficient quantum scope must not be inferred.",
qiskit_nature_541_544,66,qiskit-community/qiskit-nature,https://github.com/qiskit-community/qiskit-nature/issues/541,https://github.com/qiskit-community/qiskit-nature/pull/544,preprocessing/result/qiskit_nature_combined_review_candidates.csv,119,b144452455dfc3bcfe288f6b3e714890b3b7b31d,feature,yes,completed,retained,retained,dataset_index_and_completed_status,,"Completed with 1 case-level fail-pass selector for the PR-added FermionicOp.terms behavior and 5 adjacent case-level pass-pass selectors from existing FermionicOp initialization/register-length/arithmetic behavior. Scope intentionally follows issue/PR, which target FermionicOp.terms specifically rather than all second_q operators. Base fail-pass fails consistently with missing terms attribute; all formal validation commands are under 120s."
qiskit_nature_514_646,,qiskit-community/qiskit-nature,https://github.com/qiskit-community/qiskit-nature/issues/514,https://github.com/qiskit-community/qiskit-nature/pull/646,preprocessing/result/qiskit_nature_combined_review_candidates.csv,120,b144452455dfc3bcfe288f6b3e714890b3b7b31d,feature,yes,rejected_metadata_mismatch,113_to_106,issue_pr_metadata_mismatch,recorded_benchmark_notes,"The issue requests GroundStateSolver.is_variational(), but the PR replaces a VQE factory for other issues and its test paths do not match.","Rejected during benchmark construction: issue #514 requests GroundStateSolver.is_variational(), while PR #646 is a broad VQE factory replacement tied to #570/#384 and its modified files do not include the listed VibrationalIntegrals test path. Candidate requirement/test hint appears mismatched to the PR."
qiskit_nature_493_506,65,qiskit-community/qiskit-nature,https://github.com/qiskit-community/qiskit-nature/issues/493,https://github.com/qiskit-community/qiskit-nature/pull/506,preprocessing/result/qiskit_nature_combined_review_candidates.csv,121,b144452455dfc3bcfe288f6b3e714890b3b7b31d,feature,yes,completed,retained,retained,dataset_index_and_completed_status,,"Benchmark sample completed with case-level selectors. Fail-pass is test_init_from_tuple_label, which patched passed 3x and base failed 3x with AttributeError for tuple labels lacking is_creation handling. Pass-pass uses four adjacent FermionicOp cases: test_init_multiterm, test_init_multiple_digits, test_register_length, and test_add; all passed 3x on base and patched. Formal validation: patched fail-pass 1 passed in 1.30s / 4.75s wall; patched pass-pass 4 passed in 1.46s / 4.86s wall; base fail-pass 1 failed in 1.28s / 6.46s wall; base pass-pass 4 passed in 1.19s / 6.27s wall. Final image sha256:ac79cbbb2787df2ac090bae3d08d5cd6b52f383a3632071a11964a6fc56d9501, size 1081810142 bytes."
qiskit_nature_477_481,63,qiskit-community/qiskit-nature,https://github.com/qiskit-community/qiskit-nature/issues/477,https://github.com/qiskit-community/qiskit-nature/pull/481,preprocessing/result/qiskit_nature_combined_review_candidates.csv,122,b144452455dfc3bcfe288f6b3e714890b3b7b31d,feature,yes,completed,retained,retained,dataset_index_and_completed_status,,"Benchmark sample completed as qiskit_nature_477_481. Fail-pass uses patched test_driver_molecule.py::TestMolecule::test_construct, which patched passed 3x and base failed 3x with TypeError for unexpected keyword argument 'units'. Pass-pass uses five adjacent Molecule behavior selectors (charge, multiplicity, stretch, bend, perturbations), all passed 3x on base and patched. Formal validation: patched fail-pass 1 passed in 1.21s / 4.16s wall; patched pass-pass 5 passed in 1.32s / 4.74s wall; base fail-pass 1 failed in 1.36s / 6.31s wall; base pass-pass 5 passed in 1.56s / 6.85s wall. Final image sha256:b825ccfae690f852206c87617a22d7dcddff931688137b79beddb84d98bd09e0, size 1081793592 bytes."
qiskit_nature_473_507,,qiskit-community/qiskit-nature,https://github.com/qiskit-community/qiskit-nature/issues/473,https://github.com/qiskit-community/qiskit-nature/pull/507,preprocessing/result/qiskit_nature_combined_review_candidates.csv,123,b144452455dfc3bcfe288f6b3e714890b3b7b31d,bugfix,,,503_to_113,bugfix,recorded_issue_label,Recorded issue_label classification.,
qiskit_nature_465_472,62,qiskit-community/qiskit-nature,https://github.com/qiskit-community/qiskit-nature/issues/465,https://github.com/qiskit-community/qiskit-nature/pull/472,preprocessing/result/qiskit_nature_combined_review_candidates.csv,124,b144452455dfc3bcfe288f6b3e714890b3b7b31d,feature,yes,completed,retained,retained,dataset_index_and_completed_status,,"Benchmark sample completed with case-level selectors. Fail-pass: test_lattice.py::TestLattice::test_from_networkx, patched passed 3x and base failed 3x with AttributeError for missing networkx Graph.multigraph support. Pass-pass was corrected from initially invalid selector names to six real adjacent TestLattice cases: test_init, test_from_nodes_and_edges, test_to_adjacency_matrix, test_nonnumeric_weight_raises, test_copy, test_edges_removed; all passed 3x on base and patched. Formal validation: patched fail-pass 1 passed in 1.48s / 4.66s wall; patched pass-pass 6 passed in 1.57s / 4.77s wall; base fail-pass 1 failed in 1.58s / 6.46s wall; base pass-pass 6 passed in 1.37s / 6.40s wall. Final image sha256:dbf64119ab47519cd102f20faece2208a5c720f51e4439b7e7c637d5d52f7e29, size 1082116523 bytes."
qiskit_nature_459_483,,qiskit-community/qiskit-nature,https://github.com/qiskit-community/qiskit-nature/issues/459,https://github.com/qiskit-community/qiskit-nature/pull/483,preprocessing/result/qiskit_nature_combined_review_candidates.csv,125,b144452455dfc3bcfe288f6b3e714890b3b7b31d,feature,maybe,,503_to_113,feature_maybe_not_retained_reason_missing,decision_only_reason_missing,"The keep decision was recorded without a specific exclusion reason; missing tests, relationship ambiguity, or insufficient quantum scope must not be inferred.",
qiskit_nature_434_435,,qiskit-community/qiskit-nature,https://github.com/qiskit-community/qiskit-nature/issues/434,https://github.com/qiskit-community/qiskit-nature/pull/435,preprocessing/result/qiskit_nature_combined_review_candidates.csv,126,b144452455dfc3bcfe288f6b3e714890b3b7b31d,bugfix,,,503_to_113,bugfix,recorded_issue_label,Recorded issue_label classification.,
qiskit_nature_436_451,,qiskit-community/qiskit-nature,https://github.com/qiskit-community/qiskit-nature/issues/436,https://github.com/qiskit-community/qiskit-nature/pull/451,preprocessing/result/qiskit_nature_combined_review_candidates.csv,127,b144452455dfc3bcfe288f6b3e714890b3b7b31d,bugfix,,,503_to_113,bugfix,recorded_issue_label,Recorded issue_label classification.,
qiskit_nature_419_565,,qiskit-community/qiskit-nature,https://github.com/qiskit-community/qiskit-nature/issues/419,https://github.com/qiskit-community/qiskit-nature/pull/565,preprocessing/result/qiskit_nature_combined_review_candidates.csv,128,b144452455dfc3bcfe288f6b3e714890b3b7b31d,feature,no,,503_to_113,feature_not_retained_reason_missing,decision_only_reason_missing,"The keep decision was recorded without a specific exclusion reason; missing tests, relationship ambiguity, or insufficient quantum scope must not be inferred.",
qiskit_nature_415_971,,qiskit-community/qiskit-nature,https://github.com/qiskit-community/qiskit-nature/issues/415,https://github.com/qiskit-community/qiskit-nature/pull/971,preprocessing/result/qiskit_nature_combined_review_candidates.csv,129,b144452455dfc3bcfe288f6b3e714890b3b7b31d,refactor,,,503_to_113,refactor,recorded_issue_label,Recorded issue_label classification.,
qiskit_nature_404_422,,qiskit-community/qiskit-nature,https://github.com/qiskit-community/qiskit-nature/issues/404,https://github.com/qiskit-community/qiskit-nature/pull/422,preprocessing/result/qiskit_nature_combined_review_candidates.csv,130,b144452455dfc3bcfe288f6b3e714890b3b7b31d,bugfix,,,503_to_113,bugfix,recorded_issue_label,Recorded issue_label classification.,
qiskit_nature_403_971,,qiskit-community/qiskit-nature,https://github.com/qiskit-community/qiskit-nature/issues/403,https://github.com/qiskit-community/qiskit-nature/pull/971,preprocessing/result/qiskit_nature_combined_review_candidates.csv,131,b144452455dfc3bcfe288f6b3e714890b3b7b31d,feature,maybe,,503_to_113,feature_maybe_not_retained_reason_missing,decision_only_reason_missing,"The keep decision was recorded without a specific exclusion reason; missing tests, relationship ambiguity, or insufficient quantum scope must not be inferred.",
qiskit_nature_398_510,,qiskit-community/qiskit-nature,https://github.com/qiskit-community/qiskit-nature/issues/398,https://github.com/qiskit-community/qiskit-nature/pull/510,preprocessing/result/qiskit_nature_combined_review_candidates.csv,132,b144452455dfc3bcfe288f6b3e714890b3b7b31d,bugfix,,,503_to_113,bugfix,recorded_issue_label,Recorded issue_label classification.,
qiskit_nature_396_406,,qiskit-community/qiskit-nature,https://github.com/qiskit-community/qiskit-nature/issues/396,https://github.com/qiskit-community/qiskit-nature/pull/406,preprocessing/result/qiskit_nature_combined_review_candidates.csv,133,b144452455dfc3bcfe288f6b3e714890b3b7b31d,feature,no,,503_to_113,feature_not_retained_reason_missing,decision_only_reason_missing,"The keep decision was recorded without a specific exclusion reason; missing tests, relationship ambiguity, or insufficient quantum scope must not be inferred.",
qiskit_nature_385_387,,qiskit-community/qiskit-nature,https://github.com/qiskit-community/qiskit-nature/issues/385,https://github.com/qiskit-community/qiskit-nature/pull/387,preprocessing/result/qiskit_nature_combined_review_candidates.csv,134,b144452455dfc3bcfe288f6b3e714890b3b7b31d,bugfix,,,503_to_113,bugfix,recorded_issue_label,Recorded issue_label classification.,
qiskit_nature_384_646,,qiskit-community/qiskit-nature,https://github.com/qiskit-community/qiskit-nature/issues/384,https://github.com/qiskit-community/qiskit-nature/pull/646,preprocessing/result/qiskit_nature_combined_review_candidates.csv,135,b144452455dfc3bcfe288f6b3e714890b3b7b31d,refactor,,,503_to_113,refactor,recorded_issue_label,Recorded issue_label classification.,
qiskit_nature_375_380,57,qiskit-community/qiskit-nature,https://github.com/qiskit-community/qiskit-nature/issues/375,https://github.com/qiskit-community/qiskit-nature/pull/380,preprocessing/result/qiskit_nature_combined_review_candidates.csv,136,b144452455dfc3bcfe288f6b3e714890b3b7b31d,feature,yes,completed,retained,retained,dataset_index_and_completed_status,,"Benchmark sample completed with case-level selectors. Corrected the ground-state class selector from the stale TestGroundStateCalculation name to the collected TestGroundStateEigensolver nodeids. The callback tests required pinning qiskit-terra==0.18.3 to match the 2021-era CI dependency line; qiskit-terra==0.20.2 caused patched callback tests to fail before callback behavior with a VQE ansatz qubit-count error. Fail-pass uses VQEUCCFactory and VQEUVCCFactory callback cases; pass-pass uses adjacent VQE UCC/UVCC factory behavior. Formal validation: patched fail-pass 2 passed in 6.57s / 9.80s wall; patched pass-pass 3 passed in 6.97s / 10.13s wall; base fail-pass 2 failed in 2.26s / 7.50s wall with TypeError for unexpected callback keyword; base pass-pass 3 passed in 6.62s / 11.61s wall. Final image sha256:dd0fdc3f1d53903388ee632b00c0aaa913f3c97eac575ee14cf4f438fed8c07a, size 1082386145 bytes."
qiskit_nature_373_432,,qiskit-community/qiskit-nature,https://github.com/qiskit-community/qiskit-nature/issues/373,https://github.com/qiskit-community/qiskit-nature/pull/432,preprocessing/result/qiskit_nature_combined_review_candidates.csv,137,b144452455dfc3bcfe288f6b3e714890b3b7b31d,bugfix,,,503_to_113,bugfix,recorded_issue_label,Recorded issue_label classification.,
qiskit_nature_368_369,,qiskit-community/qiskit-nature,https://github.com/qiskit-community/qiskit-nature/issues/368,https://github.com/qiskit-community/qiskit-nature/pull/369,preprocessing/result/qiskit_nature_combined_review_candidates.csv,138,b144452455dfc3bcfe288f6b3e714890b3b7b31d,bugfix,,,503_to_113,bugfix,recorded_issue_label,Recorded issue_label classification.,
qiskit_nature_345_347,,qiskit-community/qiskit-nature,https://github.com/qiskit-community/qiskit-nature/issues/345,https://github.com/qiskit-community/qiskit-nature/pull/347,preprocessing/result/qiskit_nature_combined_review_candidates.csv,139,b144452455dfc3bcfe288f6b3e714890b3b7b31d,bugfix,,,503_to_113,bugfix,recorded_issue_label,Recorded issue_label classification.,
qiskit_nature_343_344,,qiskit-community/qiskit-nature,https://github.com/qiskit-community/qiskit-nature/issues/343,https://github.com/qiskit-community/qiskit-nature/pull/344,preprocessing/result/qiskit_nature_combined_review_candidates.csv,140,b144452455dfc3bcfe288f6b3e714890b3b7b31d,refactor,,,503_to_113,refactor,recorded_issue_label,Recorded issue_label classification.,
qiskit_nature_342_408,,qiskit-community/qiskit-nature,https://github.com/qiskit-community/qiskit-nature/issues/342,https://github.com/qiskit-community/qiskit-nature/pull/408,preprocessing/result/qiskit_nature_combined_review_candidates.csv,141,b144452455dfc3bcfe288f6b3e714890b3b7b31d,bugfix,,,503_to_113,bugfix,recorded_issue_label,Recorded issue_label classification.,
qiskit_nature_337_520,56,qiskit-community/qiskit-nature,https://github.com/qiskit-community/qiskit-nature/issues/337,https://github.com/qiskit-community/qiskit-nature/pull/520,preprocessing/result/qiskit_nature_combined_review_candidates.csv,142,b144452455dfc3bcfe288f6b3e714890b3b7b31d,feature,yes,completed,retained,retained,dataset_index_and_completed_status,,Built benchmark-qiskit_nature_337_520:latest using qiskit-terra==0.22.4 and the shared second_q dependency stack. Expanded the CSV file-level hint to 12 case-level tensor_ordering fail-pass selectors. Pass-pass uses 12 adjacent PolynomialTensor case-level selectors. Patched fail-pass/pass-pass and base pass-pass pass; base fail-pass fails with missing qiskit_nature.second_q.operators.tensor_ordering as expected. No deliberate exclusions.
qiskit_nature_323_433,,qiskit-community/qiskit-nature,https://github.com/qiskit-community/qiskit-nature/issues/323,https://github.com/qiskit-community/qiskit-nature/pull/433,preprocessing/result/qiskit_nature_combined_review_candidates.csv,143,b144452455dfc3bcfe288f6b3e714890b3b7b31d,feature,no,,503_to_113,feature_not_retained_reason_missing,decision_only_reason_missing,"The keep decision was recorded without a specific exclusion reason; missing tests, relationship ambiguity, or insufficient quantum scope must not be inferred.",
qiskit_nature_320_328,,qiskit-community/qiskit-nature,https://github.com/qiskit-community/qiskit-nature/issues/320,https://github.com/qiskit-community/qiskit-nature/pull/328,preprocessing/result/qiskit_nature_combined_review_candidates.csv,144,b144452455dfc3bcfe288f6b3e714890b3b7b31d,refactor,,,503_to_113,refactor,recorded_issue_label,Recorded issue_label classification.,
qiskit_nature_302_461,,qiskit-community/qiskit-nature,https://github.com/qiskit-community/qiskit-nature/issues/302,https://github.com/qiskit-community/qiskit-nature/pull/461,preprocessing/result/qiskit_nature_combined_review_candidates.csv,145,b144452455dfc3bcfe288f6b3e714890b3b7b31d,refactor,,,503_to_113,refactor,recorded_issue_label,Recorded issue_label classification.,
qiskit_nature_289_290,,qiskit-community/qiskit-nature,https://github.com/qiskit-community/qiskit-nature/issues/289,https://github.com/qiskit-community/qiskit-nature/pull/290,preprocessing/result/qiskit_nature_combined_review_candidates.csv,146,b144452455dfc3bcfe288f6b3e714890b3b7b31d,bugfix,,,503_to_113,bugfix,recorded_issue_label,Recorded issue_label classification.,
qiskit_nature_279_283,,qiskit-community/qiskit-nature,https://github.com/qiskit-community/qiskit-nature/issues/279,https://github.com/qiskit-community/qiskit-nature/pull/283,preprocessing/result/qiskit_nature_combined_review_candidates.csv,147,b144452455dfc3bcfe288f6b3e714890b3b7b31d,bugfix,,,503_to_113,bugfix,recorded_issue_label,Recorded issue_label classification.,
qiskit_nature_271_286,55,qiskit-community/qiskit-nature,https://github.com/qiskit-community/qiskit-nature/issues/271,https://github.com/qiskit-community/qiskit-nature/pull/286,preprocessing/result/qiskit_nature_combined_review_candidates.csv,148,b144452455dfc3bcfe288f6b3e714890b3b7b31d,feature,yes,completed,retained,retained,dataset_index_and_completed_status,,Corrected stale CSV metadata: the previous requirement and test hints did not match PR #286. Built benchmark-qiskit_nature_271_286:latest with qiskit-terra==0.18.3. Fail-pass is the single case-level selector test/converters/second_quantization/test_qubit_converter.py::TestQubitConverter::test_two_qubit_reduction; patched passes and base fails consistently. Pass-pass uses 7 adjacent case-level selectors from ParityMapper and FermionicOp old behavior. This sample must run pytest with -p no:logging because the 2021 unittest checks warning text via redirected stderr; modern pytest logging capture would otherwise hide the expected warning on patched. Also removed an unnecessary git fetch from run.sh so base/patched checkout stays fully local and stable. Formal summaries: patched fail-pass 1 passed in 4.36s; patched pass-pass 7 passed in 3.28s; base fail-pass 1 failed in 6.13s; base pass-pass 7 passed in 6.29s. No command exceeded 1200s.
qiskit_nature_264_303,,qiskit-community/qiskit-nature,https://github.com/qiskit-community/qiskit-nature/issues/264,https://github.com/qiskit-community/qiskit-nature/pull/303,preprocessing/result/qiskit_nature_combined_review_candidates.csv,149,b144452455dfc3bcfe288f6b3e714890b3b7b31d,refactor,,,503_to_113,refactor,recorded_issue_label,Recorded issue_label classification.,
qiskit_nature_252_318,54,qiskit-community/qiskit-nature,https://github.com/qiskit-community/qiskit-nature/issues/252,https://github.com/qiskit-community/qiskit-nature/pull/318,preprocessing/result/qiskit_nature_combined_review_candidates.csv,150,b144452455dfc3bcfe288f6b3e714890b3b7b31d,feature,yes,completed,retained,retained,dataset_index_and_completed_status,,"Benchmark sample completed with case-level selectors. Fail-pass uses test_protein_folding_problem_2_second_bead_side_chain and test_fix_qubits_large_fifth_qubit_allowed; both patched passed 3x and base failed 3x for the target feature. Pass-pass uses 8 adjacent pre-existing selectors from test_protein_folding_problem.py, test_qubit_fixing.py, and test_chain_main.py; patched and base each passed 3x. Excluded test_protein_folding_problem_2 from pass-pass after confirming it is not present in the base tree, and did not use PR-added test_fix_qubits_large_fifth_qubit_forbidden as regression coverage. Formal validation: patched fail-pass 2 passed in 1.37s / 6.49s wall; patched pass-pass 8 passed in 4.85s / 9.72s wall; base fail-pass 2 failed in 1.17s / 8.26s wall with InvalidSideChainException and _fix_qubits signature mismatch; base pass-pass 8 passed in 5.75s / 12.44s wall. Final image sha256:a8dd1e88ab483c0a240fe961596d7752e1970aca67d06b42a2a3c6f222353f0c, size 1084360935 bytes."
qiskit_nature_242_321,,qiskit-community/qiskit-nature,https://github.com/qiskit-community/qiskit-nature/issues/242,https://github.com/qiskit-community/qiskit-nature/pull/321,preprocessing/result/qiskit_nature_combined_review_candidates.csv,151,b144452455dfc3bcfe288f6b3e714890b3b7b31d,refactor,,,503_to_113,refactor,recorded_issue_label,Recorded issue_label classification.,
qiskit_nature_224_314,,qiskit-community/qiskit-nature,https://github.com/qiskit-community/qiskit-nature/issues/224,https://github.com/qiskit-community/qiskit-nature/pull/314,preprocessing/result/qiskit_nature_combined_review_candidates.csv,152,b144452455dfc3bcfe288f6b3e714890b3b7b31d,refactor,,,503_to_113,refactor,recorded_issue_label,Recorded issue_label classification.,
qiskit_nature_207_221,,qiskit-community/qiskit-nature,https://github.com/qiskit-community/qiskit-nature/issues/207,https://github.com/qiskit-community/qiskit-nature/pull/221,preprocessing/result/qiskit_nature_combined_review_candidates.csv,153,b144452455dfc3bcfe288f6b3e714890b3b7b31d,bugfix,,,503_to_113,bugfix,recorded_issue_label,Recorded issue_label classification.,
qiskit_nature_192_193,,qiskit-community/qiskit-nature,https://github.com/qiskit-community/qiskit-nature/issues/192,https://github.com/qiskit-community/qiskit-nature/pull/193,preprocessing/result/qiskit_nature_combined_review_candidates.csv,154,b144452455dfc3bcfe288f6b3e714890b3b7b31d,bugfix,,,503_to_113,bugfix,recorded_issue_label,Recorded issue_label classification.,
qiskit_nature_198_199,,qiskit-community/qiskit-nature,https://github.com/qiskit-community/qiskit-nature/issues/198,https://github.com/qiskit-community/qiskit-nature/pull/199,preprocessing/result/qiskit_nature_combined_review_candidates.csv,155,b144452455dfc3bcfe288f6b3e714890b3b7b31d,bugfix,,,503_to_113,bugfix,recorded_issue_label,Recorded issue_label classification.,
qiskit_nature_226_231,,qiskit-community/qiskit-nature,https://github.com/qiskit-community/qiskit-nature/issues/226,https://github.com/qiskit-community/qiskit-nature/pull/231,preprocessing/result/qiskit_nature_combined_review_candidates.csv,156,b144452455dfc3bcfe288f6b3e714890b3b7b31d,bugfix,,,503_to_113,bugfix,recorded_issue_label,Recorded issue_label classification.,
qiskit_nature_174_862,51,qiskit-community/qiskit-nature,https://github.com/qiskit-community/qiskit-nature/issues/174,https://github.com/qiskit-community/qiskit-nature/pull/862,preprocessing/result/qiskit_nature_combined_review_candidates.csv,157,b144452455dfc3bcfe288f6b3e714890b3b7b31d,feature,yes,completed,retained,retained,dataset_index_and_completed_status,,Completed. Fail-pass narrowed to the 3 dedicated ElectronicDensity nodeids in test_electronic_density.py. Excluded the PR-added container density test plus PR-modified electronic_integrals and active_space_transformer cases from fail-pass because they are broader compatibility coverage rather than the minimal user-visible ElectronicDensity feature. Pass-pass uses 5 base-native container cases and 7 base-native ElectronicIntegrals cases. Patched/base fail-pass/pass-pass were all stable across 3 runs; base fail-pass consistently failed on missing ElectronicDensity import.
qiskit_nature_165_287,,qiskit-community/qiskit-nature,https://github.com/qiskit-community/qiskit-nature/issues/165,https://github.com/qiskit-community/qiskit-nature/pull/287,preprocessing/result/qiskit_nature_combined_review_candidates.csv,158,b144452455dfc3bcfe288f6b3e714890b3b7b31d,refactor,,,503_to_113,refactor,recorded_issue_label,Recorded issue_label classification.,
qiskit_nature_158_231,,qiskit-community/qiskit-nature,https://github.com/qiskit-community/qiskit-nature/issues/158,https://github.com/qiskit-community/qiskit-nature/pull/231,preprocessing/result/qiskit_nature_combined_review_candidates.csv,159,b144452455dfc3bcfe288f6b3e714890b3b7b31d,bugfix,,,503_to_113,bugfix,recorded_issue_label,Recorded issue_label classification.,
qiskit_nature_148_303,,qiskit-community/qiskit-nature,https://github.com/qiskit-community/qiskit-nature/issues/148,https://github.com/qiskit-community/qiskit-nature/pull/303,preprocessing/result/qiskit_nature_combined_review_candidates.csv,160,b144452455dfc3bcfe288f6b3e714890b3b7b31d,refactor,,,503_to_113,refactor,recorded_issue_label,Recorded issue_label classification.,
qiskit_nature_128_131,,qiskit-community/qiskit-nature,https://github.com/qiskit-community/qiskit-nature/issues/128,https://github.com/qiskit-community/qiskit-nature/pull/131,preprocessing/result/qiskit_nature_combined_review_candidates.csv,161,b144452455dfc3bcfe288f6b3e714890b3b7b31d,bugfix,,,503_to_113,bugfix,recorded_issue_label,Recorded issue_label classification.,
qiskit_nature_122_145,,qiskit-community/qiskit-nature,https://github.com/qiskit-community/qiskit-nature/issues/122,https://github.com/qiskit-community/qiskit-nature/pull/145,preprocessing/result/qiskit_nature_combined_review_candidates.csv,162,b144452455dfc3bcfe288f6b3e714890b3b7b31d,bugfix,,,503_to_113,bugfix,recorded_issue_label,Recorded issue_label classification.,
qiskit_nature_123_445,,qiskit-community/qiskit-nature,https://github.com/qiskit-community/qiskit-nature/issues/123,https://github.com/qiskit-community/qiskit-nature/pull/445,preprocessing/result/qiskit_nature_combined_review_candidates.csv,163,b144452455dfc3bcfe288f6b3e714890b3b7b31d,refactor,,,503_to_113,refactor,recorded_issue_label,Recorded issue_label classification.,
qiskit_nature_91_729,88,qiskit-community/qiskit-nature,https://github.com/qiskit-community/qiskit-nature/issues/91,https://github.com/qiskit-community/qiskit-nature/pull/729,preprocessing/result/qiskit_nature_combined_review_candidates.csv,164,b144452455dfc3bcfe288f6b3e714890b3b7b31d,feature,yes,completed,retained,retained,dataset_index_and_completed_status,,"Completed. Fail-pass narrowed to the 5 dedicated mirror nodeids in test_succd.py: one standard mirror case, one generalized mirror case, and three include_singles mirror cases. Pass-pass uses the 8 base-native non-mirror SUCCD cases from the same file. Excluded test_advanced_ucc_variants.py::test_uccsd_hf_qUCCD0full from primary because it is a slower optional end-to-end PySCF/VQE layer and the direct ansatz-level mirror selectors already provide a clean minimal fail-pass contract. Patched/base fail-pass/pass-pass were all stable across 3 runs; base fail-pass consistently failed because SUCCD.__init__ does not accept the mirror argument."
qiskit_nature_89_590,,qiskit-community/qiskit-nature,https://github.com/qiskit-community/qiskit-nature/issues/89,https://github.com/qiskit-community/qiskit-nature/pull/590,preprocessing/result/qiskit_nature_combined_review_candidates.csv,165,b144452455dfc3bcfe288f6b3e714890b3b7b31d,refactor,,,503_to_113,refactor,recorded_issue_label,Recorded issue_label classification.,
qiskit_nature_82_96,79,qiskit-community/qiskit-nature,https://github.com/qiskit-community/qiskit-nature/issues/82,https://github.com/qiskit-community/qiskit-nature/pull/96,preprocessing/result/qiskit_nature_combined_review_candidates.csv,166,b144452455dfc3bcfe288f6b3e714890b3b7b31d,feature,yes,completed,retained,retained,dataset_index_and_completed_status,,"Completed. Fail-pass narrowed to the 3 dedicated converter nodeids in test_qubit_converter.py: test_two_qubit_reduction, test_z2_symmetry, and test_two_qubit_reduction_and_z2_symmetry. Pass-pass uses 4 adjacent base-native mapper nodeids from parity and Jordan-Wigner mapper tests. Excluded test_mapping_basic because it mixes broader mapper switching and force_match/state-matching behavior beyond the minimal direct reduction and tapering contract. Excluded the UCCSD, VQE adapt, and BOPE sampler files from validation because they are heavier downstream integration coverage once the direct converter behavior is locked. Environment required fetching pull/96/head explicitly because patched commit 1d0d3d3579a06463e3a2f35ffa31f4746354c438 is not reachable from a default branch clone. Patched/base fail-pass/pass-pass were all stable across 3 runs."
qiskit_nature_71_85,,qiskit-community/qiskit-nature,https://github.com/qiskit-community/qiskit-nature/issues/71,https://github.com/qiskit-community/qiskit-nature/pull/85,preprocessing/result/qiskit_nature_combined_review_candidates.csv,167,b144452455dfc3bcfe288f6b3e714890b3b7b31d,refactor,,,503_to_113,refactor,recorded_issue_label,Recorded issue_label classification.,
qiskit_nature_70_95,,qiskit-community/qiskit-nature,https://github.com/qiskit-community/qiskit-nature/issues/70,https://github.com/qiskit-community/qiskit-nature/pull/95,preprocessing/result/qiskit_nature_combined_review_candidates.csv,168,b144452455dfc3bcfe288f6b3e714890b3b7b31d,refactor,,,503_to_113,refactor,recorded_issue_label,Recorded issue_label classification.,
qiskit_nature_64_87,,qiskit-community/qiskit-nature,https://github.com/qiskit-community/qiskit-nature/issues/64,https://github.com/qiskit-community/qiskit-nature/pull/87,preprocessing/result/qiskit_nature_combined_review_candidates.csv,169,b144452455dfc3bcfe288f6b3e714890b3b7b31d,refactor,,,503_to_113,refactor,recorded_issue_label,Recorded issue_label classification.,
qiskit_nature_83_101,,qiskit-community/qiskit-nature,https://github.com/qiskit-community/qiskit-nature/issues/83,https://github.com/qiskit-community/qiskit-nature/pull/101,preprocessing/result/qiskit_nature_combined_review_candidates.csv,170,b144452455dfc3bcfe288f6b3e714890b3b7b31d,feature,maybe,,503_to_113,feature_maybe_not_retained_reason_missing,decision_only_reason_missing,"The keep decision was recorded without a specific exclusion reason; missing tests, relationship ambiguity, or insufficient quantum scope must not be inferred.",
qiskit_nature_57_66,,qiskit-community/qiskit-nature,https://github.com/qiskit-community/qiskit-nature/issues/57,https://github.com/qiskit-community/qiskit-nature/pull/66,preprocessing/result/qiskit_nature_combined_review_candidates.csv,171,b144452455dfc3bcfe288f6b3e714890b3b7b31d,refactor,,,503_to_113,refactor,recorded_issue_label,Recorded issue_label classification.,
qiskit_nature_55_66,,qiskit-community/qiskit-nature,https://github.com/qiskit-community/qiskit-nature/issues/55,https://github.com/qiskit-community/qiskit-nature/pull/66,preprocessing/result/qiskit_nature_combined_review_candidates.csv,172,b144452455dfc3bcfe288f6b3e714890b3b7b31d,feature,no,,503_to_113,feature_not_retained_reason_missing,decision_only_reason_missing,"The keep decision was recorded without a specific exclusion reason; missing tests, relationship ambiguity, or insufficient quantum scope must not be inferred.",
qiskit_nature_51_66,,qiskit-community/qiskit-nature,https://github.com/qiskit-community/qiskit-nature/issues/51,https://github.com/qiskit-community/qiskit-nature/pull/66,preprocessing/result/qiskit_nature_combined_review_candidates.csv,173,b144452455dfc3bcfe288f6b3e714890b3b7b31d,bugfix,,,503_to_113,bugfix,recorded_issue_label,Recorded issue_label classification.,
qiskit_nature_47_77,64,qiskit-community/qiskit-nature,https://github.com/qiskit-community/qiskit-nature/issues/47,https://github.com/qiskit-community/qiskit-nature/pull/77,preprocessing/result/qiskit_nature_combined_review_candidates.csv,174,b144452455dfc3bcfe288f6b3e714890b3b7b31d,feature,yes,completed,retained,retained,dataset_index_and_completed_status,,"Completed. Re-reviewed after workflow was relaxed from direct target-feature failures to stable target-feature-related failures. Fail-pass now uses 3 dedicated FreezeCoreTransformer nodeids: test_full_active_space_1, test_freeze_core, and test_freeze_core_with_remove_orbitals. The full-active-space case is retained because it passes stably on patched and fails stably on base due missing QMolecule dipole-shift bookkeeping fields on the same freeze-core validation path, even though that failure is not the most direct constructor-level gap. Pass-pass still uses 4 adjacent base-native ActiveSpaceTransformer nodeids: test_minimal_active_space, test_unpaired_electron_active_space, test_arbitrary_active_orbitals, and test_active_space_for_q_molecule_v2. Excluded test_full_active_space from pass-pass because the nodeid differs between base and patched after the PR switched it to a ddt-generated case name. Base fail-pass injects the patched transformer test file plus the LiH and BeH HDF5 resources required by those cases. Environment also adds a minimal qiskit.algorithms.variational_forms.VariationalForm compatibility shim to isolate an unrelated historical qiskit import path needed during qiskit_nature package import. Patched/base fail-pass/pass-pass were all stable across 3 runs."
qiskit_nature_54_101,,qiskit-community/qiskit-nature,https://github.com/qiskit-community/qiskit-nature/issues/54,https://github.com/qiskit-community/qiskit-nature/pull/101,preprocessing/result/qiskit_nature_combined_review_candidates.csv,175,b144452455dfc3bcfe288f6b3e714890b3b7b31d,bugfix,,,503_to_113,bugfix,recorded_issue_label,Recorded issue_label classification.,
qiskit_nature_40_41,,qiskit-community/qiskit-nature,https://github.com/qiskit-community/qiskit-nature/issues/40,https://github.com/qiskit-community/qiskit-nature/pull/41,preprocessing/result/qiskit_nature_combined_review_candidates.csv,176,b144452455dfc3bcfe288f6b3e714890b3b7b31d,feature,no,,503_to_113,feature_not_retained_reason_missing,decision_only_reason_missing,"The keep decision was recorded without a specific exclusion reason; missing tests, relationship ambiguity, or insufficient quantum scope must not be inferred.",
qiskit_nature_20_81,,qiskit-community/qiskit-nature,https://github.com/qiskit-community/qiskit-nature/issues/20,https://github.com/qiskit-community/qiskit-nature/pull/81,preprocessing/result/qiskit_nature_combined_review_candidates.csv,177,b144452455dfc3bcfe288f6b3e714890b3b7b31d,refactor,,,503_to_113,refactor,recorded_issue_label,Recorded issue_label classification.,
qiskit_nature_6_624,74,qiskit-community/qiskit-nature,https://github.com/qiskit-community/qiskit-nature/issues/6,https://github.com/qiskit-community/qiskit-nature/pull/624,preprocessing/result/qiskit_nature_combined_review_candidates.csv,178,b144452455dfc3bcfe288f6b3e714890b3b7b31d,feature,yes,completed,retained,retained,dataset_index_and_completed_status,,"Completed. Base commit is merge-base c89e2cc151dc832b8d7ceee720abfe5af8147753 and patched commit is PR head 7964402599ae7096b58936ee59dbec49697ee2c3. Fail-pass uses all 7 dedicated LogarithmicMapper nodeids from test_logarithmic_mapper.py: test_mapping_1 through test_mapping_7. Pass-pass uses 5 adjacent base-native LinearMapper nodeids from test_linear_mapper.py: test_mapping_1 through test_mapping_5. Patched fail-pass passed stably 3/3; base fail-pass failed stably 3/3 with ImportError because qiskit_nature.mappers.second_quantization does not expose LogarithmicMapper in base. Patched/base pass-pass both passed stably 3/3. Environment reuses the already validated late-2022 qiskit-nature repo-base dependency layer from qiskit_nature_174_862, which matches the sample commit's qiskit-terra>=0.20-era dependency line and kept this mapper-only sample lightweight and stable. No command exceeded 1200s."
qiskit_nature_53_105,,qiskit-community/qiskit-nature,https://github.com/qiskit-community/qiskit-nature/issues/53,https://github.com/qiskit-community/qiskit-nature/pull/105,preprocessing/result/qiskit_nature_combined_review_candidates.csv,179,b144452455dfc3bcfe288f6b3e714890b3b7b31d,bugfix,,,503_to_113,bugfix,recorded_issue_label,Recorded issue_label classification.,
qiskit_nature_28_180,,qiskit-community/qiskit-nature,https://github.com/qiskit-community/qiskit-nature/issues/28,https://github.com/qiskit-community/qiskit-nature/pull/180,preprocessing/result/qiskit_nature_combined_review_candidates.csv,180,b144452455dfc3bcfe288f6b3e714890b3b7b31d,bugfix,,,503_to_113,bugfix,recorded_issue_label,Recorded issue_label classification.,
qiskit_nature_52_971,,qiskit-community/qiskit-nature,https://github.com/qiskit-community/qiskit-nature/issues/52,https://github.com/qiskit-community/qiskit-nature/pull/971,preprocessing/result/qiskit_nature_combined_review_candidates.csv,181,b144452455dfc3bcfe288f6b3e714890b3b7b31d,bugfix,,,503_to_113,bugfix,recorded_issue_label,Recorded issue_label classification.,
qiskit_nature_29_116,,qiskit-community/qiskit-nature,https://github.com/qiskit-community/qiskit-nature/issues/29,https://github.com/qiskit-community/qiskit-nature/pull/116,preprocessing/result/qiskit_nature_combined_review_candidates.csv,182,b144452455dfc3bcfe288f6b3e714890b3b7b31d,other,,,503_to_113,other,recorded_issue_label,Recorded issue_label classification; no finer reason was saved for other.,
qiskit_nature_1208_1299,,qiskit-community/qiskit-nature,https://github.com/qiskit-community/qiskit-nature/issues/1208,https://github.com/qiskit-community/qiskit-nature/pull/1299,preprocessing/result/qiskit_nature_combined_review_candidates.csv,183,b144452455dfc3bcfe288f6b3e714890b3b7b31d,bugfix,,,503_to_113,bugfix,recorded_issue_label,Recorded issue_label classification.,
qiskit_nature_1269_1270,,qiskit-community/qiskit-nature,https://github.com/qiskit-community/qiskit-nature/issues/1269,https://github.com/qiskit-community/qiskit-nature/pull/1270,preprocessing/result/qiskit_nature_combined_review_candidates.csv,184,b144452455dfc3bcfe288f6b3e714890b3b7b31d,other,,,503_to_113,other,recorded_issue_label,Recorded issue_label classification; no finer reason was saved for other.,
qiskit_nature_289_1226,,qiskit-community/qiskit-nature,https://github.com/qiskit-community/qiskit-nature/issues/289,https://github.com/qiskit-community/qiskit-nature/pull/1226,preprocessing/result/qiskit_nature_combined_review_candidates.csv,185,b144452455dfc3bcfe288f6b3e714890b3b7b31d,bugfix,,,503_to_113,bugfix,recorded_issue_label,Recorded issue_label classification.,
qiskit_nature_933_1072,,qiskit-community/qiskit-nature,https://github.com/qiskit-community/qiskit-nature/issues/933,https://github.com/qiskit-community/qiskit-nature/pull/1072,preprocessing/result/qiskit_nature_combined_review_candidates.csv,186,b144452455dfc3bcfe288f6b3e714890b3b7b31d,feature,no,,503_to_113,feature_not_retained_reason_missing,decision_only_reason_missing,"The keep decision was recorded without a specific exclusion reason; missing tests, relationship ambiguity, or insufficient quantum scope must not be inferred.",
qiskit_nature_919_1041,,qiskit-community/qiskit-nature,https://github.com/qiskit-community/qiskit-nature/issues/919,https://github.com/qiskit-community/qiskit-nature/pull/1041,preprocessing/result/qiskit_nature_combined_review_candidates.csv,187,b144452455dfc3bcfe288f6b3e714890b3b7b31d,feature,no,,503_to_113,feature_not_retained_reason_missing,decision_only_reason_missing,"The keep decision was recorded without a specific exclusion reason; missing tests, relationship ambiguity, or insufficient quantum scope must not be inferred.",
qiskit_nature_1032_1033,,qiskit-community/qiskit-nature,https://github.com/qiskit-community/qiskit-nature/issues/1032,https://github.com/qiskit-community/qiskit-nature/pull/1033,preprocessing/result/qiskit_nature_combined_review_candidates.csv,188,b144452455dfc3bcfe288f6b3e714890b3b7b31d,feature,no,,503_to_113,feature_not_retained_reason_missing,decision_only_reason_missing,"The keep decision was recorded without a specific exclusion reason; missing tests, relationship ambiguity, or insufficient quantum scope must not be inferred.",
qiskit_nature_933_1033,,qiskit-community/qiskit-nature,https://github.com/qiskit-community/qiskit-nature/issues/933,https://github.com/qiskit-community/qiskit-nature/pull/1033,preprocessing/result/qiskit_nature_combined_review_candidates.csv,189,b144452455dfc3bcfe288f6b3e714890b3b7b31d,feature,no,,503_to_113,feature_not_retained_reason_missing,decision_only_reason_missing,"The keep decision was recorded without a specific exclusion reason; missing tests, relationship ambiguity, or insufficient quantum scope must not be inferred.",
qiskit_nature_654_1022,,qiskit-community/qiskit-nature,https://github.com/qiskit-community/qiskit-nature/issues/654,https://github.com/qiskit-community/qiskit-nature/pull/1022,preprocessing/result/qiskit_nature_combined_review_candidates.csv,190,b144452455dfc3bcfe288f6b3e714890b3b7b31d,feature,no,,503_to_113,feature_not_retained_reason_missing,decision_only_reason_missing,"The keep decision was recorded without a specific exclusion reason; missing tests, relationship ambiguity, or insufficient quantum scope must not be inferred.",
qiskit_nature_953_977,,qiskit-community/qiskit-nature,https://github.com/qiskit-community/qiskit-nature/issues/953,https://github.com/qiskit-community/qiskit-nature/pull/977,preprocessing/result/qiskit_nature_combined_review_candidates.csv,191,b144452455dfc3bcfe288f6b3e714890b3b7b31d,bugfix,,,503_to_113,bugfix,recorded_issue_label,Recorded issue_label classification.,
qiskit_nature_919_920,87,qiskit-community/qiskit-nature,https://github.com/qiskit-community/qiskit-nature/issues/919,https://github.com/qiskit-community/qiskit-nature/pull/920,preprocessing/result/qiskit_nature_combined_review_candidates.csv,192,b144452455dfc3bcfe288f6b3e714890b3b7b31d,feature,yes,completed,retained,retained,dataset_index_and_completed_status,,"Benchmark sample completed after quantum-related feature gate check: issue is ElectronicDensity/RDM auxiliary-operator behavior in quantum chemistry, not a generic parameter tweak. Fail-pass selectors are six ElectronicDensity use cases for include_rdm2, second_q_ops, and interpret; patched passed 3/3 and base failed 3/3 with TypeError because base rejects include_rdm2, with no base-passing selector mixed into fail-pass. Pass-pass uses three neighboring second-quantized property operator tests (ParticleNumber, Magnetization, AngularMomentum), passing 3/3 on both sides. Excluded ElectronicDensity PySCF evaluated-densities coverage because it relies on optional external dependency; excluded DipoleMoment pass-pass candidates because they skipped in this environment. Formal validation: patched fail-pass 6 passed in 2.44s; patched pass-pass 3 passed in 2.39s; base fail-pass 6 failed in 3.96s; base pass-pass 3 passed in 2.05s. No formal validation command exceeded 120s. Final image sha256:907d300d535e8fe5e7bff3393e0e2568af429b8bee306da1c67018b546a758a9."
qiskit_nature_864_909,,qiskit-community/qiskit-nature,https://github.com/qiskit-community/qiskit-nature/issues/864,https://github.com/qiskit-community/qiskit-nature/pull/909,preprocessing/result/qiskit_nature_combined_review_candidates.csv,193,b144452455dfc3bcfe288f6b3e714890b3b7b31d,feature,no,,503_to_113,feature_not_retained_reason_missing,decision_only_reason_missing,"The keep decision was recorded without a specific exclusion reason; missing tests, relationship ambiguity, or insufficient quantum scope must not be inferred.",
qiskit_nature_867_909,,qiskit-community/qiskit-nature,https://github.com/qiskit-community/qiskit-nature/issues/867,https://github.com/qiskit-community/qiskit-nature/pull/909,preprocessing/result/qiskit_nature_combined_review_candidates.csv,194,b144452455dfc3bcfe288f6b3e714890b3b7b31d,feature,no,,503_to_113,feature_not_retained_reason_missing,decision_only_reason_missing,"The keep decision was recorded without a specific exclusion reason; missing tests, relationship ambiguity, or insufficient quantum scope must not be inferred.",
qiskit_nature_863_909,,qiskit-community/qiskit-nature,https://github.com/qiskit-community/qiskit-nature/issues/863,https://github.com/qiskit-community/qiskit-nature/pull/909,preprocessing/result/qiskit_nature_combined_review_candidates.csv,195,b144452455dfc3bcfe288f6b3e714890b3b7b31d,feature,no,,503_to_113,feature_not_retained_reason_missing,decision_only_reason_missing,"The keep decision was recorded without a specific exclusion reason; missing tests, relationship ambiguity, or insufficient quantum scope must not be inferred.",
qiskit_nature_400_877,,qiskit-community/qiskit-nature,https://github.com/qiskit-community/qiskit-nature/issues/400,https://github.com/qiskit-community/qiskit-nature/pull/877,preprocessing/result/qiskit_nature_combined_review_candidates.csv,196,b144452455dfc3bcfe288f6b3e714890b3b7b31d,feature,no,,503_to_113,feature_not_retained_reason_missing,decision_only_reason_missing,"The keep decision was recorded without a specific exclusion reason; missing tests, relationship ambiguity, or insufficient quantum scope must not be inferred.",
qiskit_nature_654_841,,qiskit-community/qiskit-nature,https://github.com/qiskit-community/qiskit-nature/issues/654,https://github.com/qiskit-community/qiskit-nature/pull/841,preprocessing/result/qiskit_nature_combined_review_candidates.csv,197,b144452455dfc3bcfe288f6b3e714890b3b7b31d,feature,no,,503_to_113,feature_not_retained_reason_missing,decision_only_reason_missing,"The keep decision was recorded without a specific exclusion reason; missing tests, relationship ambiguity, or insufficient quantum scope must not be inferred.",
qiskit_nature_820_841,,qiskit-community/qiskit-nature,https://github.com/qiskit-community/qiskit-nature/issues/820,https://github.com/qiskit-community/qiskit-nature/pull/841,preprocessing/result/qiskit_nature_combined_review_candidates.csv,198,b144452455dfc3bcfe288f6b3e714890b3b7b31d,feature,no,,503_to_113,feature_not_retained_reason_missing,decision_only_reason_missing,"The keep decision was recorded without a specific exclusion reason; missing tests, relationship ambiguity, or insufficient quantum scope must not be inferred.",
qiskit_nature_851_841,,qiskit-community/qiskit-nature,https://github.com/qiskit-community/qiskit-nature/issues/851,https://github.com/qiskit-community/qiskit-nature/pull/841,preprocessing/result/qiskit_nature_combined_review_candidates.csv,199,b144452455dfc3bcfe288f6b3e714890b3b7b31d,feature,no,,503_to_113,feature_not_retained_reason_missing,decision_only_reason_missing,"The keep decision was recorded without a specific exclusion reason; missing tests, relationship ambiguity, or insufficient quantum scope must not be inferred.",
qiskit_nature_787_799,76,qiskit-community/qiskit-nature,https://github.com/qiskit-community/qiskit-nature/issues/787,https://github.com/qiskit-community/qiskit-nature/pull/799,preprocessing/result/qiskit_nature_combined_review_candidates.csv,200,b144452455dfc3bcfe288f6b3e714890b3b7b31d,feature,yes,completed,retained,retained,dataset_index_and_completed_status,,"Benchmark sample completed. Re-checked issue #787 against Build_Docker_WORKFLOW and kept FCIDump parsing, dumping, and translation in scope because the issue explicitly requests from_file/to_file-style format support. Added pyscf to the sample environment so the PR-added dumper coverage is executable. Fail-pass uses 20 FCIDump selectors: 6 parsing/translation property selectors from test_fcidump.py, 6 workflow/logging selectors from test_methods_fcidump.py, and 8 FCIDump.to_file round-trip selectors from test_fcidump_dumper.py. Pass-pass uses 6 adjacent QCSchema selectors from test_qcschema.py. Stability checks: patched fail-pass passed 3/3, base fail-pass failed 3/3 with missing qiskit_nature.second_q.formats.fcidump and fcidump_translator imports, and patched/base pass-pass both passed 3/3. Formal validation: patched fail-pass 20 passed in 14.01s / 17.43s wall; patched pass-pass 6 passed in 1.72s / 4.89s wall; base fail-pass 20 errors in 1.90s / 7.53s wall; base pass-pass 6 passed in 1.63s / 7.29s wall. Golden patch scope: qiskit_nature/second_q/formats/fcidump/__init__.py, dumper.py, fcidump.py, parser.py, and fcidump_translator.py. Final image sha256:8da4df7f9bf5867bb3630734d05f9b046c4294bbe32842989b53233298cb9b6f, size 1414288480 bytes."
qiskit_nature_788_793,,qiskit-community/qiskit-nature,https://github.com/qiskit-community/qiskit-nature/issues/788,https://github.com/qiskit-community/qiskit-nature/pull/793,preprocessing/result/qiskit_nature_combined_review_candidates.csv,201,b144452455dfc3bcfe288f6b3e714890b3b7b31d,bugfix,,,503_to_113,bugfix,recorded_issue_label,Recorded issue_label classification.,
qiskit_nature_701_772,,qiskit-community/qiskit-nature,https://github.com/qiskit-community/qiskit-nature/issues/701,https://github.com/qiskit-community/qiskit-nature/pull/772,preprocessing/result/qiskit_nature_combined_review_candidates.csv,202,b144452455dfc3bcfe288f6b3e714890b3b7b31d,refactor,,,503_to_113,refactor,recorded_issue_label,Recorded issue_label classification.,
qiskit_nature_235_655,,qiskit-community/qiskit-nature,https://github.com/qiskit-community/qiskit-nature/issues/235,https://github.com/qiskit-community/qiskit-nature/pull/655,preprocessing/result/qiskit_nature_combined_review_candidates.csv,203,b144452455dfc3bcfe288f6b3e714890b3b7b31d,feature,no,,503_to_113,feature_not_retained_reason_missing,decision_only_reason_missing,"The keep decision was recorded without a specific exclusion reason; missing tests, relationship ambiguity, or insufficient quantum scope must not be inferred.",
qiskit_nature_236_655,,qiskit-community/qiskit-nature,https://github.com/qiskit-community/qiskit-nature/issues/236,https://github.com/qiskit-community/qiskit-nature/pull/655,preprocessing/result/qiskit_nature_combined_review_candidates.csv,204,b144452455dfc3bcfe288f6b3e714890b3b7b31d,feature,no,,503_to_113,feature_not_retained_reason_missing,decision_only_reason_missing,"The keep decision was recorded without a specific exclusion reason; missing tests, relationship ambiguity, or insufficient quantum scope must not be inferred.",
qiskit_nature_313_655,,qiskit-community/qiskit-nature,https://github.com/qiskit-community/qiskit-nature/issues/313,https://github.com/qiskit-community/qiskit-nature/pull/655,preprocessing/result/qiskit_nature_combined_review_candidates.csv,205,b144452455dfc3bcfe288f6b3e714890b3b7b31d,feature,no,,503_to_113,feature_not_retained_reason_missing,decision_only_reason_missing,"The keep decision was recorded without a specific exclusion reason; missing tests, relationship ambiguity, or insufficient quantum scope must not be inferred.",
qiskit_nature_571_632,68,qiskit-community/qiskit-nature,https://github.com/qiskit-community/qiskit-nature/issues/571,https://github.com/qiskit-community/qiskit-nature/pull/632,preprocessing/result/qiskit_nature_combined_review_candidates.csv,206,b144452455dfc3bcfe288f6b3e714890b3b7b31d,feature,yes,completed,retained,retained,dataset_index_and_completed_status,,"Benchmark sample completed with case-level Docker validation recorded in benchmark/dataset/samples/qiskit-nature/qiskit_nature_571_632/sample.json. Fail-pass uses 4 selectors covering HFInitialPoint import/compute behavior, VQEUCCFactory default initial point, and GroundStateEigensolver default HF path. Pass-pass was expanded from 2 to 5 adjacent base-native GroundStateEigensolver/VQE-UCC selectors by adding callback, aux-op reusability, and eval-op coverage after 3/3 stability checks on both base and patched. Formal validation: patched fail-pass 4 selectors passed in 9.60s; patched pass-pass 5 selectors passed in 23.22s; base fail-pass 4 selectors failed in 9.94s (3 import/collection failures from missing HFInitialPoint and 1 AttributeError on solver.initial_point.to_numpy_array()); base pass-pass 5 selectors passed in 24.37s. Final image sha256:9bd80be20b3969087e1148c138574eaabba22094dce24ed53dc74f5b32d847db, size 1073237127 bytes."
qiskit_nature_701_722,,qiskit-community/qiskit-nature,https://github.com/qiskit-community/qiskit-nature/issues/701,https://github.com/qiskit-community/qiskit-nature/pull/722,preprocessing/result/qiskit_nature_combined_review_candidates.csv,207,b144452455dfc3bcfe288f6b3e714890b3b7b31d,refactor,,,503_to_113,refactor,recorded_issue_label,Recorded issue_label classification.,
qiskit_nature_702_722,,qiskit-community/qiskit-nature,https://github.com/qiskit-community/qiskit-nature/issues/702,https://github.com/qiskit-community/qiskit-nature/pull/722,preprocessing/result/qiskit_nature_combined_review_candidates.csv,208,b144452455dfc3bcfe288f6b3e714890b3b7b31d,refactor,,,503_to_113,refactor,recorded_issue_label,Recorded issue_label classification.,
qiskit_nature_703_722,,qiskit-community/qiskit-nature,https://github.com/qiskit-community/qiskit-nature/issues/703,https://github.com/qiskit-community/qiskit-nature/pull/722,preprocessing/result/qiskit_nature_combined_review_candidates.csv,209,b144452455dfc3bcfe288f6b3e714890b3b7b31d,refactor,,,503_to_113,refactor,recorded_issue_label,Recorded issue_label classification.,
qiskit_nature_704_722,,qiskit-community/qiskit-nature,https://github.com/qiskit-community/qiskit-nature/issues/704,https://github.com/qiskit-community/qiskit-nature/pull/722,preprocessing/result/qiskit_nature_combined_review_candidates.csv,210,b144452455dfc3bcfe288f6b3e714890b3b7b31d,refactor,,,503_to_113,refactor,recorded_issue_label,Recorded issue_label classification.,
qiskit_nature_705_722,,qiskit-community/qiskit-nature,https://github.com/qiskit-community/qiskit-nature/issues/705,https://github.com/qiskit-community/qiskit-nature/pull/722,preprocessing/result/qiskit_nature_combined_review_candidates.csv,211,b144452455dfc3bcfe288f6b3e714890b3b7b31d,refactor,,,503_to_113,refactor,recorded_issue_label,Recorded issue_label classification.,
qiskit_nature_706_722,,qiskit-community/qiskit-nature,https://github.com/qiskit-community/qiskit-nature/issues/706,https://github.com/qiskit-community/qiskit-nature/pull/722,preprocessing/result/qiskit_nature_combined_review_candidates.csv,212,b144452455dfc3bcfe288f6b3e714890b3b7b31d,refactor,,,503_to_113,refactor,recorded_issue_label,Recorded issue_label classification.,
qiskit_nature_707_722,,qiskit-community/qiskit-nature,https://github.com/qiskit-community/qiskit-nature/issues/707,https://github.com/qiskit-community/qiskit-nature/pull/722,preprocessing/result/qiskit_nature_combined_review_candidates.csv,213,b144452455dfc3bcfe288f6b3e714890b3b7b31d,refactor,,,503_to_113,refactor,recorded_issue_label,Recorded issue_label classification.,
qiskit_nature_708_722,,qiskit-community/qiskit-nature,https://github.com/qiskit-community/qiskit-nature/issues/708,https://github.com/qiskit-community/qiskit-nature/pull/722,preprocessing/result/qiskit_nature_combined_review_candidates.csv,214,b144452455dfc3bcfe288f6b3e714890b3b7b31d,refactor,,,503_to_113,refactor,recorded_issue_label,Recorded issue_label classification.,
qiskit_nature_709_722,,qiskit-community/qiskit-nature,https://github.com/qiskit-community/qiskit-nature/issues/709,https://github.com/qiskit-community/qiskit-nature/pull/722,preprocessing/result/qiskit_nature_combined_review_candidates.csv,215,b144452455dfc3bcfe288f6b3e714890b3b7b31d,refactor,,,503_to_113,refactor,recorded_issue_label,Recorded issue_label classification.,
qiskit_nature_710_722,,qiskit-community/qiskit-nature,https://github.com/qiskit-community/qiskit-nature/issues/710,https://github.com/qiskit-community/qiskit-nature/pull/722,preprocessing/result/qiskit_nature_combined_review_candidates.csv,216,b144452455dfc3bcfe288f6b3e714890b3b7b31d,refactor,,,503_to_113,refactor,recorded_issue_label,Recorded issue_label classification.,
qiskit_nature_711_722,,qiskit-community/qiskit-nature,https://github.com/qiskit-community/qiskit-nature/issues/711,https://github.com/qiskit-community/qiskit-nature/pull/722,preprocessing/result/qiskit_nature_combined_review_candidates.csv,217,b144452455dfc3bcfe288f6b3e714890b3b7b31d,refactor,,,503_to_113,refactor,recorded_issue_label,Recorded issue_label classification.,
qiskit_nature_633_590,,qiskit-community/qiskit-nature,https://github.com/qiskit-community/qiskit-nature/issues/633,https://github.com/qiskit-community/qiskit-nature/pull/590,preprocessing/result/qiskit_nature_combined_review_candidates.csv,218,b144452455dfc3bcfe288f6b3e714890b3b7b31d,feature,no,,503_to_113,feature_not_retained_reason_missing,decision_only_reason_missing,"The keep decision was recorded without a specific exclusion reason; missing tests, relationship ambiguity, or insufficient quantum scope must not be inferred.",
qiskit_nature_511_512,,qiskit-community/qiskit-nature,https://github.com/qiskit-community/qiskit-nature/issues/511,https://github.com/qiskit-community/qiskit-nature/pull/512,preprocessing/result/qiskit_nature_combined_review_candidates.csv,219,b144452455dfc3bcfe288f6b3e714890b3b7b31d,bugfix,,,503_to_113,bugfix,recorded_issue_label,Recorded issue_label classification.,
qiskit_nature_460_482,61,qiskit-community/qiskit-nature,https://github.com/qiskit-community/qiskit-nature/issues/460,https://github.com/qiskit-community/qiskit-nature/pull/482,preprocessing/result/qiskit_nature_combined_review_candidates.csv,220,b144452455dfc3bcfe288f6b3e714890b3b7b31d,feature,yes,completed,retained,retained,dataset_index_and_completed_status,,"Benchmark sample completed with case-level Docker validation recorded in benchmark/dataset/samples/qiskit-nature/qiskit_nature_460_482/sample.json. Task fields were re-checked against Build_Docker_WORKFLOW.md with no deliberate scope exclusions. Fail-pass uses 16 QuadraticHamiltonian selectors from test_quadratic_hamiltonian.py covering construction, validation, fermionic conversion, particle-number conservation, and Bogoliubov diagonalization for both conserving and nonconserving cases. Pass-pass uses 6 adjacent base-native FermionicOp selectors from test_fermionic_op.py covering multi-term construction, term iteration, register-length inference, addition, matmul, and matrix conversion. Stability checks: patched fail-pass passed 3/3, base fail-pass failed 3/3 with stable ImportError because qiskit_nature.operators.second_quantization does not expose QuadraticHamiltonian, and patched/base pass-pass both passed 3/3. Golden patch scope is qiskit_nature/operators/second_quantization/__init__.py and quadratic_hamiltonian.py. Formal validation: patched fail-pass 16 selectors passed in 46.52s wall; patched pass-pass 6 selectors passed in 16.29s wall; base fail-pass 16 selectors failed in 48.11s wall; base pass-pass 6 selectors passed in 20.08s wall. Final image sha256:37e24053c98b1809e946f09611d67d5c7960d6108fdf3012753bf22c2cc39b81, size 1082572454 bytes."
qiskit_nature_368_374,,qiskit-community/qiskit-nature,https://github.com/qiskit-community/qiskit-nature/issues/368,https://github.com/qiskit-community/qiskit-nature/pull/374,preprocessing/result/qiskit_nature_combined_review_candidates.csv,221,b144452455dfc3bcfe288f6b3e714890b3b7b31d,bugfix,,,503_to_113,bugfix,recorded_issue_label,Recorded issue_label classification.,
qiskit_nature_129_341,48,qiskit-community/qiskit-nature,https://github.com/qiskit-community/qiskit-nature/issues/129,https://github.com/qiskit-community/qiskit-nature/pull/341,preprocessing/result/qiskit_nature_combined_review_candidates.csv,222,b144452455dfc3bcfe288f6b3e714890b3b7b31d,feature,yes,completed,retained,retained,dataset_index_and_completed_status,,"Benchmark sample completed with case-level Docker validation recorded in benchmark/dataset/samples/qiskit-nature/qiskit_nature_129_341/sample.json. Issue #129 is broader than this PR; task fields were re-checked against Build_Docker_WORKFLOW.md and deliberately scoped to the PR-covered FermionicOp.to_matrix enhancement, excluding the issue's hermiticity, commutator, and separate sparse-matrix API ideas because they are not implemented or fail-pass-validated by PR #341. Fail-pass uses the single PR-added selector test/operators/second_quantization/test_fermionic_op.py::TestFermionicOp::test_to_matrix; patched passed 3/3 and base failed 3/3 with stable AttributeError because FermionicOp lacks to_matrix. Pass-pass uses 5 adjacent base-native FermionicOp selectors: test_init_multiterm, test_add, test_matmul_multi, test_reduce, and test_hermiticity; patched/base both passed 3/3. Golden patch scope is qiskit_nature/operators/second_quantization/fermionic_op.py. Formal validation: patched fail-pass 1 selector passed in 5.46s wall; patched pass-pass 5 selectors passed in 19.15s wall; base fail-pass 1 selector failed in 8.27s wall; base pass-pass 5 selectors passed in 18.26s wall. Final image sha256:4fc3cf011a2781a7440cfb42ab7a4656052ac34c8cdc5e967bba6a50d2b944af, size 1104820868 bytes."
qiskit_nature_345_353,,qiskit-community/qiskit-nature,https://github.com/qiskit-community/qiskit-nature/issues/345,https://github.com/qiskit-community/qiskit-nature/pull/353,preprocessing/result/qiskit_nature_combined_review_candidates.csv,223,b144452455dfc3bcfe288f6b3e714890b3b7b31d,bugfix,,,503_to_113,bugfix,recorded_issue_label,Recorded issue_label classification.,
qiskit_nature_309_310,,qiskit-community/qiskit-nature,https://github.com/qiskit-community/qiskit-nature/issues/309,https://github.com/qiskit-community/qiskit-nature/pull/310,preprocessing/result/qiskit_nature_combined_review_candidates.csv,224,b144452455dfc3bcfe288f6b3e714890b3b7b31d,feature,no,,503_to_113,feature_not_retained_reason_missing,decision_only_reason_missing,"The keep decision was recorded without a specific exclusion reason; missing tests, relationship ambiguity, or insufficient quantum scope must not be inferred.",
qiskit_nature_234_314,,qiskit-community/qiskit-nature,https://github.com/qiskit-community/qiskit-nature/issues/234,https://github.com/qiskit-community/qiskit-nature/pull/314,preprocessing/result/qiskit_nature_combined_review_candidates.csv,225,b144452455dfc3bcfe288f6b3e714890b3b7b31d,other,,,503_to_113,other,recorded_issue_label,Recorded issue_label classification; no finer reason was saved for other.,
qiskit_nature_302_303,,qiskit-community/qiskit-nature,https://github.com/qiskit-community/qiskit-nature/issues/302,https://github.com/qiskit-community/qiskit-nature/pull/303,preprocessing/result/qiskit_nature_combined_review_candidates.csv,226,b144452455dfc3bcfe288f6b3e714890b3b7b31d,feature,no,,503_to_113,feature_not_retained_reason_missing,decision_only_reason_missing,"The keep decision was recorded without a specific exclusion reason; missing tests, relationship ambiguity, or insufficient quantum scope must not be inferred.",
qiskit_nature_26_406,,qiskit-community/qiskit-nature,https://github.com/qiskit-community/qiskit-nature/issues/26,https://github.com/qiskit-community/qiskit-nature/pull/406,preprocessing/result/qiskit_nature_combined_review_candidates.csv,227,b144452455dfc3bcfe288f6b3e714890b3b7b31d,feature,no,,503_to_113,feature_not_retained_reason_missing,decision_only_reason_missing,"The keep decision was recorded without a specific exclusion reason; missing tests, relationship ambiguity, or insufficient quantum scope must not be inferred.",
qiskit_nature_9_232,94,qiskit-community/qiskit-nature,https://github.com/qiskit-community/qiskit-nature/issues/9,https://github.com/qiskit-community/qiskit-nature/pull/232,preprocessing/result/qiskit_nature_combined_review_candidates.csv,228,b144452455dfc3bcfe288f6b3e714890b3b7b31d,feature,yes,completed,retained,retained,dataset_index_and_completed_status,,Built benchmark-qiskit_nature_9_232:latest. Fail-pass: 3 BKSF mapper selectors. Pass-pass: 5 adjacent mapper selectors. Base fail-pass fails stably because BravyiKitaevSuperFastMapper is missing from qiskit_nature.mappers.second_quantization. No deliberate scope exclusions.
qiskit_nature_225_230,,qiskit-community/qiskit-nature,https://github.com/qiskit-community/qiskit-nature/issues/225,https://github.com/qiskit-community/qiskit-nature/pull/230,preprocessing/result/qiskit_nature_combined_review_candidates.csv,229,b144452455dfc3bcfe288f6b3e714890b3b7b31d,bugfix,,,503_to_113,bugfix,recorded_issue_label,Recorded issue_label classification.,
qiskit_nature_167_220,50,qiskit-community/qiskit-nature,https://github.com/qiskit-community/qiskit-nature/issues/167,https://github.com/qiskit-community/qiskit-nature/pull/220,preprocessing/result/qiskit_nature_combined_review_candidates.csv,230,b144452455dfc3bcfe288f6b3e714890b3b7b31d,feature,yes,completed,retained,retained,dataset_index_and_completed_status,,"Built benchmark-qiskit_nature_167_220:latest. Fail-pass: 3 electronic Property selectors for ParticleNumber, Magnetization, and AngularMomentum. Pass-pass: 5 adjacent electronic-structure and ground-state operator-evaluation selectors. Base fail-pass fails stably because qiskit_nature.properties does not exist on base. Deliberately narrowed task/golden scope to the reusable electronic Property slice of the larger PR."
qiskit_nature_148_220,,qiskit-community/qiskit-nature,https://github.com/qiskit-community/qiskit-nature/issues/148,https://github.com/qiskit-community/qiskit-nature/pull/220,preprocessing/result/qiskit_nature_combined_review_candidates.csv,231,b144452455dfc3bcfe288f6b3e714890b3b7b31d,other,,,503_to_113,other,recorded_issue_label,Recorded issue_label classification; no finer reason was saved for other.,
qiskit_nature_243_263,53,qiskit-community/qiskit-nature,https://github.com/qiskit-community/qiskit-nature/issues/243,https://github.com/qiskit-community/qiskit-nature/pull/263,preprocessing/result/qiskit_nature_combined_review_candidates.csv,232,b144452455dfc3bcfe288f6b3e714890b3b7b31d,feature,yes,completed,retained,retained,dataset_index_and_completed_status,,Built benchmark-qiskit_nature_243_263:latest. Fail-pass: 4 IntegralProperty selectors. Pass-pass: 6 adjacent one-body/two-body electronic-integrals selectors. Base fail-pass fails stably because IntegralProperty is not exported from qiskit_nature.properties.second_quantization.electronic.integrals on base. Deliberately narrowed scope to the IntegralProperty slice of the larger modular driver-result PR.
qiskit_nature_148_263,,qiskit-community/qiskit-nature,https://github.com/qiskit-community/qiskit-nature/issues/148,https://github.com/qiskit-community/qiskit-nature/pull/263,preprocessing/result/qiskit_nature_combined_review_candidates.csv,233,b144452455dfc3bcfe288f6b3e714890b3b7b31d,other,,,503_to_113,other,recorded_issue_label,Recorded issue_label classification; no finer reason was saved for other.,
qiskit_nature_264_263,,qiskit-community/qiskit-nature,https://github.com/qiskit-community/qiskit-nature/issues/264,https://github.com/qiskit-community/qiskit-nature/pull/263,preprocessing/result/qiskit_nature_combined_review_candidates.csv,234,b144452455dfc3bcfe288f6b3e714890b3b7b31d,feature,no,,503_to_113,feature_not_retained_reason_missing,decision_only_reason_missing,"The keep decision was recorded without a specific exclusion reason; missing tests, relationship ambiguity, or insufficient quantum scope must not be inferred.",
qiskit_nature_192_195,,qiskit-community/qiskit-nature,https://github.com/qiskit-community/qiskit-nature/issues/192,https://github.com/qiskit-community/qiskit-nature/pull/195,preprocessing/result/qiskit_nature_combined_review_candidates.csv,235,b144452455dfc3bcfe288f6b3e714890b3b7b31d,bugfix,,,503_to_113,bugfix,recorded_issue_label,Recorded issue_label classification.,
qiskit_nature_153_170,,qiskit-community/qiskit-nature,https://github.com/qiskit-community/qiskit-nature/issues/153,https://github.com/qiskit-community/qiskit-nature/pull/170,preprocessing/result/qiskit_nature_combined_review_candidates.csv,236,b144452455dfc3bcfe288f6b3e714890b3b7b31d,bugfix,,,503_to_113,bugfix,recorded_issue_label,Recorded issue_label classification.,
qiskit_nature_129_161,47,qiskit-community/qiskit-nature,https://github.com/qiskit-community/qiskit-nature/issues/129,https://github.com/qiskit-community/qiskit-nature/pull/161,preprocessing/result/qiskit_nature_combined_review_candidates.csv,237,b144452455dfc3bcfe288f6b3e714890b3b7b31d,feature,yes,completed,retained,retained,dataset_index_and_completed_status,,"Built benchmark-qiskit_nature_129_161:latest. Fail-pass: 3 hermiticity selectors across FermionicOp, SpinOp, and VibrationalOp. Pass-pass: 6 adjacent operator algebra selectors across the same operator families. Base fail-pass fails stably with AttributeError because is_hermitian is missing on base. Deliberately narrowed the broader issue scope to the SecondQuantizedOp hermiticity-check slice."
qiskit_nature_166_180,,qiskit-community/qiskit-nature,https://github.com/qiskit-community/qiskit-nature/issues/166,https://github.com/qiskit-community/qiskit-nature/pull/180,preprocessing/result/qiskit_nature_combined_review_candidates.csv,238,b144452455dfc3bcfe288f6b3e714890b3b7b31d,feature,no,,503_to_113,feature_not_retained_reason_missing,decision_only_reason_missing,"The keep decision was recorded without a specific exclusion reason; missing tests, relationship ambiguity, or insufficient quantum scope must not be inferred.",
qiskit_nature_29_180,,qiskit-community/qiskit-nature,https://github.com/qiskit-community/qiskit-nature/issues/29,https://github.com/qiskit-community/qiskit-nature/pull/180,preprocessing/result/qiskit_nature_combined_review_candidates.csv,239,b144452455dfc3bcfe288f6b3e714890b3b7b31d,feature,no,,503_to_113,feature_not_retained_reason_missing,decision_only_reason_missing,"The keep decision was recorded without a specific exclusion reason; missing tests, relationship ambiguity, or insufficient quantum scope must not be inferred.",
qiskit_nature_166_173,,qiskit-community/qiskit-nature,https://github.com/qiskit-community/qiskit-nature/issues/166,https://github.com/qiskit-community/qiskit-nature/pull/173,preprocessing/result/qiskit_nature_combined_review_candidates.csv,240,b144452455dfc3bcfe288f6b3e714890b3b7b31d,refactor,,,503_to_113,refactor,recorded_issue_label,Recorded issue_label classification.,
qiskit_nature_83_87,,qiskit-community/qiskit-nature,https://github.com/qiskit-community/qiskit-nature/issues/83,https://github.com/qiskit-community/qiskit-nature/pull/87,preprocessing/result/qiskit_nature_combined_review_candidates.csv,241,b144452455dfc3bcfe288f6b3e714890b3b7b31d,feature,no,,503_to_113,feature_not_retained_reason_missing,decision_only_reason_missing,"The keep decision was recorded without a specific exclusion reason; missing tests, relationship ambiguity, or insufficient quantum scope must not be inferred.",
qiskit_nature_42_49,59,qiskit-community/qiskit-nature,https://github.com/qiskit-community/qiskit-nature/issues/42,https://github.com/qiskit-community/qiskit-nature/pull/49,preprocessing/result/qiskit_nature_combined_review_candidates.csv,242,b144452455dfc3bcfe288f6b3e714890b3b7b31d,feature,yes,completed,retained,retained,dataset_index_and_completed_status,,Scoped to MolecularProblem.second_q_ops with and without ActiveSpaceTransformer. Base fail-pass stably fails because qiskit_nature.problems is absent on base; pinned qiskit-aqua==0.9.5 to match the historical environment.
qiskit_nature_45_50,60,qiskit-community/qiskit-nature,https://github.com/qiskit-community/qiskit-nature/issues/45,https://github.com/qiskit-community/qiskit-nature/pull/50,preprocessing/result/qiskit_nature_combined_review_candidates.csv,243,b144452455dfc3bcfe288f6b3e714890b3b7b31d,feature,yes,completed,retained,retained,dataset_index_and_completed_status,,Built benchmark-qiskit_nature_45_50:latest. Scoped to ActiveSpaceTransformer.transform over QMolecule active-space reduction. Fail-pass: 5 ActiveSpaceTransformer selectors. Pass-pass: 6 nearby HDF5Driver and QMolecule save-load selectors. Base fail-pass fails stably with ModuleNotFoundError because qiskit_nature.transformers is absent on base.
qiskit_nature_13_50,,qiskit-community/qiskit-nature,https://github.com/qiskit-community/qiskit-nature/issues/13,https://github.com/qiskit-community/qiskit-nature/pull/50,preprocessing/result/qiskit_nature_combined_review_candidates.csv,244,b144452455dfc3bcfe288f6b3e714890b3b7b31d,refactor,,,503_to_113,refactor,recorded_issue_label,Recorded issue_label classification.,
qiskit_nature_22_35,52,qiskit-community/qiskit-nature,https://github.com/qiskit-community/qiskit-nature/issues/22,https://github.com/qiskit-community/qiskit-nature/pull/35,preprocessing/result/qiskit_nature_combined_review_candidates.csv,245,b144452455dfc3bcfe288f6b3e714890b3b7b31d,feature,yes,completed,retained,retained,dataset_index_and_completed_status,,"Built benchmark-qiskit_nature_22_35:latest. Scoped to SpinOp label construction and matrix conversion. Fail-pass: 5 SpinOp selectors covering sparse labels, dense labels, plus/minus labels, qutrit matrix conversion, and Pauli consistency. Pass-pass: 6 adjacent FermionicOp algebra selectors. Base fail-pass fails stably with ImportError because SpinOp is not exported from qiskit_nature.operators on base. Added a compatibility shim for qiskit.algorithms.variational_forms to match the historical Qiskit environment expected by this 2021 sample."
qiskit_nature_3_25,58,qiskit-community/qiskit-nature,https://github.com/qiskit-community/qiskit-nature/issues/3,https://github.com/qiskit-community/qiskit-nature/pull/25,preprocessing/result/qiskit_nature_combined_review_candidates.csv,246,b144452455dfc3bcfe288f6b3e714890b3b7b31d,feature,yes,completed,retained,retained,dataset_index_and_completed_status,,"Built benchmark-qiskit_nature_3_25:latest. Scoped to introducing the label-based FermionicOp abstraction and its core algebra entry points. Fail-pass: 6 selectors from test/operators/test_fermionic_op.py covering multi-term construction, invalid labels, scalar multiplication, addition, composition, and reduce. Pass-pass: 5 stable adjacent selectors from legacy FermionicOperator and FermionicTransformation behavior. Base fail-pass fails stably with ImportError because FermionicOp is not exported from qiskit_nature.operators on base. Added pyscf==2.2.1 plus the same qiskit.algorithms.variational_forms compatibility shim used for nearby 2021 samples to align the historical Qiskit environment."
qiskit_optimization_681_682,,qiskit-community/qiskit-optimization,https://github.com/qiskit-community/qiskit-optimization/issues/681,https://github.com/qiskit-community/qiskit-optimization/pull/682,preprocessing/result/qiskit_optimization_combined_review_candidates.csv,1,b144452455dfc3bcfe288f6b3e714890b3b7b31d,bugfix,,,503_to_113,bugfix,recorded_issue_label,Recorded issue_label classification.,
qiskit_optimization_657_639,,qiskit-community/qiskit-optimization,https://github.com/qiskit-community/qiskit-optimization/issues/657,https://github.com/qiskit-community/qiskit-optimization/pull/639,preprocessing/result/qiskit_optimization_combined_review_candidates.csv,2,b144452455dfc3bcfe288f6b3e714890b3b7b31d,refactor,,,503_to_113,refactor,recorded_issue_label,Recorded issue_label classification.,
qiskit_optimization_626_627,,qiskit-community/qiskit-optimization,https://github.com/qiskit-community/qiskit-optimization/issues/626,https://github.com/qiskit-community/qiskit-optimization/pull/627,preprocessing/result/qiskit_optimization_combined_review_candidates.csv,3,b144452455dfc3bcfe288f6b3e714890b3b7b31d,bugfix,,,503_to_113,bugfix,recorded_issue_label,Recorded issue_label classification.,
qiskit_optimization_628_646,102,qiskit-community/qiskit-optimization,https://github.com/qiskit-community/qiskit-optimization/issues/628,https://github.com/qiskit-community/qiskit-optimization/pull/646,preprocessing/result/qiskit_optimization_combined_review_candidates.csv,4,b144452455dfc3bcfe288f6b3e714890b3b7b31d,feature,yes,completed,retained,retained,dataset_index_and_completed_status,,"Converted from file-level to case-level selectors. Fail-pass is the custom-graph TSP quadratic-program case, which patched passes 3x and base fails 3x with KeyError for missing edge (0, 2). Pass-pass narrowed to five adjacent complete-graph TSP/application quadratic-program or interpret cases with no skipped/xfailed/not-run items and passes 3x on both base and patched. Formal validation: patched fail-pass 1 passed in 18.36s, patched pass-pass 5 passed in 17.52s, base fail-pass target KeyError in 28.74s, base pass-pass 5 passed in 38.75s. Final image sha256:a527b63022367f1a964dba412e70d3887ad93a07cd0c39c1f81034436c7a44d2, size 1054024299 bytes. Pass-pass review update: Expanded pass-pass from 5 to 10 related TSP/VehicleRouting/application selectors. Formal pass-pass: patched 10 passed in 2.22s; base 10 passed in 2.87s."
qiskit_optimization_587_672,,qiskit-community/qiskit-optimization,https://github.com/qiskit-community/qiskit-optimization/issues/587,https://github.com/qiskit-community/qiskit-optimization/pull/672,preprocessing/result/qiskit_optimization_combined_review_candidates.csv,5,b144452455dfc3bcfe288f6b3e714890b3b7b31d,feature,maybe,,503_to_113,feature_maybe_not_retained_reason_missing,decision_only_reason_missing,"The keep decision was recorded without a specific exclusion reason; missing tests, relationship ambiguity, or insufficient quantum scope must not be inferred.",
qiskit_optimization_525_553,,qiskit-community/qiskit-optimization,https://github.com/qiskit-community/qiskit-optimization/issues/525,https://github.com/qiskit-community/qiskit-optimization/pull/553,preprocessing/result/qiskit_optimization_combined_review_candidates.csv,6,b144452455dfc3bcfe288f6b3e714890b3b7b31d,other,,,503_to_113,other,recorded_issue_label,Recorded issue_label classification; no finer reason was saved for other.,
qiskit_optimization_494_495,,qiskit-community/qiskit-optimization,https://github.com/qiskit-community/qiskit-optimization/issues/494,https://github.com/qiskit-community/qiskit-optimization/pull/495,preprocessing/result/qiskit_optimization_combined_review_candidates.csv,7,b144452455dfc3bcfe288f6b3e714890b3b7b31d,refactor,,,503_to_113,refactor,recorded_issue_label,Recorded issue_label classification.,
qiskit_optimization_473_487,101,qiskit-community/qiskit-optimization,https://github.com/qiskit-community/qiskit-optimization/issues/473,https://github.com/qiskit-community/qiskit-optimization/pull/487,preprocessing/result/qiskit_optimization_combined_review_candidates.csv,8,b144452455dfc3bcfe288f6b3e714890b3b7b31d,feature,yes,completed,retained,retained,dataset_index_and_completed_status,,"Converted from file-level QRAO tests to eight case-level selectors covering encoding, unsupported encoding, commutation verification, magic rounding, optimizer solve/relaxed solve, and semideterministic rounding. Added five case-level pass-pass selectors from existing min-eigen optimizer, optimization result, knapsack, max-cut, and converter behavior because the original pass-pass set was empty. Stability passed 3x: patched fail-pass pass, base fail-pass fails by missing qiskit_optimization.algorithms.qrao, patched/base pass-pass pass with no skipped/xfailed/not-run items. Formal validation: patched fail-pass 8 passed in 28.51s, patched pass-pass 5 passed in 26.84s, base fail-pass target ModuleNotFoundError collection failure in 21.34s, base pass-pass 5 passed in 24.55s. Final image sha256:98c71300d39a65ef582a02ff6e4fe2f4f9995a01ab4c5d54f708783c7b1b4084, size 1053928783 bytes. Pass-pass review update: Expanded pass-pass from 5 to 11 related optimizer/result/application/converter selectors. Formal pass-pass: patched 11 passed in 1.83s; base 11 passed in 2.19s."
qiskit_optimization_408_422,,qiskit-community/qiskit-optimization,https://github.com/qiskit-community/qiskit-optimization/issues/408,https://github.com/qiskit-community/qiskit-optimization/pull/422,preprocessing/result/qiskit_optimization_combined_review_candidates.csv,9,b144452455dfc3bcfe288f6b3e714890b3b7b31d,bugfix,,,503_to_113,bugfix,recorded_issue_label,Recorded issue_label classification.,
qiskit_optimization_326_327,,qiskit-community/qiskit-optimization,https://github.com/qiskit-community/qiskit-optimization/issues/326,https://github.com/qiskit-community/qiskit-optimization/pull/327,preprocessing/result/qiskit_optimization_combined_review_candidates.csv,10,b144452455dfc3bcfe288f6b3e714890b3b7b31d,bugfix,,,503_to_113,bugfix,recorded_issue_label,Recorded issue_label classification.,
qiskit_optimization_354_356,,qiskit-community/qiskit-optimization,https://github.com/qiskit-community/qiskit-optimization/issues/354,https://github.com/qiskit-community/qiskit-optimization/pull/356,preprocessing/result/qiskit_optimization_combined_review_candidates.csv,11,b144452455dfc3bcfe288f6b3e714890b3b7b31d,bugfix,,,503_to_113,bugfix,recorded_issue_label,Recorded issue_label classification.,
qiskit_optimization_241_244,,qiskit-community/qiskit-optimization,https://github.com/qiskit-community/qiskit-optimization/issues/241,https://github.com/qiskit-community/qiskit-optimization/pull/244,preprocessing/result/qiskit_optimization_combined_review_candidates.csv,12,b144452455dfc3bcfe288f6b3e714890b3b7b31d,other,,,503_to_113,other,recorded_issue_label,Recorded issue_label classification; no finer reason was saved for other.,
qiskit_optimization_227_230,,qiskit-community/qiskit-optimization,https://github.com/qiskit-community/qiskit-optimization/issues/227,https://github.com/qiskit-community/qiskit-optimization/pull/230,preprocessing/result/qiskit_optimization_combined_review_candidates.csv,13,b144452455dfc3bcfe288f6b3e714890b3b7b31d,bugfix,,,503_to_113,bugfix,recorded_issue_label,Recorded issue_label classification.,
qiskit_optimization_222_223,,qiskit-community/qiskit-optimization,https://github.com/qiskit-community/qiskit-optimization/issues/222,https://github.com/qiskit-community/qiskit-optimization/pull/223,preprocessing/result/qiskit_optimization_combined_review_candidates.csv,14,b144452455dfc3bcfe288f6b3e714890b3b7b31d,bugfix,,,503_to_113,bugfix,recorded_issue_label,Recorded issue_label classification.,
qiskit_optimization_177_180,,qiskit-community/qiskit-optimization,https://github.com/qiskit-community/qiskit-optimization/issues/177,https://github.com/qiskit-community/qiskit-optimization/pull/180,preprocessing/result/qiskit_optimization_combined_review_candidates.csv,15,b144452455dfc3bcfe288f6b3e714890b3b7b31d,refactor,,,503_to_113,refactor,recorded_issue_label,Recorded issue_label classification.,
qiskit_optimization_168_167,,qiskit-community/qiskit-optimization,https://github.com/qiskit-community/qiskit-optimization/issues/168,https://github.com/qiskit-community/qiskit-optimization/pull/167,preprocessing/result/qiskit_optimization_combined_review_candidates.csv,16,b144452455dfc3bcfe288f6b3e714890b3b7b31d,other,,,503_to_113,other,recorded_issue_label,Recorded issue_label classification; no finer reason was saved for other.,
qiskit_optimization_143_144,,qiskit-community/qiskit-optimization,https://github.com/qiskit-community/qiskit-optimization/issues/143,https://github.com/qiskit-community/qiskit-optimization/pull/144,preprocessing/result/qiskit_optimization_combined_review_candidates.csv,17,b144452455dfc3bcfe288f6b3e714890b3b7b31d,bugfix,,,503_to_113,bugfix,recorded_issue_label,Recorded issue_label classification.,
qiskit_optimization_138_136,,qiskit-community/qiskit-optimization,https://github.com/qiskit-community/qiskit-optimization/issues/138,https://github.com/qiskit-community/qiskit-optimization/pull/136,preprocessing/result/qiskit_optimization_combined_review_candidates.csv,18,b144452455dfc3bcfe288f6b3e714890b3b7b31d,other,,,503_to_113,other,recorded_issue_label,Recorded issue_label classification; no finer reason was saved for other.,
qiskit_optimization_133_139,95,qiskit-community/qiskit-optimization,https://github.com/qiskit-community/qiskit-optimization/issues/133,https://github.com/qiskit-community/qiskit-optimization/pull/139,preprocessing/result/qiskit_optimization_combined_review_candidates.csv,19,b144452455dfc3bcfe288f6b3e714890b3b7b31d,feature,yes,completed,retained,retained,dataset_index_and_completed_status,,"Converted from file-level to case-level selectors. Fail-pass is one CplexOptimizer no-solution case that exercises the new cplex_parameters API; patched passes 3x and base fails 3x with TypeError because CplexOptimizer.__init__ does not accept cplex_parameters. Pass-pass narrowed to four adjacent CPLEX/COBYLA/SLSQP optimizer cases with no skipped/xfailed/not-run items and passes 3x on both base and patched. Formal validation: patched fail-pass 1 passed in 13.57s, patched pass-pass 4 passed in 17.20s, base fail-pass target TypeError in 17.10s, base pass-pass 4 passed in 19.41s. Final image sha256:83be881eeb175a12ff7be816cdd19a66f9c67584667203aa4cffb618c48e0bba, size 990043436 bytes. Pass-pass review update: Expanded pass-pass from 4 to 6 related CPLEX/COBYLA/SLSQP selectors. Formal pass-pass: patched 6 passed in 1.97s; base 6 passed in 1.78s."
qiskit_optimization_106_115,,qiskit-community/qiskit-optimization,https://github.com/qiskit-community/qiskit-optimization/issues/106,https://github.com/qiskit-community/qiskit-optimization/pull/115,preprocessing/result/qiskit_optimization_combined_review_candidates.csv,20,b144452455dfc3bcfe288f6b3e714890b3b7b31d,bugfix,,,503_to_113,bugfix,recorded_issue_label,Recorded issue_label classification.,
qiskit_optimization_92_97,,qiskit-community/qiskit-optimization,https://github.com/qiskit-community/qiskit-optimization/issues/92,https://github.com/qiskit-community/qiskit-optimization/pull/97,preprocessing/result/qiskit_optimization_combined_review_candidates.csv,21,b144452455dfc3bcfe288f6b3e714890b3b7b31d,bugfix,,,503_to_113,bugfix,recorded_issue_label,Recorded issue_label classification.,
qiskit_optimization_88_96,,qiskit-community/qiskit-optimization,https://github.com/qiskit-community/qiskit-optimization/issues/88,https://github.com/qiskit-community/qiskit-optimization/pull/96,preprocessing/result/qiskit_optimization_combined_review_candidates.csv,22,b144452455dfc3bcfe288f6b3e714890b3b7b31d,bugfix,,,503_to_113,bugfix,recorded_issue_label,Recorded issue_label classification.,
qiskit_optimization_80_122,103,qiskit-community/qiskit-optimization,https://github.com/qiskit-community/qiskit-optimization/issues/80,https://github.com/qiskit-community/qiskit-optimization/pull/122,preprocessing/result/qiskit_optimization_combined_review_candidates.csv,23,b144452455dfc3bcfe288f6b3e714890b3b7b31d,feature,yes,completed,retained,retained,dataset_index_and_completed_status,,"Migrated qiskit_optimization_80_122 to case-level selectors. Fail-pass is the added DOcplex MP translator test and is stable fail-to-pass: patched 3/3 pass, base 3/3 fails because base lacks qiskit_optimization.translators. Pass-pass uses three native QuadraticProgram cases that pass 3/3 on both base and patched with no skips/xfails. Excluded test/translators/test_gurobi.py because gurobipy is unavailable and the case is skipped, so task scope was narrowed to DOcplex MP translator behavior. Excluded legacy QuadraticProgram docplex compatibility test from fail-pass because it is not a clear fail-to-pass selector. Formal validation: patched fail-pass 1 passed in 9.15s, patched pass-pass 3 passed in 11.71s, base fail-pass target ModuleNotFoundError in 13.42s, base pass-pass 3 passed in 14.65s. Final image sha256:42bd7f0827488a01dbddbb76b7ba205f453165862c4eb76505afd21c223226e3, size 850152013 bytes. Pass-pass review update: Expanded pass-pass from 3 to 7 related QuadraticProgram selectors. Formal pass-pass: patched 7 passed in 1.56s; base 7 passed in 1.36s."
qiskit_optimization_55_58,,qiskit-community/qiskit-optimization,https://github.com/qiskit-community/qiskit-optimization/issues/55,https://github.com/qiskit-community/qiskit-optimization/pull/58,preprocessing/result/qiskit_optimization_combined_review_candidates.csv,24,b144452455dfc3bcfe288f6b3e714890b3b7b31d,other,,,503_to_113,other,recorded_issue_label,Recorded issue_label classification; no finer reason was saved for other.,
qiskit_optimization_77_370,,qiskit-community/qiskit-optimization,https://github.com/qiskit-community/qiskit-optimization/issues/77,https://github.com/qiskit-community/qiskit-optimization/pull/370,preprocessing/result/qiskit_optimization_combined_review_candidates.csv,25,b144452455dfc3bcfe288f6b3e714890b3b7b31d,feature,no,,503_to_113,feature_not_retained_reason_missing,decision_only_reason_missing,"The keep decision was recorded without a specific exclusion reason; missing tests, relationship ambiguity, or insufficient quantum scope must not be inferred.",
qiskit_optimization_41_114,98,qiskit-community/qiskit-optimization,https://github.com/qiskit-community/qiskit-optimization/issues/41,https://github.com/qiskit-community/qiskit-optimization/pull/114,preprocessing/result/qiskit_optimization_combined_review_candidates.csv,26,b144452455dfc3bcfe288f6b3e714890b3b7b31d,feature,yes,completed,retained,retained,dataset_index_and_completed_status,,"Migrated qiskit_optimization_41_114 from file-level to case-level selectors. Fail-pass uses 5 PR-modified/new nodeids covering MaximizeToMinimize, QuadraticProgramToQubo default max-to-min behavior, Grover converter lists, and MinimumEigenOptimizer max-sense sample handling; patched passed 3/3 and base failed 3/3 via missing MaximizeToMinimize import/collection errors. Pass-pass uses 4 adjacent native nodeids that passed 3/3 on both base and patched with no skipped/xfailed/not-run cases. Excluded skipped fail-pass/pass-pass candidates and tightened task scope accordingly. Formal validation: patched fail-pass 5 passed in 10.49s, patched pass-pass 4 passed in 9.88s, base fail-pass 5 collection errors in 11.28s, base pass-pass 4 passed in 12.44s. Final image sha256:1fbc9f3a42cc4df93e6b3fcc7915cfa72ceba16a1ffec45151c67d5537ce9577, size 1043199657 bytes. Pass-pass review update: Expanded pass-pass from 4 to 9 related converter/optimizer selectors. Formal pass-pass: patched 9 passed in 2.89s; base 9 passed in 3.69s."
qiskit_optimization_40_157,97,qiskit-community/qiskit-optimization,https://github.com/qiskit-community/qiskit-optimization/issues/40,https://github.com/qiskit-community/qiskit-optimization/pull/157,preprocessing/result/qiskit_optimization_combined_review_candidates.csv,27,b144452455dfc3bcfe288f6b3e714890b3b7b31d,feature,yes,completed,retained,retained,dataset_index_and_completed_status,,"Migrated qiskit_optimization_40_157 from file-level selectors to case-level pytest nodeids. Fail-pass uses all 9 PR-added LinearInequalityToPenalty test methods; patched passes 3/3 and base fails 3/3 with the expected missing LinearInequalityToPenalty import/export behavior. Pass-pass narrowed from broad files with a skipped case to 7 adjacent converter/flip-sense nodeids that pass 3/3 on both base and patched with no skipped/xfailed/not-run cases. Formal validation: patched fail-pass 9 passed in 10.77s, patched pass-pass 7 passed in 12.85s, base fail-pass 9 collection errors in 11.50s, base pass-pass 7 passed in 13.06s. Final image sha256:2d55218f6c44f97867c08d4af920ce1c94c4b7c0423fa58b4a4ea9c270936474, size 994748632 bytes. Pass-pass review update: Expanded pass-pass from 7 to 15 related converter/flip-problem-sense selectors. Formal pass-pass: patched 15 passed in 1.59s; base 15 passed in 2.37s."
qiskit_optimization_28_30,,qiskit-community/qiskit-optimization,https://github.com/qiskit-community/qiskit-optimization/issues/28,https://github.com/qiskit-community/qiskit-optimization/pull/30,preprocessing/result/qiskit_optimization_combined_review_candidates.csv,28,b144452455dfc3bcfe288f6b3e714890b3b7b31d,other,,,503_to_113,other,recorded_issue_label,Recorded issue_label classification; no finer reason was saved for other.,
qiskit_optimization_29_30,,qiskit-community/qiskit-optimization,https://github.com/qiskit-community/qiskit-optimization/issues/29,https://github.com/qiskit-community/qiskit-optimization/pull/30,preprocessing/result/qiskit_optimization_combined_review_candidates.csv,29,b144452455dfc3bcfe288f6b3e714890b3b7b31d,other,,,503_to_113,other,recorded_issue_label,Recorded issue_label classification; no finer reason was saved for other.,
qiskit_optimization_13_163,96,qiskit-community/qiskit-optimization,https://github.com/qiskit-community/qiskit-optimization/issues/13,https://github.com/qiskit-community/qiskit-optimization/pull/163,preprocessing/result/qiskit_optimization_combined_review_candidates.csv,30,b144452455dfc3bcfe288f6b3e714890b3b7b31d,feature,yes,completed,retained,retained,dataset_index_and_completed_status,,"Fail-pass audit correction: removed test/problems/test_quadratic_program.py::TestQuadraticProgram::test_docplex from fail-pass because it passes on base, so it is not a valid fail-to-pass selector. Final fail-pass is test/translators/test_docplex_mp.py::TestDocplexMpTranslator::test_indicator_constraints; patched passed 3/3 and base failed 3/3 with QiskitOptimizationError for unsupported indicator constraints. Task/interface/golden_patch were narrowed to the DOcplex translator path. Formal validation after rebuild: patched fail-pass 1 passed in 1.49s; patched pass-pass 9 passed in 1.56s; base fail-pass 1 failed in 1.53s; base pass-pass 9 passed in 1.52s. No formal validation command exceeded 120s. Final image sha256:708dc899c2e4c59cd66d1339a2a9275d79e9aa68dc801735a62c6d69e910bd3c."
qiskit_optimization_681_686,,qiskit-community/qiskit-optimization,https://github.com/qiskit-community/qiskit-optimization/issues/681,https://github.com/qiskit-community/qiskit-optimization/pull/686,preprocessing/result/qiskit_optimization_combined_review_candidates.csv,31,b144452455dfc3bcfe288f6b3e714890b3b7b31d,bugfix,,,503_to_113,bugfix,recorded_issue_label,Recorded issue_label classification.,
qiskit_optimization_638_671,,qiskit-community/qiskit-optimization,https://github.com/qiskit-community/qiskit-optimization/issues/638,https://github.com/qiskit-community/qiskit-optimization/pull/671,preprocessing/result/qiskit_optimization_combined_review_candidates.csv,32,b144452455dfc3bcfe288f6b3e714890b3b7b31d,refactor,,,503_to_113,refactor,recorded_issue_label,Recorded issue_label classification.,
qiskit_optimization_638_639,,qiskit-community/qiskit-optimization,https://github.com/qiskit-community/qiskit-optimization/issues/638,https://github.com/qiskit-community/qiskit-optimization/pull/639,preprocessing/result/qiskit_optimization_combined_review_candidates.csv,33,b144452455dfc3bcfe288f6b3e714890b3b7b31d,refactor,,,503_to_113,refactor,recorded_issue_label,Recorded issue_label classification.,
qiskit_optimization_10_677,,qiskit-community/qiskit-optimization,https://github.com/qiskit-community/qiskit-optimization/issues/10,https://github.com/qiskit-community/qiskit-optimization/pull/677,preprocessing/result/qiskit_optimization_combined_review_candidates.csv,34,b144452455dfc3bcfe288f6b3e714890b3b7b31d,other,,,503_to_113,other,recorded_issue_label,Recorded issue_label classification; no finer reason was saved for other.,
qiskit_optimization_626_633,,qiskit-community/qiskit-optimization,https://github.com/qiskit-community/qiskit-optimization/issues/626,https://github.com/qiskit-community/qiskit-optimization/pull/633,preprocessing/result/qiskit_optimization_combined_review_candidates.csv,35,b144452455dfc3bcfe288f6b3e714890b3b7b31d,bugfix,,,503_to_113,bugfix,recorded_issue_label,Recorded issue_label classification.,
qiskit_optimization_433_467,100,qiskit-community/qiskit-optimization,https://github.com/qiskit-community/qiskit-optimization/issues/433,https://github.com/qiskit-community/qiskit-optimization/pull/467,preprocessing/result/qiskit_optimization_combined_review_candidates.csv,36,b144452455dfc3bcfe288f6b3e714890b3b7b31d,feature,yes,completed,retained,retained,dataset_index_and_completed_status,,Built Docker sample for SparsePauliOp support in to_ising/from_ising. Fail-pass uses patched test_ising opflow=False/default warning cases; pass-pass uses native converter Ising tests. Golden patch excludes optimizer plumbing because selected validation only requires translator and QuadraticProgram entry points.
qiskit_optimization_449_451,,qiskit-community/qiskit-optimization,https://github.com/qiskit-community/qiskit-optimization/issues/449,https://github.com/qiskit-community/qiskit-optimization/pull/451,preprocessing/result/qiskit_optimization_combined_review_candidates.csv,37,b144452455dfc3bcfe288f6b3e714890b3b7b31d,feature,no,,503_to_113,feature_not_retained_reason_missing,decision_only_reason_missing,"The keep decision was recorded without a specific exclusion reason; missing tests, relationship ambiguity, or insufficient quantum scope must not be inferred.",
qiskit_optimization_8_18,104,qiskit-community/qiskit-optimization,https://github.com/qiskit-community/qiskit-optimization/issues/8,https://github.com/qiskit-community/qiskit-optimization/pull/18,preprocessing/result/qiskit_optimization_combined_review_candidates.csv,38,b144452455dfc3bcfe288f6b3e714890b3b7b31d,feature,yes,completed,retained,retained,dataset_index_and_completed_status,,"Benchmark sample completed after quantum-related feature gate check: issue is warm-start QAOA/max-cut quantum optimization workflow, not generic API plumbing. Fail-pass uses three warm-start QAOA optimizer cases; base fails during collection because the warm-start/Goemans-Williamson optimizer path is absent, patched passes 3/3. Pass-pass keeps existing MinimumEigenOptimizer and SLSQP behavior. Formal summaries: patched fail-pass 3 passed in 3.93s; patched pass-pass 3 passed in 3.07s; base fail-pass collection error missing qiskit_optimization.algorithms.goemans_williamson_optimizer; base pass-pass 3 passed in 3.35s. No formal validation command exceeded 120s. Final image sha256:4851b3dbf33b12412faa4b06cadaabc87e6002cc776af86b8f57da5ac99a0a3f."
qiskit_optimization_425_436,99,qiskit-community/qiskit-optimization,https://github.com/qiskit-community/qiskit-optimization/issues/425,https://github.com/qiskit-community/qiskit-optimization/pull/436,preprocessing/result/qiskit_optimization_combined_review_candidates.csv,39,b144452455dfc3bcfe288f6b3e714890b3b7b31d,feature,yes,completed,retained,retained,dataset_index_and_completed_status,,"Benchmark sample corrected after fail-pass audit: removed test_optimization_application.py::test_sample_most_likely_1 and ::test_sample_most_likely_3 from fail-pass because they pass on base, so they are not valid fail-to-pass selectors. Quantum-related feature gate still passes: issue is primitives/Sampler/QAOA/Grover quantum execution-path support. Final fail-pass selectors are GroverOptimizer sampler path and MinimumEigenOptimizer QAOA sampler path; patched passed 3/3 and base failed 3/3. Formal summaries after rebuild: patched fail-pass 2 passed in 22.52s; patched pass-pass 2 passed in 1.84s; base fail-pass 2 failed in 7.87s; base pass-pass 2 passed in 1.66s. No formal validation command exceeded 120s. Final image sha256:5a7fcde709d5071940adcd19d1dd73f9ea587038408afb9ea9a8d49197a3b087."
tangelo_107_115,,sandbox-quantum/Tangelo,https://github.com/sandbox-quantum/Tangelo/issues/107,https://github.com/sandbox-quantum/Tangelo/pull/115,preprocessing/result/tangelo_combined_review_candidates.csv,1,b144452455dfc3bcfe288f6b3e714890b3b7b31d,bugfix,,,503_to_113,bugfix,recorded_issue_label,Recorded issue_label classification.,
tangelo_67_88,,sandbox-quantum/Tangelo,https://github.com/sandbox-quantum/Tangelo/issues/67,https://github.com/sandbox-quantum/Tangelo/pull/88,preprocessing/result/tangelo_combined_review_candidates.csv,2,b144452455dfc3bcfe288f6b3e714890b3b7b31d,other,,,503_to_113,other,recorded_issue_label,Recorded issue_label classification; no finer reason was saved for other.,
tangelo_387_390,106,sandbox-quantum/Tangelo,https://github.com/sandbox-quantum/Tangelo/issues/387,https://github.com/sandbox-quantum/Tangelo/pull/390,preprocessing/result/tangelo_combined_review_candidates.csv,3,b144452455dfc3bcfe288f6b3e714890b3b7b31d,feature,yes,completed,retained,retained,dataset_index_and_completed_status,,"Built sample and image benchmark-tangelo_387_390:latest. Stable selectors: fail-pass test_qiskit_multi_control; pass-pass test_qiskit, test_openqasm2abs, test_unsupported_gate. Stability checks: patched fail-pass 3/3 passed, patched pass-pass 3/3 passed, base fail-pass 3/3 failed, base pass-pass 3/3 passed. Formal validation: patched fail-pass 1 passed in 3.41s (6.88s wall), patched pass-pass 3 passed in 4.39s (8.42s wall), base fail-pass 1 failed in 3.62s (10.65s wall), base pass-pass 3 passed in 3.55s (9.66s wall). No selector exclusions."
tangelo_287_288,,sandbox-quantum/Tangelo,https://github.com/sandbox-quantum/Tangelo/issues/287,https://github.com/sandbox-quantum/Tangelo/pull/288,preprocessing/result/tangelo_combined_review_candidates.csv,4,b144452455dfc3bcfe288f6b3e714890b3b7b31d,bugfix,,,503_to_113,bugfix,recorded_issue_label,Recorded issue_label classification.,
tangelo_306_318,,sandbox-quantum/Tangelo,https://github.com/sandbox-quantum/Tangelo/issues/306,https://github.com/sandbox-quantum/Tangelo/pull/318,preprocessing/result/tangelo_combined_review_candidates.csv,5,b144452455dfc3bcfe288f6b3e714890b3b7b31d,bugfix,,,503_to_113,bugfix,recorded_issue_label,Recorded issue_label classification.,
tangelo_384_398,105,sandbox-quantum/Tangelo,https://github.com/sandbox-quantum/Tangelo/issues/384,https://github.com/sandbox-quantum/Tangelo/pull/398,preprocessing/result/tangelo_combined_review_candidates.csv,6,b144452455dfc3bcfe288f6b3e714890b3b7b31d,feature,yes,completed,retained,retained,dataset_index_and_completed_status,,"Built sample and image benchmark-tangelo_384_398:latest. Stable selectors: fail-pass test_hea_circuit_variational_reference_state, test_hea_circuit_reference_state_H2; pass-pass test_hea_set_var_params, test_hea_incorrect_number_var_params, test_hea_H2. Stability checks: patched fail-pass 3/3 passed, patched pass-pass 3/3 passed, base fail-pass 3/3 failed, base pass-pass 3/3 passed. Formal validation: patched fail-pass 2 passed in 5.00s (8.73s wall), patched pass-pass 3 passed in 5.81s (9.90s wall), base fail-pass 2 failed in 5.92s (11.83s wall), base pass-pass 3 passed in 4.93s (11.50s wall). Added pyscf==2.7.0 to match molecule-backed HEA tests. Corrected base commit to PR first parent c8c9ac1 so fail-pass validates the pre-feature behavior. No selector exclusions."
tangelo_224_241,,sandbox-quantum/Tangelo,https://github.com/sandbox-quantum/Tangelo/issues/224,https://github.com/sandbox-quantum/Tangelo/pull/241,preprocessing/result/tangelo_combined_review_candidates.csv,7,b144452455dfc3bcfe288f6b3e714890b3b7b31d,bugfix,,,503_to_113,bugfix,recorded_issue_label,Recorded issue_label classification.,
